	ds	y
0	2020-08-06 09:00:00	58
1	2020-08-06 09:30:00	113
2	2020-08-06 10:00:00	4343
3	2020-08-06 10:30:00	199
4	2020-08-06 11:00:00	204
5	2020-08-06 11:30:00	254
6	2020-08-06 12:00:00	272
7	2020-08-06 12:30:00	334
8	2020-08-06 13:00:00	365
9	2020-08-06 13:30:00	476
10	2020-08-06 14:00:00	337
11	2020-08-06 14:30:00	179
12	2020-08-06 15:00:00	128
13	2020-08-06 15:30:00	118
14	2020-08-06 16:00:00	116
15	2020-08-06 16:30:00	87
16	2020-08-06 17:00:00	79
17	2020-08-06 17:30:00	78
18	2020-08-06 18:00:00	142
19	2020-08-06 18:30:00	105
20	2020-08-06 19:00:00	269
21	2020-08-06 19:30:00	248
22	2020-08-06 20:00:00	319
23	2020-08-06 20:30:00	2829
24	2020-08-06 21:00:00	118
25	2020-08-06 21:30:00	12
26	2020-08-06 22:00:00	0
27	2020-08-06 22:30:00	0
28	2020-08-06 23:00:00	0
29	2020-08-06 23:30:00	0
30	2020-08-07 00:00:00	0
31	2020-08-07 00:30:00	0
32	2020-08-07 01:00:00	0
33	2020-08-07 01:30:00	0
34	2020-08-07 02:00:00	0
35	2020-08-07 02:30:00	0
36	2020-08-07 03:00:00	0
37	2020-08-07 03:30:00	0
38	2020-08-07 04:00:00	0
39	2020-08-07 04:30:00	0
40	2020-08-07 05:00:00	0
41	2020-08-07 05:30:00	0
42	2020-08-07 06:00:00	0
43	2020-08-07 06:30:00	0
44	2020-08-07 07:00:00	0
45	2020-08-07 07:30:00	0
46	2020-08-07 08:00:00	0
47	2020-08-07 08:30:00	0
48	2020-08-07 09:00:00	53
49	2020-08-07 09:30:00	140
50	2020-08-07 10:00:00	127
51	2020-08-07 10:30:00	184
52	2020-08-07 11:00:00	231
53	2020-08-07 11:30:00	251
54	2020-08-07 12:00:00	214
55	2020-08-07 12:30:00	237
56	2020-08-07 13:00:00	168
57	2020-08-07 13:30:00	235
58	2020-08-07 14:00:00	125
59	2020-08-07 14:30:00	178
60	2020-08-07 15:00:00	171
61	2020-08-07 15:30:00	94
62	2020-08-07 16:00:00	86
63	2020-08-07 16:30:00	90
64	2020-08-07 17:00:00	39
65	2020-08-07 17:30:00	117
66	2020-08-07 18:00:00	175
67	2020-08-07 18:30:00	110
68	2020-08-07 19:00:00	110
69	2020-08-07 19:30:00	279
70	2020-08-07 20:00:00	171
71	2020-08-07 20:30:00	234
72	2020-08-07 21:00:00	84
73	2020-08-07 21:30:00	0
74	2020-08-07 22:00:00	0
75	2020-08-07 22:30:00	0
76	2020-08-07 23:00:00	0
77	2020-08-07 23:30:00	0
78	2020-08-08 00:00:00	0
79	2020-08-08 00:30:00	0
80	2020-08-08 01:00:00	0
81	2020-08-08 01:30:00	0
82	2020-08-08 02:00:00	0
83	2020-08-08 02:30:00	0
84	2020-08-08 03:00:00	0
85	2020-08-08 03:30:00	0
86	2020-08-08 04:00:00	0
87	2020-08-08 04:30:00	0
88	2020-08-08 05:00:00	0
89	2020-08-08 05:30:00	0
90	2020-08-08 06:00:00	0
91	2020-08-08 06:30:00	0
92	2020-08-08 07:00:00	0
93	2020-08-08 07:30:00	0
94	2020-08-08 08:00:00	0
95	2020-08-08 08:30:00	0
96	2020-08-08 09:00:00	7
97	2020-08-08 09:30:00	28
98	2020-08-08 10:00:00	97
99	2020-08-08 10:30:00	140
100	2020-08-08 11:00:00	152
101	2020-08-08 11:30:00	193
102	2020-08-08 12:00:00	257
103	2020-08-08 12:30:00	159
104	2020-08-08 13:00:00	213
105	2020-08-08 13:30:00	226
106	2020-08-08 14:00:00	266
107	2020-08-08 14:30:00	64
108	2020-08-08 15:00:00	37
109	2020-08-08 15:30:00	51
110	2020-08-08 16:00:00	90
111	2020-08-08 16:30:00	74
112	2020-08-08 17:00:00	31
113	2020-08-08 17:30:00	100
114	2020-08-08 18:00:00	46
115	2020-08-08 18:30:00	100
116	2020-08-08 19:00:00	174
117	2020-08-08 19:30:00	118
118	2020-08-08 20:00:00	118
119	2020-08-08 20:30:00	71
120	2020-08-08 21:00:00	92
121	2020-08-08 21:30:00	60
122	2020-08-08 22:00:00	0
123	2020-08-08 22:30:00	0
124	2020-08-08 23:00:00	0
125	2020-08-08 23:30:00	0
126	2020-08-09 00:00:00	0
127	2020-08-09 00:30:00	0
128	2020-08-09 01:00:00	0
129	2020-08-09 01:30:00	0
130	2020-08-09 02:00:00	0
131	2020-08-09 02:30:00	0
132	2020-08-09 03:00:00	0
133	2020-08-09 03:30:00	0
134	2020-08-09 04:00:00	0
135	2020-08-09 04:30:00	0
136	2020-08-09 05:00:00	0
137	2020-08-09 05:30:00	0
138	2020-08-09 06:00:00	0
139	2020-08-09 06:30:00	0
140	2020-08-09 07:00:00	0
141	2020-08-09 07:30:00	0
142	2020-08-09 08:00:00	0
143	2020-08-09 08:30:00	0
144	2020-08-09 09:00:00	30
145	2020-08-09 09:30:00	9
146	2020-08-09 10:00:00	81
147	2020-08-09 10:30:00	101
148	2020-08-09 11:00:00	178
149	2020-08-09 11:30:00	260
150	2020-08-09 12:00:00	234
151	2020-08-09 12:30:00	215
152	2020-08-09 13:00:00	250
153	2020-08-09 13:30:00	274
154	2020-08-09 14:00:00	190
155	2020-08-09 14:30:00	291
156	2020-08-09 15:00:00	102
157	2020-08-09 15:30:00	0
158	2020-08-09 16:00:00	0
159	2020-08-09 16:30:00	0
160	2020-08-09 17:00:00	0
161	2020-08-09 17:30:00	0
162	2020-08-09 18:00:00	0
163	2020-08-09 18:30:00	0
164	2020-08-09 19:00:00	0
165	2020-08-09 19:30:00	0
166	2020-08-09 20:00:00	0
167	2020-08-09 20:30:00	0
168	2020-08-09 21:00:00	0
169	2020-08-09 21:30:00	0
170	2020-08-09 22:00:00	0
171	2020-08-09 22:30:00	0
172	2020-08-09 23:00:00	0
173	2020-08-09 23:30:00	0
174	2020-08-10 00:00:00	0
175	2020-08-10 00:30:00	0
176	2020-08-10 01:00:00	0
177	2020-08-10 01:30:00	0
178	2020-08-10 02:00:00	0
179	2020-08-10 02:30:00	0
180	2020-08-10 03:00:00	0
181	2020-08-10 03:30:00	0
182	2020-08-10 04:00:00	0
183	2020-08-10 04:30:00	0
184	2020-08-10 05:00:00	0
185	2020-08-10 05:30:00	0
186	2020-08-10 06:00:00	0
187	2020-08-10 06:30:00	0
188	2020-08-10 07:00:00	0
189	2020-08-10 07:30:00	0
190	2020-08-10 08:00:00	0
191	2020-08-10 08:30:00	0
192	2020-08-10 09:00:00	1
193	2020-08-10 09:30:00	34
194	2020-08-10 10:00:00	113
195	2020-08-10 10:30:00	148
196	2020-08-10 11:00:00	96
197	2020-08-10 11:30:00	104
198	2020-08-10 12:00:00	147
199	2020-08-10 12:30:00	221
200	2020-08-10 13:00:00	256
201	2020-08-10 13:30:00	163
202	2020-08-10 14:00:00	239
203	2020-08-10 14:30:00	110
204	2020-08-10 15:00:00	83
205	2020-08-10 15:30:00	79
206	2020-08-10 16:00:00	91
207	2020-08-10 16:30:00	31
208	2020-08-10 17:00:00	49
209	2020-08-10 17:30:00	89
210	2020-08-10 18:00:00	91
211	2020-08-10 18:30:00	132
212	2020-08-10 19:00:00	115
213	2020-08-10 19:30:00	97
214	2020-08-10 20:00:00	146
215	2020-08-10 20:30:00	70
216	2020-08-10 21:00:00	28
217	2020-08-10 21:30:00	0
218	2020-08-10 22:00:00	0
219	2020-08-10 22:30:00	0
220	2020-08-10 23:00:00	0
221	2020-08-10 23:30:00	0
222	2020-08-11 00:00:00	0
223	2020-08-11 00:30:00	0
224	2020-08-11 01:00:00	0
225	2020-08-11 01:30:00	0
226	2020-08-11 02:00:00	0
227	2020-08-11 02:30:00	0
228	2020-08-11 03:00:00	0
229	2020-08-11 03:30:00	0
230	2020-08-11 04:00:00	0
231	2020-08-11 04:30:00	0
232	2020-08-11 05:00:00	0
233	2020-08-11 05:30:00	0
234	2020-08-11 06:00:00	0
235	2020-08-11 06:30:00	0
236	2020-08-11 07:00:00	0
237	2020-08-11 07:30:00	0
238	2020-08-11 08:00:00	0
239	2020-08-11 08:30:00	0
240	2020-08-11 09:00:00	13
241	2020-08-11 09:30:00	31
242	2020-08-11 10:00:00	196
243	2020-08-11 10:30:00	43
244	2020-08-11 11:00:00	126
245	2020-08-11 11:30:00	137
246	2020-08-11 12:00:00	140
247	2020-08-11 12:30:00	160
248	2020-08-11 13:00:00	131
249	2020-08-11 13:30:00	135
250	2020-08-11 14:00:00	69
251	2020-08-11 14:30:00	134
252	2020-08-11 15:00:00	5
253	2020-08-11 15:30:00	46
254	2020-08-11 16:00:00	49
255	2020-08-11 16:30:00	53
256	2020-08-11 17:00:00	142
257	2020-08-11 17:30:00	121
258	2020-08-11 18:00:00	63
259	2020-08-11 18:30:00	77
260	2020-08-11 19:00:00	185
261	2020-08-11 19:30:00	183
262	2020-08-11 20:00:00	133
263	2020-08-11 20:30:00	57
264	2020-08-11 21:00:00	120
265	2020-08-11 21:30:00	0
266	2020-08-11 22:00:00	0
267	2020-08-11 22:30:00	0
268	2020-08-11 23:00:00	0
269	2020-08-11 23:30:00	0
270	2020-08-12 00:00:00	0
271	2020-08-12 00:30:00	0
272	2020-08-12 01:00:00	0
273	2020-08-12 01:30:00	0
274	2020-08-12 02:00:00	0
275	2020-08-12 02:30:00	0
276	2020-08-12 03:00:00	0
277	2020-08-12 03:30:00	0
278	2020-08-12 04:00:00	0
279	2020-08-12 04:30:00	0
280	2020-08-12 05:00:00	0
281	2020-08-12 05:30:00	0
282	2020-08-12 06:00:00	0
283	2020-08-12 06:30:00	0
284	2020-08-12 07:00:00	0
285	2020-08-12 07:30:00	0
286	2020-08-12 08:00:00	0
287	2020-08-12 08:30:00	0
288	2020-08-12 09:00:00	0
289	2020-08-12 09:30:00	35
290	2020-08-12 10:00:00	37
291	2020-08-12 10:30:00	7
292	2020-08-12 11:00:00	216
293	2020-08-12 11:30:00	87
294	2020-08-12 12:00:00	45
295	2020-08-12 12:30:00	169
296	2020-08-12 13:00:00	181
297	2020-08-12 13:30:00	219
298	2020-08-12 14:00:00	117
299	2020-08-12 14:30:00	66
300	2020-08-12 15:00:00	37
301	2020-08-12 15:30:00	13
302	2020-08-12 16:00:00	98
303	2020-08-12 16:30:00	27
304	2020-08-12 17:00:00	28
305	2020-08-12 17:30:00	88
306	2020-08-12 18:00:00	94
307	2020-08-12 18:30:00	132
308	2020-08-12 19:00:00	121
309	2020-08-12 19:30:00	143
310	2020-08-12 20:00:00	49
311	2020-08-12 20:30:00	61
312	2020-08-12 21:00:00	97
313	2020-08-12 21:30:00	0
314	2020-08-12 22:00:00	0
315	2020-08-12 22:30:00	0
316	2020-08-12 23:00:00	0
317	2020-08-12 23:30:00	0
318	2020-08-13 00:00:00	0
319	2020-08-13 00:30:00	0
320	2020-08-13 01:00:00	0
321	2020-08-13 01:30:00	0
322	2020-08-13 02:00:00	0
323	2020-08-13 02:30:00	0
324	2020-08-13 03:00:00	0
325	2020-08-13 03:30:00	0
326	2020-08-13 04:00:00	0
327	2020-08-13 04:30:00	0
328	2020-08-13 05:00:00	0
329	2020-08-13 05:30:00	0
330	2020-08-13 06:00:00	0
331	2020-08-13 06:30:00	0
332	2020-08-13 07:00:00	0
333	2020-08-13 07:30:00	0
334	2020-08-13 08:00:00	0
335	2020-08-13 08:30:00	0
336	2020-08-13 09:00:00	5
337	2020-08-13 09:30:00	44
338	2020-08-13 10:00:00	73
339	2020-08-13 10:30:00	111
340	2020-08-13 11:00:00	122
341	2020-08-13 11:30:00	128
342	2020-08-13 12:00:00	108
343	2020-08-13 12:30:00	182
344	2020-08-13 13:00:00	158
345	2020-08-13 13:30:00	140
346	2020-08-13 14:00:00	94
347	2020-08-13 14:30:00	82
348	2020-08-13 15:00:00	38
349	2020-08-13 15:30:00	62
350	2020-08-13 16:00:00	54
351	2020-08-13 16:30:00	39
352	2020-08-13 17:00:00	31
353	2020-08-13 17:30:00	111
354	2020-08-13 18:00:00	83
355	2020-08-13 18:30:00	102
356	2020-08-13 19:00:00	59
357	2020-08-13 19:30:00	101
358	2020-08-13 20:00:00	75
359	2020-08-13 20:30:00	47
360	2020-08-13 21:00:00	53
361	2020-08-13 21:30:00	2
362	2020-08-13 22:00:00	0
363	2020-08-13 22:30:00	0
364	2020-08-13 23:00:00	0
365	2020-08-13 23:30:00	0
366	2020-08-14 00:00:00	0
367	2020-08-14 00:30:00	0
368	2020-08-14 01:00:00	0
369	2020-08-14 01:30:00	0
370	2020-08-14 02:00:00	0
371	2020-08-14 02:30:00	0
372	2020-08-14 03:00:00	0
373	2020-08-14 03:30:00	0
374	2020-08-14 04:00:00	0
375	2020-08-14 04:30:00	0
376	2020-08-14 05:00:00	0
377	2020-08-14 05:30:00	0
378	2020-08-14 06:00:00	0
379	2020-08-14 06:30:00	0
380	2020-08-14 07:00:00	0
381	2020-08-14 07:30:00	0
382	2020-08-14 08:00:00	0
383	2020-08-14 08:30:00	0
384	2020-08-14 09:00:00	46
385	2020-08-14 09:30:00	38
386	2020-08-14 10:00:00	115
387	2020-08-14 10:30:00	61
388	2020-08-14 11:00:00	90
389	2020-08-14 11:30:00	74
390	2020-08-14 12:00:00	87
391	2020-08-14 12:30:00	122
392	2020-08-14 13:00:00	90
393	2020-08-14 13:30:00	130
394	2020-08-14 14:00:00	59
395	2020-08-14 14:30:00	68
396	2020-08-14 15:00:00	25
397	2020-08-14 15:30:00	20
398	2020-08-14 16:00:00	40
399	2020-08-14 16:30:00	29
400	2020-08-14 17:00:00	50
401	2020-08-14 17:30:00	80
402	2020-08-14 18:00:00	101
403	2020-08-14 18:30:00	79
404	2020-08-14 19:00:00	82
405	2020-08-14 19:30:00	85
406	2020-08-14 20:00:00	145
407	2020-08-14 20:30:00	44
408	2020-08-14 21:00:00	32
409	2020-08-14 21:30:00	1
410	2020-08-14 22:00:00	0
411	2020-08-14 22:30:00	0
412	2020-08-14 23:00:00	0
413	2020-08-14 23:30:00	0
414	2020-08-15 00:00:00	0
415	2020-08-15 00:30:00	0
416	2020-08-15 01:00:00	0
417	2020-08-15 01:30:00	0
418	2020-08-15 02:00:00	0
419	2020-08-15 02:30:00	0
420	2020-08-15 03:00:00	0
421	2020-08-15 03:30:00	0
422	2020-08-15 04:00:00	0
423	2020-08-15 04:30:00	0
424	2020-08-15 05:00:00	0
425	2020-08-15 05:30:00	0
426	2020-08-15 06:00:00	0
427	2020-08-15 06:30:00	0
428	2020-08-15 07:00:00	0
429	2020-08-15 07:30:00	0
430	2020-08-15 08:00:00	0
431	2020-08-15 08:30:00	0
432	2020-08-15 09:00:00	23
433	2020-08-15 09:30:00	82
434	2020-08-15 10:00:00	46
435	2020-08-15 10:30:00	113
436	2020-08-15 11:00:00	180
437	2020-08-15 11:30:00	170
438	2020-08-15 12:00:00	250
439	2020-08-15 12:30:00	219
440	2020-08-15 13:00:00	179
441	2020-08-15 13:30:00	294
442	2020-08-15 14:00:00	160
443	2020-08-15 14:30:00	145
444	2020-08-15 15:00:00	66
445	2020-08-15 15:30:00	62
446	2020-08-15 16:00:00	32
447	2020-08-15 16:30:00	43
448	2020-08-15 17:00:00	93
449	2020-08-15 17:30:00	75
450	2020-08-15 18:00:00	82
451	2020-08-15 18:30:00	72
452	2020-08-15 19:00:00	53
453	2020-08-15 19:30:00	59
454	2020-08-15 20:00:00	155
455	2020-08-15 20:30:00	122
456	2020-08-15 21:00:00	39
457	2020-08-15 21:30:00	13
458	2020-08-15 22:00:00	0
459	2020-08-15 22:30:00	0
460	2020-08-15 23:00:00	0
461	2020-08-15 23:30:00	0
462	2020-08-16 00:00:00	0
463	2020-08-16 00:30:00	0
464	2020-08-16 01:00:00	0
465	2020-08-16 01:30:00	0
466	2020-08-16 02:00:00	0
467	2020-08-16 02:30:00	0
468	2020-08-16 03:00:00	0
469	2020-08-16 03:30:00	0
470	2020-08-16 04:00:00	0
471	2020-08-16 04:30:00	0
472	2020-08-16 05:00:00	0
473	2020-08-16 05:30:00	0
474	2020-08-16 06:00:00	0
475	2020-08-16 06:30:00	0
476	2020-08-16 07:00:00	0
477	2020-08-16 07:30:00	0
478	2020-08-16 08:00:00	0
479	2020-08-16 08:30:00	0
480	2020-08-16 09:00:00	1
481	2020-08-16 09:30:00	88
482	2020-08-16 10:00:00	132
483	2020-08-16 10:30:00	141
484	2020-08-16 11:00:00	235
485	2020-08-16 11:30:00	276
486	2020-08-16 12:00:00	394
487	2020-08-16 12:30:00	268
488	2020-08-16 13:00:00	347
489	2020-08-16 13:30:00	308
490	2020-08-16 14:00:00	268
491	2020-08-16 14:30:00	161
492	2020-08-16 15:00:00	222
493	2020-08-16 15:30:00	1
494	2020-08-16 16:00:00	0
495	2020-08-16 16:30:00	0
496	2020-08-16 17:00:00	0
497	2020-08-16 17:30:00	0
498	2020-08-16 18:00:00	0
499	2020-08-16 18:30:00	0
500	2020-08-16 19:00:00	0
501	2020-08-16 19:30:00	0
502	2020-08-16 20:00:00	0
503	2020-08-16 20:30:00	0
504	2020-08-16 21:00:00	0
505	2020-08-16 21:30:00	0
506	2020-08-16 22:00:00	0
507	2020-08-16 22:30:00	0
508	2020-08-16 23:00:00	0
509	2020-08-16 23:30:00	0
510	2020-08-17 00:00:00	0
511	2020-08-17 00:30:00	0
512	2020-08-17 01:00:00	0
513	2020-08-17 01:30:00	0
514	2020-08-17 02:00:00	0
515	2020-08-17 02:30:00	0
516	2020-08-17 03:00:00	0
517	2020-08-17 03:30:00	0
518	2020-08-17 04:00:00	0
519	2020-08-17 04:30:00	0
520	2020-08-17 05:00:00	0
521	2020-08-17 05:30:00	0
522	2020-08-17 06:00:00	0
523	2020-08-17 06:30:00	0
524	2020-08-17 07:00:00	0
525	2020-08-17 07:30:00	0
526	2020-08-17 08:00:00	0
527	2020-08-17 08:30:00	0
528	2020-08-17 09:00:00	31
529	2020-08-17 09:30:00	36
530	2020-08-17 10:00:00	92
531	2020-08-17 10:30:00	77
532	2020-08-17 11:00:00	130
533	2020-08-17 11:30:00	60
534	2020-08-17 12:00:00	107
535	2020-08-17 12:30:00	160
536	2020-08-17 13:00:00	141
537	2020-08-17 13:30:00	227
538	2020-08-17 14:00:00	130
539	2020-08-17 14:30:00	111
540	2020-08-17 15:00:00	153
541	2020-08-17 15:30:00	66
542	2020-08-17 16:00:00	61
543	2020-08-17 16:30:00	43
544	2020-08-17 17:00:00	145
545	2020-08-17 17:30:00	63
546	2020-08-17 18:00:00	97
547	2020-08-17 18:30:00	80
548	2020-08-17 19:00:00	142
549	2020-08-17 19:30:00	78
550	2020-08-17 20:00:00	147
551	2020-08-17 20:30:00	130
552	2020-08-17 21:00:00	15
553	2020-08-17 21:30:00	0
554	2020-08-17 22:00:00	0
555	2020-08-17 22:30:00	0
556	2020-08-17 23:00:00	0
557	2020-08-17 23:30:00	0
558	2020-08-18 00:00:00	0
559	2020-08-18 00:30:00	0
560	2020-08-18 01:00:00	0
561	2020-08-18 01:30:00	0
562	2020-08-18 02:00:00	0
563	2020-08-18 02:30:00	0
564	2020-08-18 03:00:00	0
565	2020-08-18 03:30:00	0
566	2020-08-18 04:00:00	0
567	2020-08-18 04:30:00	0
568	2020-08-18 05:00:00	0
569	2020-08-18 05:30:00	0
570	2020-08-18 06:00:00	0
571	2020-08-18 06:30:00	0
572	2020-08-18 07:00:00	0
573	2020-08-18 07:30:00	0
574	2020-08-18 08:00:00	0
575	2020-08-18 08:30:00	0
576	2020-08-18 09:00:00	8
577	2020-08-18 09:30:00	44
578	2020-08-18 10:00:00	54
579	2020-08-18 10:30:00	50
580	2020-08-18 11:00:00	92
581	2020-08-18 11:30:00	111
582	2020-08-18 12:00:00	114
583	2020-08-18 12:30:00	97
584	2020-08-18 13:00:00	201
585	2020-08-18 13:30:00	90
586	2020-08-18 14:00:00	122
587	2020-08-18 14:30:00	108
588	2020-08-18 15:00:00	9
589	2020-08-18 15:30:00	103
590	2020-08-18 16:00:00	48
591	2020-08-18 16:30:00	79
592	2020-08-18 17:00:00	49
593	2020-08-18 17:30:00	75
594	2020-08-18 18:00:00	28
595	2020-08-18 18:30:00	94
596	2020-08-18 19:00:00	55
597	2020-08-18 19:30:00	97
598	2020-08-18 20:00:00	124
599	2020-08-18 20:30:00	71
600	2020-08-18 21:00:00	51
601	2020-08-18 21:30:00	0
602	2020-08-18 22:00:00	0
603	2020-08-18 22:30:00	0
604	2020-08-18 23:00:00	0
605	2020-08-18 23:30:00	0
606	2020-08-19 00:00:00	0
607	2020-08-19 00:30:00	0
608	2020-08-19 01:00:00	0
609	2020-08-19 01:30:00	0
610	2020-08-19 02:00:00	0
611	2020-08-19 02:30:00	0
612	2020-08-19 03:00:00	0
613	2020-08-19 03:30:00	0
614	2020-08-19 04:00:00	0
615	2020-08-19 04:30:00	0
616	2020-08-19 05:00:00	0
617	2020-08-19 05:30:00	0
618	2020-08-19 06:00:00	0
619	2020-08-19 06:30:00	0
620	2020-08-19 07:00:00	0
621	2020-08-19 07:30:00	0
622	2020-08-19 08:00:00	0
623	2020-08-19 08:30:00	0
624	2020-08-19 09:00:00	25
625	2020-08-19 09:30:00	52
626	2020-08-19 10:00:00	60
627	2020-08-19 10:30:00	57
628	2020-08-19 11:00:00	129
629	2020-08-19 11:30:00	112
630	2020-08-19 12:00:00	82
631	2020-08-19 12:30:00	155
632	2020-08-19 13:00:00	69
633	2020-08-19 13:30:00	101
634	2020-08-19 14:00:00	129
635	2020-08-19 14:30:00	95
636	2020-08-19 15:00:00	43
637	2020-08-19 15:30:00	23
638	2020-08-19 16:00:00	27
639	2020-08-19 16:30:00	77
640	2020-08-19 17:00:00	81
641	2020-08-19 17:30:00	55
642	2020-08-19 18:00:00	45
643	2020-08-19 18:30:00	35
644	2020-08-19 19:00:00	54
645	2020-08-19 19:30:00	134
646	2020-08-19 20:00:00	89
647	2020-08-19 20:30:00	111
648	2020-08-19 21:00:00	69
649	2020-08-19 21:30:00	0
650	2020-08-19 22:00:00	0
651	2020-08-19 22:30:00	0
652	2020-08-19 23:00:00	0
653	2020-08-19 23:30:00	0
654	2020-08-20 00:00:00	0
655	2020-08-20 00:30:00	0
656	2020-08-20 01:00:00	0
657	2020-08-20 01:30:00	0
658	2020-08-20 02:00:00	0
659	2020-08-20 02:30:00	0
660	2020-08-20 03:00:00	0
661	2020-08-20 03:30:00	0
662	2020-08-20 04:00:00	0
663	2020-08-20 04:30:00	0
664	2020-08-20 05:00:00	0
665	2020-08-20 05:30:00	0
666	2020-08-20 06:00:00	0
667	2020-08-20 06:30:00	0
668	2020-08-20 07:00:00	0
669	2020-08-20 07:30:00	0
670	2020-08-20 08:00:00	0
671	2020-08-20 08:30:00	0
672	2020-08-20 09:00:00	1
673	2020-08-20 09:30:00	12
674	2020-08-20 10:00:00	35
675	2020-08-20 10:30:00	327
676	2020-08-20 11:00:00	48
677	2020-08-20 11:30:00	42
678	2020-08-20 12:00:00	116
679	2020-08-20 12:30:00	56
680	2020-08-20 13:00:00	78
681	2020-08-20 13:30:00	66
682	2020-08-20 14:00:00	76
683	2020-08-20 14:30:00	64
684	2020-08-20 15:00:00	50
685	2020-08-20 15:30:00	70
686	2020-08-20 16:00:00	54
687	2020-08-20 16:30:00	88
688	2020-08-20 17:00:00	53
689	2020-08-20 17:30:00	88
690	2020-08-20 18:00:00	44
691	2020-08-20 18:30:00	50
692	2020-08-20 19:00:00	60
693	2020-08-20 19:30:00	72
694	2020-08-20 20:00:00	22
695	2020-08-20 20:30:00	72
696	2020-08-20 21:00:00	34
697	2020-08-20 21:30:00	0
698	2020-08-20 22:00:00	0
699	2020-08-20 22:30:00	0
700	2020-08-20 23:00:00	0
701	2020-08-20 23:30:00	0
702	2020-08-21 00:00:00	0
703	2020-08-21 00:30:00	0
704	2020-08-21 01:00:00	0
705	2020-08-21 01:30:00	0
706	2020-08-21 02:00:00	0
707	2020-08-21 02:30:00	0
708	2020-08-21 03:00:00	0
709	2020-08-21 03:30:00	0
710	2020-08-21 04:00:00	0
711	2020-08-21 04:30:00	0
712	2020-08-21 05:00:00	0
713	2020-08-21 05:30:00	0
714	2020-08-21 06:00:00	0
715	2020-08-21 06:30:00	0
716	2020-08-21 07:00:00	0
717	2020-08-21 07:30:00	0
718	2020-08-21 08:00:00	0
719	2020-08-21 08:30:00	0
720	2020-08-21 09:00:00	12
721	2020-08-21 09:30:00	60
722	2020-08-21 10:00:00	72
723	2020-08-21 10:30:00	99
724	2020-08-21 11:00:00	79
725	2020-08-21 11:30:00	96
726	2020-08-21 12:00:00	71
727	2020-08-21 12:30:00	149
728	2020-08-21 13:00:00	147
729	2020-08-21 13:30:00	176
730	2020-08-21 14:00:00	95
731	2020-08-21 14:30:00	48
732	2020-08-21 15:00:00	29
733	2020-08-21 15:30:00	34
734	2020-08-21 16:00:00	54
735	2020-08-21 16:30:00	29
736	2020-08-21 17:00:00	32
737	2020-08-21 17:30:00	13
738	2020-08-21 18:00:00	71
739	2020-08-21 18:30:00	60
740	2020-08-21 19:00:00	67
741	2020-08-21 19:30:00	42
742	2020-08-21 20:00:00	46
743	2020-08-21 20:30:00	98
744	2020-08-21 21:00:00	58
745	2020-08-21 21:30:00	2
746	2020-08-21 22:00:00	0
747	2020-08-21 22:30:00	36
748	2020-08-21 23:00:00	0
749	2020-08-21 23:30:00	0
750	2020-08-22 00:00:00	0
751	2020-08-22 00:30:00	0
752	2020-08-22 01:00:00	0
753	2020-08-22 01:30:00	0
754	2020-08-22 02:00:00	0
755	2020-08-22 02:30:00	0
756	2020-08-22 03:00:00	0
757	2020-08-22 03:30:00	0
758	2020-08-22 04:00:00	0
759	2020-08-22 04:30:00	0
760	2020-08-22 05:00:00	0
761	2020-08-22 05:30:00	0
762	2020-08-22 06:00:00	0
763	2020-08-22 06:30:00	0
764	2020-08-22 07:00:00	0
765	2020-08-22 07:30:00	0
766	2020-08-22 08:00:00	0
767	2020-08-22 08:30:00	0
768	2020-08-22 09:00:00	7
769	2020-08-22 09:30:00	14
770	2020-08-22 10:00:00	4
771	2020-08-22 10:30:00	31
772	2020-08-22 11:00:00	106
773	2020-08-22 11:30:00	88
774	2020-08-22 12:00:00	95
775	2020-08-22 12:30:00	31
776	2020-08-22 13:00:00	66
777	2020-08-22 13:30:00	90
778	2020-08-22 14:00:00	80
779	2020-08-22 14:30:00	57
780	2020-08-22 15:00:00	74
781	2020-08-22 15:30:00	29
782	2020-08-22 16:00:00	27
783	2020-08-22 16:30:00	7
784	2020-08-22 17:00:00	28
785	2020-08-22 17:30:00	28
786	2020-08-22 18:00:00	28
787	2020-08-22 18:30:00	38
788	2020-08-22 19:00:00	48
789	2020-08-22 19:30:00	55
790	2020-08-22 20:00:00	104
791	2020-08-22 20:30:00	77
792	2020-08-22 21:00:00	0
793	2020-08-22 21:30:00	0
794	2020-08-22 22:00:00	0
795	2020-08-22 22:30:00	0
796	2020-08-22 23:00:00	0
797	2020-08-22 23:30:00	0
798	2020-08-23 00:00:00	0
799	2020-08-23 00:30:00	0
800	2020-08-23 01:00:00	0
801	2020-08-23 01:30:00	0
802	2020-08-23 02:00:00	0
803	2020-08-23 02:30:00	0
804	2020-08-23 03:00:00	0
805	2020-08-23 03:30:00	0
806	2020-08-23 04:00:00	0
807	2020-08-23 04:30:00	0
808	2020-08-23 05:00:00	0
809	2020-08-23 05:30:00	0
810	2020-08-23 06:00:00	0
811	2020-08-23 06:30:00	0
812	2020-08-23 07:00:00	0
813	2020-08-23 07:30:00	0
814	2020-08-23 08:00:00	0
815	2020-08-23 08:30:00	0
816	2020-08-23 09:00:00	0
817	2020-08-23 09:30:00	30
818	2020-08-23 10:00:00	173
819	2020-08-23 10:30:00	67
820	2020-08-23 11:00:00	157
821	2020-08-23 11:30:00	111
822	2020-08-23 12:00:00	228
823	2020-08-23 12:30:00	284
824	2020-08-23 13:00:00	255
825	2020-08-23 13:30:00	204
826	2020-08-23 14:00:00	223
827	2020-08-23 14:30:00	117
828	2020-08-23 15:00:00	66
829	2020-08-23 15:30:00	0
830	2020-08-23 16:00:00	0
831	2020-08-23 16:30:00	0
832	2020-08-23 17:00:00	0
833	2020-08-23 17:30:00	0
834	2020-08-23 18:00:00	0
835	2020-08-23 18:30:00	0
836	2020-08-23 19:00:00	0
837	2020-08-23 19:30:00	0
838	2020-08-23 20:00:00	0
839	2020-08-23 20:30:00	0
840	2020-08-23 21:00:00	0
841	2020-08-23 21:30:00	0
842	2020-08-23 22:00:00	0
843	2020-08-23 22:30:00	0
844	2020-08-23 23:00:00	0
845	2020-08-23 23:30:00	0
846	2020-08-24 00:00:00	0
847	2020-08-24 00:30:00	0
848	2020-08-24 01:00:00	0
849	2020-08-24 01:30:00	0
850	2020-08-24 02:00:00	0
851	2020-08-24 02:30:00	0
852	2020-08-24 03:00:00	0
853	2020-08-24 03:30:00	0
854	2020-08-24 04:00:00	0
855	2020-08-24 04:30:00	0
856	2020-08-24 05:00:00	0
857	2020-08-24 05:30:00	0
858	2020-08-24 06:00:00	0
859	2020-08-24 06:30:00	0
860	2020-08-24 07:00:00	0
861	2020-08-24 07:30:00	0
862	2020-08-24 08:00:00	0
863	2020-08-24 08:30:00	0
864	2020-08-24 09:00:00	2
865	2020-08-24 09:30:00	29
866	2020-08-24 10:00:00	38
867	2020-08-24 10:30:00	120
868	2020-08-24 11:00:00	106
869	2020-08-24 11:30:00	115
870	2020-08-24 12:00:00	110
871	2020-08-24 12:30:00	164
872	2020-08-24 13:00:00	233
873	2020-08-24 13:30:00	107
874	2020-08-24 14:00:00	178
875	2020-08-24 14:30:00	42
876	2020-08-24 15:00:00	88
877	2020-08-24 15:30:00	55
878	2020-08-24 16:00:00	82
879	2020-08-24 16:30:00	34
880	2020-08-24 17:00:00	31
881	2020-08-24 17:30:00	18
882	2020-08-24 18:00:00	151
883	2020-08-24 18:30:00	47
884	2020-08-24 19:00:00	70
885	2020-08-24 19:30:00	55
886	2020-08-24 20:00:00	61
887	2020-08-24 20:30:00	77
888	2020-08-24 21:00:00	109
889	2020-08-24 21:30:00	0
890	2020-08-24 22:00:00	0
891	2020-08-24 22:30:00	0
892	2020-08-24 23:00:00	0
893	2020-08-24 23:30:00	0
894	2020-08-25 00:00:00	0
895	2020-08-25 00:30:00	0
896	2020-08-25 01:00:00	0
897	2020-08-25 01:30:00	0
898	2020-08-25 02:00:00	0
899	2020-08-25 02:30:00	0
900	2020-08-25 03:00:00	0
901	2020-08-25 03:30:00	0
902	2020-08-25 04:00:00	0
903	2020-08-25 04:30:00	0
904	2020-08-25 05:00:00	0
905	2020-08-25 05:30:00	0
906	2020-08-25 06:00:00	0
907	2020-08-25 06:30:00	0
908	2020-08-25 07:00:00	0
909	2020-08-25 07:30:00	0
910	2020-08-25 08:00:00	0
911	2020-08-25 08:30:00	0
912	2020-08-25 09:00:00	15
913	2020-08-25 09:30:00	73
914	2020-08-25 10:00:00	57
915	2020-08-25 10:30:00	77
916	2020-08-25 11:00:00	56
917	2020-08-25 11:30:00	177
918	2020-08-25 12:00:00	120
919	2020-08-25 12:30:00	44
920	2020-08-25 13:00:00	180
921	2020-08-25 13:30:00	91
922	2020-08-25 14:00:00	134
923	2020-08-25 14:30:00	63
924	2020-08-25 15:00:00	12
925	2020-08-25 15:30:00	35
926	2020-08-25 16:00:00	28
927	2020-08-25 16:30:00	9
928	2020-08-25 17:00:00	18
929	2020-08-25 17:30:00	19
930	2020-08-25 18:00:00	63
931	2020-08-25 18:30:00	10
932	2020-08-25 19:00:00	48
933	2020-08-25 19:30:00	106
934	2020-08-25 20:00:00	113
935	2020-08-25 20:30:00	115
936	2020-08-25 21:00:00	17
937	2020-08-25 21:30:00	0
938	2020-08-25 22:00:00	0
939	2020-08-25 22:30:00	0
940	2020-08-25 23:00:00	0
941	2020-08-25 23:30:00	0
942	2020-08-26 00:00:00	0
943	2020-08-26 00:30:00	0
944	2020-08-26 01:00:00	0
945	2020-08-26 01:30:00	0
946	2020-08-26 02:00:00	0
947	2020-08-26 02:30:00	0
948	2020-08-26 03:00:00	0
949	2020-08-26 03:30:00	0
950	2020-08-26 04:00:00	0
951	2020-08-26 04:30:00	0
952	2020-08-26 05:00:00	0
953	2020-08-26 05:30:00	0
954	2020-08-26 06:00:00	0
955	2020-08-26 06:30:00	0
956	2020-08-26 07:00:00	0
957	2020-08-26 07:30:00	0
958	2020-08-26 08:00:00	0
959	2020-08-26 08:30:00	0
960	2020-08-26 09:00:00	6
961	2020-08-26 09:30:00	42
962	2020-08-26 10:00:00	11
963	2020-08-26 10:30:00	66
964	2020-08-26 11:00:00	76
965	2020-08-26 11:30:00	114
966	2020-08-26 12:00:00	61
967	2020-08-26 12:30:00	53
968	2020-08-26 13:00:00	50
969	2020-08-26 13:30:00	65
970	2020-08-26 14:00:00	63
971	2020-08-26 14:30:00	67
972	2020-08-26 15:00:00	50
973	2020-08-26 15:30:00	10
974	2020-08-26 16:00:00	21
975	2020-08-26 16:30:00	25
976	2020-08-26 17:00:00	39
977	2020-08-26 17:30:00	50
978	2020-08-26 18:00:00	65
979	2020-08-26 18:30:00	58
980	2020-08-26 19:00:00	14
981	2020-08-26 19:30:00	41
982	2020-08-26 20:00:00	50
983	2020-08-26 20:30:00	78
984	2020-08-26 21:00:00	49
985	2020-08-26 21:30:00	0
986	2020-08-26 22:00:00	0
987	2020-08-26 22:30:00	0
988	2020-08-26 23:00:00	0
989	2020-08-26 23:30:00	0
990	2020-08-27 00:00:00	0
991	2020-08-27 00:30:00	0
992	2020-08-27 01:00:00	0
993	2020-08-27 01:30:00	0
994	2020-08-27 02:00:00	0
995	2020-08-27 02:30:00	0
996	2020-08-27 03:00:00	0
997	2020-08-27 03:30:00	0
998	2020-08-27 04:00:00	0
999	2020-08-27 04:30:00	0
1000	2020-08-27 05:00:00	0
1001	2020-08-27 05:30:00	0
1002	2020-08-27 06:00:00	0
1003	2020-08-27 06:30:00	0
1004	2020-08-27 07:00:00	0
1005	2020-08-27 07:30:00	0
1006	2020-08-27 08:00:00	0
1007	2020-08-27 08:30:00	0
1008	2020-08-27 09:00:00	10
1009	2020-08-27 09:30:00	98
1010	2020-08-27 10:00:00	98
1011	2020-08-27 10:30:00	91
1012	2020-08-27 11:00:00	150
1013	2020-08-27 11:30:00	138
1014	2020-08-27 12:00:00	108
1015	2020-08-27 12:30:00	68
1016	2020-08-27 13:00:00	252
1017	2020-08-27 13:30:00	157
1018	2020-08-27 14:00:00	75
1019	2020-08-27 14:30:00	37
1020	2020-08-27 15:00:00	36
1021	2020-08-27 15:30:00	92
1022	2020-08-27 16:00:00	52
1023	2020-08-27 16:30:00	56
1024	2020-08-27 17:00:00	21
1025	2020-08-27 17:30:00	29
1026	2020-08-27 18:00:00	41
1027	2020-08-27 18:30:00	66
1028	2020-08-27 19:00:00	114
1029	2020-08-27 19:30:00	111
1030	2020-08-27 20:00:00	131
1031	2020-08-27 20:30:00	116
1032	2020-08-27 21:00:00	51
1033	2020-08-27 21:30:00	0
1034	2020-08-27 22:00:00	0
1035	2020-08-27 22:30:00	0
1036	2020-08-27 23:00:00	0
1037	2020-08-27 23:30:00	0
1038	2020-08-28 00:00:00	0
1039	2020-08-28 00:30:00	0
1040	2020-08-28 01:00:00	0
1041	2020-08-28 01:30:00	0
1042	2020-08-28 02:00:00	0
1043	2020-08-28 02:30:00	0
1044	2020-08-28 03:00:00	0
1045	2020-08-28 03:30:00	0
1046	2020-08-28 04:00:00	0
1047	2020-08-28 04:30:00	0
1048	2020-08-28 05:00:00	0
1049	2020-08-28 05:30:00	0
1050	2020-08-28 06:00:00	0
1051	2020-08-28 06:30:00	0
1052	2020-08-28 07:00:00	0
1053	2020-08-28 07:30:00	0
1054	2020-08-28 08:00:00	0
1055	2020-08-28 08:30:00	0
1056	2020-08-28 09:00:00	3
1057	2020-08-28 09:30:00	49
1058	2020-08-28 10:00:00	50
1059	2020-08-28 10:30:00	101
1060	2020-08-28 11:00:00	204
1061	2020-08-28 11:30:00	175
1062	2020-08-28 12:00:00	93
1063	2020-08-28 12:30:00	179
1064	2020-08-28 13:00:00	104
1065	2020-08-28 13:30:00	105
1066	2020-08-28 14:00:00	124
1067	2020-08-28 14:30:00	70
1068	2020-08-28 15:00:00	31
1069	2020-08-28 15:30:00	23
1070	2020-08-28 16:00:00	73
1071	2020-08-28 16:30:00	16
1072	2020-08-28 17:00:00	49
1073	2020-08-28 17:30:00	28
1074	2020-08-28 18:00:00	49
1075	2020-08-28 18:30:00	50
1076	2020-08-28 19:00:00	60
1077	2020-08-28 19:30:00	50
1078	2020-08-28 20:00:00	86
1079	2020-08-28 20:30:00	66
1080	2020-08-28 21:00:00	53
1081	2020-08-28 21:30:00	0
1082	2020-08-28 22:00:00	0
1083	2020-08-28 22:30:00	0
1084	2020-08-28 23:00:00	0
1085	2020-08-28 23:30:00	0
1086	2020-08-29 00:00:00	0
1087	2020-08-29 00:30:00	0
1088	2020-08-29 01:00:00	0
1089	2020-08-29 01:30:00	0
1090	2020-08-29 02:00:00	0
1091	2020-08-29 02:30:00	0
1092	2020-08-29 03:00:00	0
1093	2020-08-29 03:30:00	0
1094	2020-08-29 04:00:00	0
1095	2020-08-29 04:30:00	0
1096	2020-08-29 05:00:00	0
1097	2020-08-29 05:30:00	0
1098	2020-08-29 06:00:00	0
1099	2020-08-29 06:30:00	0
1100	2020-08-29 07:00:00	0
1101	2020-08-29 07:30:00	0
1102	2020-08-29 08:00:00	0
1103	2020-08-29 08:30:00	0
1104	2020-08-29 09:00:00	0
1105	2020-08-29 09:30:00	30
1106	2020-08-29 10:00:00	15
1107	2020-08-29 10:30:00	103
1108	2020-08-29 11:00:00	41
1109	2020-08-29 11:30:00	126
1110	2020-08-29 12:00:00	125
1111	2020-08-29 12:30:00	100
1112	2020-08-29 13:00:00	84
1113	2020-08-29 13:30:00	175
1114	2020-08-29 14:00:00	131
1115	2020-08-29 14:30:00	124
1116	2020-08-29 15:00:00	26
1117	2020-08-29 15:30:00	51
1118	2020-08-29 16:00:00	41
1119	2020-08-29 16:30:00	2
1120	2020-08-29 17:00:00	54
1121	2020-08-29 17:30:00	31
1122	2020-08-29 18:00:00	103
1123	2020-08-29 18:30:00	32
1124	2020-08-29 19:00:00	60
1125	2020-08-29 19:30:00	41
1126	2020-08-29 20:00:00	63
1127	2020-08-29 20:30:00	69
1128	2020-08-29 21:00:00	62
1129	2020-08-29 21:30:00	0
1130	2020-08-29 22:00:00	0
1131	2020-08-29 22:30:00	0
1132	2020-08-29 23:00:00	0
1133	2020-08-29 23:30:00	0
1134	2020-08-30 00:00:00	0
1135	2020-08-30 00:30:00	0
1136	2020-08-30 01:00:00	0
1137	2020-08-30 01:30:00	0
1138	2020-08-30 02:00:00	0
1139	2020-08-30 02:30:00	0
1140	2020-08-30 03:00:00	0
1141	2020-08-30 03:30:00	0
1142	2020-08-30 04:00:00	0
1143	2020-08-30 04:30:00	0
1144	2020-08-30 05:00:00	0
1145	2020-08-30 05:30:00	0
1146	2020-08-30 06:00:00	0
1147	2020-08-30 06:30:00	0
1148	2020-08-30 07:00:00	0
1149	2020-08-30 07:30:00	0
1150	2020-08-30 08:00:00	0
1151	2020-08-30 08:30:00	0
1152	2020-08-30 09:00:00	1
1153	2020-08-30 09:30:00	34
1154	2020-08-30 10:00:00	51
1155	2020-08-30 10:30:00	125
1156	2020-08-30 11:00:00	211
1157	2020-08-30 11:30:00	226
1158	2020-08-30 12:00:00	186
1159	2020-08-30 12:30:00	277
1160	2020-08-30 13:00:00	250
1161	2020-08-30 13:30:00	224
1162	2020-08-30 14:00:00	177
1163	2020-08-30 14:30:00	124
1164	2020-08-30 15:00:00	47
1165	2020-08-30 15:30:00	0
1166	2020-08-30 16:00:00	0
1167	2020-08-30 16:30:00	0
1168	2020-08-30 17:00:00	0
1169	2020-08-30 17:30:00	0
1170	2020-08-30 18:00:00	0
1171	2020-08-30 18:30:00	0
1172	2020-08-30 19:00:00	0
1173	2020-08-30 19:30:00	0
1174	2020-08-30 20:00:00	0
1175	2020-08-30 20:30:00	0
1176	2020-08-30 21:00:00	0
1177	2020-08-30 21:30:00	0
1178	2020-08-30 22:00:00	0
1179	2020-08-30 22:30:00	0
1180	2020-08-30 23:00:00	0
1181	2020-08-30 23:30:00	0
1182	2020-08-31 00:00:00	0
1183	2020-08-31 00:30:00	0
1184	2020-08-31 01:00:00	0
1185	2020-08-31 01:30:00	0
1186	2020-08-31 02:00:00	0
1187	2020-08-31 02:30:00	0
1188	2020-08-31 03:00:00	0
1189	2020-08-31 03:30:00	0
1190	2020-08-31 04:00:00	0
1191	2020-08-31 04:30:00	0
1192	2020-08-31 05:00:00	0
1193	2020-08-31 05:30:00	0
1194	2020-08-31 06:00:00	0
1195	2020-08-31 06:30:00	0
1196	2020-08-31 07:00:00	0
1197	2020-08-31 07:30:00	0
1198	2020-08-31 08:00:00	0
1199	2020-08-31 08:30:00	0
1200	2020-08-31 09:00:00	27
1201	2020-08-31 09:30:00	41
1202	2020-08-31 10:00:00	13
1203	2020-08-31 10:30:00	108
1204	2020-08-31 11:00:00	89
1205	2020-08-31 11:30:00	168
1206	2020-08-31 12:00:00	99
1207	2020-08-31 12:30:00	160
1208	2020-08-31 13:00:00	169
1209	2020-08-31 13:30:00	108
1210	2020-08-31 14:00:00	182
1211	2020-08-31 14:30:00	66
1212	2020-08-31 15:00:00	59
1213	2020-08-31 15:30:00	30
1214	2020-08-31 16:00:00	75
1215	2020-08-31 16:30:00	28
1216	2020-08-31 17:00:00	62
1217	2020-08-31 17:30:00	54
1218	2020-08-31 18:00:00	79
1219	2020-08-31 18:30:00	73
1220	2020-08-31 19:00:00	90
1221	2020-08-31 19:30:00	140
1222	2020-08-31 20:00:00	111
1223	2020-08-31 20:30:00	123
1224	2020-08-31 21:00:00	20
1225	2020-08-31 21:30:00	0
1226	2020-08-31 22:00:00	0
1227	2020-08-31 22:30:00	0
1228	2020-08-31 23:00:00	0
1229	2020-08-31 23:30:00	0
1230	2020-09-01 00:00:00	0
1231	2020-09-01 00:30:00	0
1232	2020-09-01 01:00:00	0
1233	2020-09-01 01:30:00	0
1234	2020-09-01 02:00:00	0
1235	2020-09-01 02:30:00	0
1236	2020-09-01 03:00:00	0
1237	2020-09-01 03:30:00	0
1238	2020-09-01 04:00:00	0
1239	2020-09-01 04:30:00	0
1240	2020-09-01 05:00:00	0
1241	2020-09-01 05:30:00	0
1242	2020-09-01 06:00:00	0
1243	2020-09-01 06:30:00	0
1244	2020-09-01 07:00:00	0
1245	2020-09-01 07:30:00	0
1246	2020-09-01 08:00:00	0
1247	2020-09-01 08:30:00	0
1248	2020-09-01 09:00:00	1
1249	2020-09-01 09:30:00	43
1250	2020-09-01 10:00:00	58
1251	2020-09-01 10:30:00	166
1252	2020-09-01 11:00:00	91
1253	2020-09-01 11:30:00	166
1254	2020-09-01 12:00:00	163
1255	2020-09-01 12:30:00	158
1256	2020-09-01 13:00:00	149
1257	2020-09-01 13:30:00	99
1258	2020-09-01 14:00:00	67
1259	2020-09-01 14:30:00	39
1260	2020-09-01 15:00:00	78
1261	2020-09-01 15:30:00	47
1262	2020-09-01 16:00:00	75
1263	2020-09-01 16:30:00	80
1264	2020-09-01 17:00:00	15
1265	2020-09-01 17:30:00	33
1266	2020-09-01 18:00:00	69
1267	2020-09-01 18:30:00	82
1268	2020-09-01 19:00:00	94
1269	2020-09-01 19:30:00	121
1270	2020-09-01 20:00:00	123
1271	2020-09-01 20:30:00	34
1272	2020-09-01 21:00:00	20
1273	2020-09-01 21:30:00	0
1274	2020-09-01 22:00:00	0
1275	2020-09-01 22:30:00	0
1276	2020-09-01 23:00:00	0
1277	2020-09-01 23:30:00	0
1278	2020-09-02 00:00:00	0
1279	2020-09-02 00:30:00	0
1280	2020-09-02 01:00:00	0
1281	2020-09-02 01:30:00	0
1282	2020-09-02 02:00:00	0
1283	2020-09-02 02:30:00	0
1284	2020-09-02 03:00:00	0
1285	2020-09-02 03:30:00	0
1286	2020-09-02 04:00:00	0
1287	2020-09-02 04:30:00	0
1288	2020-09-02 05:00:00	0
1289	2020-09-02 05:30:00	0
1290	2020-09-02 06:00:00	0
1291	2020-09-02 06:30:00	0
1292	2020-09-02 07:00:00	0
1293	2020-09-02 07:30:00	0
1294	2020-09-02 08:00:00	0
1295	2020-09-02 08:30:00	0
1296	2020-09-02 09:00:00	15
1297	2020-09-02 09:30:00	1
1298	2020-09-02 10:00:00	47
1299	2020-09-02 10:30:00	61
1300	2020-09-02 11:00:00	74
1301	2020-09-02 11:30:00	121
1302	2020-09-02 12:00:00	81
1303	2020-09-02 12:30:00	165
1304	2020-09-02 13:00:00	91
1305	2020-09-02 13:30:00	107
1306	2020-09-02 14:00:00	82
1307	2020-09-02 14:30:00	55
1308	2020-09-02 15:00:00	40
1309	2020-09-02 15:30:00	26
1310	2020-09-02 16:00:00	15
1311	2020-09-02 16:30:00	37
1312	2020-09-02 17:00:00	42
1313	2020-09-02 17:30:00	109
1314	2020-09-02 18:00:00	37
1315	2020-09-02 18:30:00	21
1316	2020-09-02 19:00:00	23
1317	2020-09-02 19:30:00	80
1318	2020-09-02 20:00:00	68
1319	2020-09-02 20:30:00	67
1320	2020-09-02 21:00:00	125
1321	2020-09-02 21:30:00	20
1322	2020-09-02 22:00:00	0
1323	2020-09-02 22:30:00	0
1324	2020-09-02 23:00:00	0
1325	2020-09-02 23:30:00	0
1326	2020-09-03 00:00:00	0
1327	2020-09-03 00:30:00	0
1328	2020-09-03 01:00:00	0
1329	2020-09-03 01:30:00	0
1330	2020-09-03 02:00:00	0
1331	2020-09-03 02:30:00	0
1332	2020-09-03 03:00:00	0
1333	2020-09-03 03:30:00	0
1334	2020-09-03 04:00:00	0
1335	2020-09-03 04:30:00	0
1336	2020-09-03 05:00:00	0
1337	2020-09-03 05:30:00	0
1338	2020-09-03 06:00:00	0
1339	2020-09-03 06:30:00	0
1340	2020-09-03 07:00:00	0
1341	2020-09-03 07:30:00	0
1342	2020-09-03 08:00:00	0
1343	2020-09-03 08:30:00	0
1344	2020-09-03 09:00:00	16
1345	2020-09-03 09:30:00	23
1346	2020-09-03 10:00:00	672
1347	2020-09-03 10:30:00	98
1348	2020-09-03 11:00:00	94
1349	2020-09-03 11:30:00	145
1350	2020-09-03 12:00:00	77
1351	2020-09-03 12:30:00	62
1352	2020-09-03 13:00:00	106
1353	2020-09-03 13:30:00	118
1354	2020-09-03 14:00:00	108
1355	2020-09-03 14:30:00	53
1356	2020-09-03 15:00:00	47
1357	2020-09-03 15:30:00	66
1358	2020-09-03 16:00:00	26
1359	2020-09-03 16:30:00	9
1360	2020-09-03 17:00:00	62
1361	2020-09-03 17:30:00	53
1362	2020-09-03 18:00:00	16
1363	2020-09-03 18:30:00	39
1364	2020-09-03 19:00:00	30
1365	2020-09-03 19:30:00	79
1366	2020-09-03 20:00:00	116
1367	2020-09-03 20:30:00	42
1368	2020-09-03 21:00:00	111
1369	2020-09-03 21:30:00	0
1370	2020-09-03 22:00:00	0
1371	2020-09-03 22:30:00	0
1372	2020-09-03 23:00:00	0
1373	2020-09-03 23:30:00	0
1374	2020-09-04 00:00:00	0
1375	2020-09-04 00:30:00	0
1376	2020-09-04 01:00:00	0
1377	2020-09-04 01:30:00	0
1378	2020-09-04 02:00:00	0
1379	2020-09-04 02:30:00	0
1380	2020-09-04 03:00:00	0
1381	2020-09-04 03:30:00	0
1382	2020-09-04 04:00:00	0
1383	2020-09-04 04:30:00	0
1384	2020-09-04 05:00:00	0
1385	2020-09-04 05:30:00	0
1386	2020-09-04 06:00:00	0
1387	2020-09-04 06:30:00	0
1388	2020-09-04 07:00:00	0
1389	2020-09-04 07:30:00	0
1390	2020-09-04 08:00:00	0
1391	2020-09-04 08:30:00	0
1392	2020-09-04 09:00:00	3
1393	2020-09-04 09:30:00	84
1394	2020-09-04 10:00:00	51
1395	2020-09-04 10:30:00	50
1396	2020-09-04 11:00:00	94
1397	2020-09-04 11:30:00	63
1398	2020-09-04 12:00:00	147
1399	2020-09-04 12:30:00	102
1400	2020-09-04 13:00:00	126
1401	2020-09-04 13:30:00	94
1402	2020-09-04 14:00:00	62
1403	2020-09-04 14:30:00	82
1404	2020-09-04 15:00:00	34
1405	2020-09-04 15:30:00	15
1406	2020-09-04 16:00:00	42
1407	2020-09-04 16:30:00	99
1408	2020-09-04 17:00:00	42
1409	2020-09-04 17:30:00	103
1410	2020-09-04 18:00:00	44
1411	2020-09-04 18:30:00	65
1412	2020-09-04 19:00:00	66
1413	2020-09-04 19:30:00	138
1414	2020-09-04 20:00:00	49
1415	2020-09-04 20:30:00	29
1416	2020-09-04 21:00:00	3
1417	2020-09-04 21:30:00	0
1418	2020-09-04 22:00:00	0
1419	2020-09-04 22:30:00	0
1420	2020-09-04 23:00:00	0
1421	2020-09-04 23:30:00	0
1422	2020-09-05 00:00:00	0
1423	2020-09-05 00:30:00	0
1424	2020-09-05 01:00:00	0
1425	2020-09-05 01:30:00	0
1426	2020-09-05 02:00:00	0
1427	2020-09-05 02:30:00	0
1428	2020-09-05 03:00:00	0
1429	2020-09-05 03:30:00	0
1430	2020-09-05 04:00:00	0
1431	2020-09-05 04:30:00	0
1432	2020-09-05 05:00:00	0
1433	2020-09-05 05:30:00	0
1434	2020-09-05 06:00:00	0
1435	2020-09-05 06:30:00	0
1436	2020-09-05 07:00:00	0
1437	2020-09-05 07:30:00	0
1438	2020-09-05 08:00:00	0
1439	2020-09-05 08:30:00	0
1440	2020-09-05 09:00:00	0
1441	2020-09-05 09:30:00	0
1442	2020-09-05 10:00:00	0
1443	2020-09-05 10:30:00	0
1444	2020-09-05 11:00:00	0
1445	2020-09-05 11:30:00	0
1446	2020-09-05 12:00:00	0
1447	2020-09-05 12:30:00	0
1448	2020-09-05 13:00:00	0
1449	2020-09-05 13:30:00	0
1450	2020-09-05 14:00:00	0
1451	2020-09-05 14:30:00	0
1452	2020-09-05 15:00:00	0
1453	2020-09-05 15:30:00	0
1454	2020-09-05 16:00:00	0
1455	2020-09-05 16:30:00	0
1456	2020-09-05 17:00:00	0
1457	2020-09-05 17:30:00	0
1458	2020-09-05 18:00:00	0
1459	2020-09-05 18:30:00	0
1460	2020-09-05 19:00:00	0
1461	2020-09-05 19:30:00	0
1462	2020-09-05 20:00:00	0
1463	2020-09-05 20:30:00	0
1464	2020-09-05 21:00:00	0
1465	2020-09-05 21:30:00	0
1466	2020-09-05 22:00:00	0
1467	2020-09-05 22:30:00	0
1468	2020-09-05 23:00:00	0
1469	2020-09-05 23:30:00	0
1470	2020-09-06 00:00:00	0
1471	2020-09-06 00:30:00	0
1472	2020-09-06 01:00:00	0
1473	2020-09-06 01:30:00	0
1474	2020-09-06 02:00:00	0
1475	2020-09-06 02:30:00	0
1476	2020-09-06 03:00:00	0
1477	2020-09-06 03:30:00	0
1478	2020-09-06 04:00:00	0
1479	2020-09-06 04:30:00	0
1480	2020-09-06 05:00:00	0
1481	2020-09-06 05:30:00	0
1482	2020-09-06 06:00:00	0
1483	2020-09-06 06:30:00	0
1484	2020-09-06 07:00:00	0
1485	2020-09-06 07:30:00	0
1486	2020-09-06 08:00:00	0
1487	2020-09-06 08:30:00	0
1488	2020-09-06 09:00:00	12
1489	2020-09-06 09:30:00	15
1490	2020-09-06 10:00:00	75
1491	2020-09-06 10:30:00	49
1492	2020-09-06 11:00:00	96
1493	2020-09-06 11:30:00	248
1494	2020-09-06 12:00:00	241
1495	2020-09-06 12:30:00	215
1496	2020-09-06 13:00:00	199
1497	2020-09-06 13:30:00	255
1498	2020-09-06 14:00:00	200
1499	2020-09-06 14:30:00	209
1500	2020-09-06 15:00:00	75
1501	2020-09-06 15:30:00	0
1502	2020-09-06 16:00:00	0
1503	2020-09-06 16:30:00	0
1504	2020-09-06 17:00:00	0
1505	2020-09-06 17:30:00	0
1506	2020-09-06 18:00:00	0
1507	2020-09-06 18:30:00	0
1508	2020-09-06 19:00:00	0
1509	2020-09-06 19:30:00	0
1510	2020-09-06 20:00:00	0
1511	2020-09-06 20:30:00	0
1512	2020-09-06 21:00:00	0
1513	2020-09-06 21:30:00	0
1514	2020-09-06 22:00:00	0
1515	2020-09-06 22:30:00	0
1516	2020-09-06 23:00:00	0
1517	2020-09-06 23:30:00	0
1518	2020-09-07 00:00:00	0
1519	2020-09-07 00:30:00	0
1520	2020-09-07 01:00:00	0
1521	2020-09-07 01:30:00	0
1522	2020-09-07 02:00:00	0
1523	2020-09-07 02:30:00	0
1524	2020-09-07 03:00:00	0
1525	2020-09-07 03:30:00	0
1526	2020-09-07 04:00:00	0
1527	2020-09-07 04:30:00	0
1528	2020-09-07 05:00:00	0
1529	2020-09-07 05:30:00	0
1530	2020-09-07 06:00:00	0
1531	2020-09-07 06:30:00	0
1532	2020-09-07 07:00:00	0
1533	2020-09-07 07:30:00	0
1534	2020-09-07 08:00:00	0
1535	2020-09-07 08:30:00	0
1536	2020-09-07 09:00:00	8
1537	2020-09-07 09:30:00	21
1538	2020-09-07 10:00:00	74
1539	2020-09-07 10:30:00	80
1540	2020-09-07 11:00:00	114
1541	2020-09-07 11:30:00	113
1542	2020-09-07 12:00:00	170
1543	2020-09-07 12:30:00	113
1544	2020-09-07 13:00:00	230
1545	2020-09-07 13:30:00	172
1546	2020-09-07 14:00:00	164
1547	2020-09-07 14:30:00	146
1548	2020-09-07 15:00:00	43
1549	2020-09-07 15:30:00	44
1550	2020-09-07 16:00:00	28
1551	2020-09-07 16:30:00	63
1552	2020-09-07 17:00:00	31
1553	2020-09-07 17:30:00	170
1554	2020-09-07 18:00:00	121
1555	2020-09-07 18:30:00	142
1556	2020-09-07 19:00:00	145
1557	2020-09-07 19:30:00	155
1558	2020-09-07 20:00:00	161
1559	2020-09-07 20:30:00	131
1560	2020-09-07 21:00:00	34
1561	2020-09-07 21:30:00	0
1562	2020-09-07 22:00:00	0
1563	2020-09-07 22:30:00	0
1564	2020-09-07 23:00:00	0
1565	2020-09-07 23:30:00	0
1566	2020-09-08 00:00:00	0
1567	2020-09-08 00:30:00	0
1568	2020-09-08 01:00:00	0
1569	2020-09-08 01:30:00	0
1570	2020-09-08 02:00:00	0
1571	2020-09-08 02:30:00	0
1572	2020-09-08 03:00:00	0
1573	2020-09-08 03:30:00	0
1574	2020-09-08 04:00:00	0
1575	2020-09-08 04:30:00	0
1576	2020-09-08 05:00:00	0
1577	2020-09-08 05:30:00	0
1578	2020-09-08 06:00:00	0
1579	2020-09-08 06:30:00	0
1580	2020-09-08 07:00:00	0
1581	2020-09-08 07:30:00	0
1582	2020-09-08 08:00:00	0
1583	2020-09-08 08:30:00	0
1584	2020-09-08 09:00:00	21
1585	2020-09-08 09:30:00	39
1586	2020-09-08 10:00:00	111
1587	2020-09-08 10:30:00	174
1588	2020-09-08 11:00:00	160
1589	2020-09-08 11:30:00	158
1590	2020-09-08 12:00:00	363
1591	2020-09-08 12:30:00	195
1592	2020-09-08 13:00:00	210
1593	2020-09-08 13:30:00	173
1594	2020-09-08 14:00:00	285
1595	2020-09-08 14:30:00	60
1596	2020-09-08 15:00:00	73
1597	2020-09-08 15:30:00	0
1598	2020-09-08 16:00:00	0
1599	2020-09-08 16:30:00	0
1600	2020-09-08 17:00:00	0
1601	2020-09-08 17:30:00	0
1602	2020-09-08 18:00:00	0
1603	2020-09-08 18:30:00	0
1604	2020-09-08 19:00:00	0
1605	2020-09-08 19:30:00	0
1606	2020-09-08 20:00:00	0
1607	2020-09-08 20:30:00	0
1608	2020-09-08 21:00:00	0
1609	2020-09-08 21:30:00	0
1610	2020-09-08 22:00:00	0
1611	2020-09-08 22:30:00	0
1612	2020-09-08 23:00:00	0
1613	2020-09-08 23:30:00	0
1614	2020-09-09 00:00:00	0
1615	2020-09-09 00:30:00	0
1616	2020-09-09 01:00:00	0
1617	2020-09-09 01:30:00	0
1618	2020-09-09 02:00:00	0
1619	2020-09-09 02:30:00	0
1620	2020-09-09 03:00:00	0
1621	2020-09-09 03:30:00	0
1622	2020-09-09 04:00:00	0
1623	2020-09-09 04:30:00	0
1624	2020-09-09 05:00:00	0
1625	2020-09-09 05:30:00	0
1626	2020-09-09 06:00:00	0
1627	2020-09-09 06:30:00	0
1628	2020-09-09 07:00:00	0
1629	2020-09-09 07:30:00	0
1630	2020-09-09 08:00:00	0
1631	2020-09-09 08:30:00	0
1632	2020-09-09 09:00:00	9
1633	2020-09-09 09:30:00	62
1634	2020-09-09 10:00:00	67
1635	2020-09-09 10:30:00	91
1636	2020-09-09 11:00:00	58
1637	2020-09-09 11:30:00	118
1638	2020-09-09 12:00:00	182
1639	2020-09-09 12:30:00	158
1640	2020-09-09 13:00:00	97
1641	2020-09-09 13:30:00	114
1642	2020-09-09 14:00:00	169
1643	2020-09-09 14:30:00	160
1644	2020-09-09 15:00:00	67
1645	2020-09-09 15:30:00	64
1646	2020-09-09 16:00:00	22
1647	2020-09-09 16:30:00	46
1648	2020-09-09 17:00:00	24
1649	2020-09-09 17:30:00	42
1650	2020-09-09 18:00:00	107
1651	2020-09-09 18:30:00	87
1652	2020-09-09 19:00:00	47
1653	2020-09-09 19:30:00	83
1654	2020-09-09 20:00:00	49
1655	2020-09-09 20:30:00	53
1656	2020-09-09 21:00:00	33
1657	2020-09-09 21:30:00	0
1658	2020-09-09 22:00:00	0
1659	2020-09-09 22:30:00	0
1660	2020-09-09 23:00:00	0
1661	2020-09-09 23:30:00	0
1662	2020-09-10 00:00:00	0
1663	2020-09-10 00:30:00	0
1664	2020-09-10 01:00:00	0
1665	2020-09-10 01:30:00	0
1666	2020-09-10 02:00:00	0
1667	2020-09-10 02:30:00	0
1668	2020-09-10 03:00:00	0
1669	2020-09-10 03:30:00	0
1670	2020-09-10 04:00:00	0
1671	2020-09-10 04:30:00	0
1672	2020-09-10 05:00:00	0
1673	2020-09-10 05:30:00	0
1674	2020-09-10 06:00:00	0
1675	2020-09-10 06:30:00	0
1676	2020-09-10 07:00:00	0
1677	2020-09-10 07:30:00	0
1678	2020-09-10 08:00:00	0
1679	2020-09-10 08:30:00	0
1680	2020-09-10 09:00:00	12
1681	2020-09-10 09:30:00	23
1682	2020-09-10 10:00:00	67
1683	2020-09-10 10:30:00	83
1684	2020-09-10 11:00:00	93
1685	2020-09-10 11:30:00	174
1686	2020-09-10 12:00:00	91
1687	2020-09-10 12:30:00	93
1688	2020-09-10 13:00:00	143
1689	2020-09-10 13:30:00	50
1690	2020-09-10 14:00:00	62
1691	2020-09-10 14:30:00	54
1692	2020-09-10 15:00:00	145
1693	2020-09-10 15:30:00	35
1694	2020-09-10 16:00:00	31
1695	2020-09-10 16:30:00	46
1696	2020-09-10 17:00:00	35
1697	2020-09-10 17:30:00	56
1698	2020-09-10 18:00:00	23
1699	2020-09-10 18:30:00	46
1700	2020-09-10 19:00:00	65
1701	2020-09-10 19:30:00	162
1702	2020-09-10 20:00:00	107
1703	2020-09-10 20:30:00	38
1704	2020-09-10 21:00:00	76
1705	2020-09-10 21:30:00	0
1706	2020-09-10 22:00:00	0
1707	2020-09-10 22:30:00	0
1708	2020-09-10 23:00:00	0
1709	2020-09-10 23:30:00	0
1710	2020-09-11 00:00:00	0
1711	2020-09-11 00:30:00	0
1712	2020-09-11 01:00:00	0
1713	2020-09-11 01:30:00	0
1714	2020-09-11 02:00:00	0
1715	2020-09-11 02:30:00	0
1716	2020-09-11 03:00:00	0
1717	2020-09-11 03:30:00	0
1718	2020-09-11 04:00:00	0
1719	2020-09-11 04:30:00	0
1720	2020-09-11 05:00:00	0
1721	2020-09-11 05:30:00	0
1722	2020-09-11 06:00:00	0
1723	2020-09-11 06:30:00	0
1724	2020-09-11 07:00:00	0
1725	2020-09-11 07:30:00	0
1726	2020-09-11 08:00:00	0
1727	2020-09-11 08:30:00	0
1728	2020-09-11 09:00:00	130
1729	2020-09-11 09:30:00	1
1730	2020-09-11 10:00:00	41
1731	2020-09-11 10:30:00	56
1732	2020-09-11 11:00:00	36
1733	2020-09-11 11:30:00	68
1734	2020-09-11 12:00:00	63
1735	2020-09-11 12:30:00	94
1736	2020-09-11 13:00:00	92
1737	2020-09-11 13:30:00	106
1738	2020-09-11 14:00:00	107
1739	2020-09-11 14:30:00	32
1740	2020-09-11 15:00:00	66
1741	2020-09-11 15:30:00	43
1742	2020-09-11 16:00:00	13
1743	2020-09-11 16:30:00	13
1744	2020-09-11 17:00:00	10
1745	2020-09-11 17:30:00	19
1746	2020-09-11 18:00:00	20
1747	2020-09-11 18:30:00	27
1748	2020-09-11 19:00:00	14
1749	2020-09-11 19:30:00	93
1750	2020-09-11 20:00:00	58
1751	2020-09-11 20:30:00	63
1752	2020-09-11 21:00:00	42
1753	2020-09-11 21:30:00	0
1754	2020-09-11 22:00:00	0
1755	2020-09-11 22:30:00	0
1756	2020-09-11 23:00:00	0
1757	2020-09-11 23:30:00	0
1758	2020-09-12 00:00:00	0
1759	2020-09-12 00:30:00	0
1760	2020-09-12 01:00:00	0
1761	2020-09-12 01:30:00	0
1762	2020-09-12 02:00:00	0
1763	2020-09-12 02:30:00	0
1764	2020-09-12 03:00:00	0
1765	2020-09-12 03:30:00	0
1766	2020-09-12 04:00:00	0
1767	2020-09-12 04:30:00	0
1768	2020-09-12 05:00:00	0
1769	2020-09-12 05:30:00	0
1770	2020-09-12 06:00:00	0
1771	2020-09-12 06:30:00	0
1772	2020-09-12 07:00:00	0
1773	2020-09-12 07:30:00	0
1774	2020-09-12 08:00:00	0
1775	2020-09-12 08:30:00	0
1776	2020-09-12 09:00:00	3
1777	2020-09-12 09:30:00	4
1778	2020-09-12 10:00:00	65
1779	2020-09-12 10:30:00	39
1780	2020-09-12 11:00:00	69
1781	2020-09-12 11:30:00	33
1782	2020-09-12 12:00:00	116
1783	2020-09-12 12:30:00	104
1784	2020-09-12 13:00:00	163
1785	2020-09-12 13:30:00	68
1786	2020-09-12 14:00:00	81
1787	2020-09-12 14:30:00	24
1788	2020-09-12 15:00:00	2
1789	2020-09-12 15:30:00	20
1790	2020-09-12 16:00:00	33
1791	2020-09-12 16:30:00	27
1792	2020-09-12 17:00:00	7
1793	2020-09-12 17:30:00	60
1794	2020-09-12 18:00:00	40
1795	2020-09-12 18:30:00	32
1796	2020-09-12 19:00:00	70
1797	2020-09-12 19:30:00	149
1798	2020-09-12 20:00:00	66
1799	2020-09-12 20:30:00	31
1800	2020-09-12 21:00:00	35
1801	2020-09-12 21:30:00	1
1802	2020-09-12 22:00:00	0
1803	2020-09-12 22:30:00	0
1804	2020-09-12 23:00:00	0
1805	2020-09-12 23:30:00	0
1806	2020-09-13 00:00:00	0
1807	2020-09-13 00:30:00	0
1808	2020-09-13 01:00:00	0
1809	2020-09-13 01:30:00	0
1810	2020-09-13 02:00:00	0
1811	2020-09-13 02:30:00	0
1812	2020-09-13 03:00:00	0
1813	2020-09-13 03:30:00	0
1814	2020-09-13 04:00:00	0
1815	2020-09-13 04:30:00	0
1816	2020-09-13 05:00:00	0
1817	2020-09-13 05:30:00	0
1818	2020-09-13 06:00:00	0
1819	2020-09-13 06:30:00	0
1820	2020-09-13 07:00:00	0
1821	2020-09-13 07:30:00	0
1822	2020-09-13 08:00:00	0
1823	2020-09-13 08:30:00	0
1824	2020-09-13 09:00:00	0
1825	2020-09-13 09:30:00	62
1826	2020-09-13 10:00:00	80
1827	2020-09-13 10:30:00	126
1828	2020-09-13 11:00:00	189
1829	2020-09-13 11:30:00	144
1830	2020-09-13 12:00:00	241
1831	2020-09-13 12:30:00	190
1832	2020-09-13 13:00:00	181
1833	2020-09-13 13:30:00	189
1834	2020-09-13 14:00:00	241
1835	2020-09-13 14:30:00	149
1836	2020-09-13 15:00:00	21
1837	2020-09-13 15:30:00	0
1838	2020-09-13 16:00:00	0
1839	2020-09-13 16:30:00	0
1840	2020-09-13 17:00:00	0
1841	2020-09-13 17:30:00	0
1842	2020-09-13 18:00:00	0
1843	2020-09-13 18:30:00	0
1844	2020-09-13 19:00:00	0
1845	2020-09-13 19:30:00	0
1846	2020-09-13 20:00:00	0
1847	2020-09-13 20:30:00	0
1848	2020-09-13 21:00:00	0
1849	2020-09-13 21:30:00	0
1850	2020-09-13 22:00:00	0
1851	2020-09-13 22:30:00	0
1852	2020-09-13 23:00:00	0
1853	2020-09-13 23:30:00	0
1854	2020-09-14 00:00:00	0
1855	2020-09-14 00:30:00	0
1856	2020-09-14 01:00:00	0
1857	2020-09-14 01:30:00	0
1858	2020-09-14 02:00:00	0
1859	2020-09-14 02:30:00	0
1860	2020-09-14 03:00:00	0
1861	2020-09-14 03:30:00	0
1862	2020-09-14 04:00:00	0
1863	2020-09-14 04:30:00	0
1864	2020-09-14 05:00:00	0
1865	2020-09-14 05:30:00	0
1866	2020-09-14 06:00:00	0
1867	2020-09-14 06:30:00	0
1868	2020-09-14 07:00:00	0
1869	2020-09-14 07:30:00	0
1870	2020-09-14 08:00:00	0
1871	2020-09-14 08:30:00	0
1872	2020-09-14 09:00:00	10
1873	2020-09-14 09:30:00	64
1874	2020-09-14 10:00:00	38
1875	2020-09-14 10:30:00	83
1876	2020-09-14 11:00:00	65
1877	2020-09-14 11:30:00	145
1878	2020-09-14 12:00:00	135
1879	2020-09-14 12:30:00	117
1880	2020-09-14 13:00:00	122
1881	2020-09-14 13:30:00	100
1882	2020-09-14 14:00:00	120
1883	2020-09-14 14:30:00	117
1884	2020-09-14 15:00:00	83
1885	2020-09-14 15:30:00	35
1886	2020-09-14 16:00:00	24
1887	2020-09-14 16:30:00	96
1888	2020-09-14 17:00:00	56
1889	2020-09-14 17:30:00	57
1890	2020-09-14 18:00:00	64
1891	2020-09-14 18:30:00	54
1892	2020-09-14 19:00:00	100
1893	2020-09-14 19:30:00	169
1894	2020-09-14 20:00:00	46
1895	2020-09-14 20:30:00	85
1896	2020-09-14 21:00:00	71
1897	2020-09-14 21:30:00	0
1898	2020-09-14 22:00:00	0
1899	2020-09-14 22:30:00	0
1900	2020-09-14 23:00:00	0
1901	2020-09-14 23:30:00	0
1902	2020-09-15 00:00:00	0
1903	2020-09-15 00:30:00	0
1904	2020-09-15 01:00:00	0
1905	2020-09-15 01:30:00	0
1906	2020-09-15 02:00:00	0
1907	2020-09-15 02:30:00	0
1908	2020-09-15 03:00:00	0
1909	2020-09-15 03:30:00	0
1910	2020-09-15 04:00:00	0
1911	2020-09-15 04:30:00	0
1912	2020-09-15 05:00:00	0
1913	2020-09-15 05:30:00	0
1914	2020-09-15 06:00:00	0
1915	2020-09-15 06:30:00	0
1916	2020-09-15 07:00:00	0
1917	2020-09-15 07:30:00	0
1918	2020-09-15 08:00:00	0
1919	2020-09-15 08:30:00	0
1920	2020-09-15 09:00:00	14
1921	2020-09-15 09:30:00	23
1922	2020-09-15 10:00:00	22
1923	2020-09-15 10:30:00	60
1924	2020-09-15 11:00:00	151
1925	2020-09-15 11:30:00	39
1926	2020-09-15 12:00:00	47
1927	2020-09-15 12:30:00	93
1928	2020-09-15 13:00:00	143
1929	2020-09-15 13:30:00	57
1930	2020-09-15 14:00:00	68
1931	2020-09-15 14:30:00	84
1932	2020-09-15 15:00:00	26
1933	2020-09-15 15:30:00	11
1934	2020-09-15 16:00:00	52
1935	2020-09-15 16:30:00	17
1936	2020-09-15 17:00:00	29
1937	2020-09-15 17:30:00	33
1938	2020-09-15 18:00:00	80
1939	2020-09-15 18:30:00	20
1940	2020-09-15 19:00:00	63
1941	2020-09-15 19:30:00	84
1942	2020-09-15 20:00:00	74
1943	2020-09-15 20:30:00	34
1944	2020-09-15 21:00:00	35
1945	2020-09-15 21:30:00	0
1946	2020-09-15 22:00:00	0
1947	2020-09-15 22:30:00	0
1948	2020-09-15 23:00:00	0
1949	2020-09-15 23:30:00	0
1950	2020-09-16 00:00:00	0
1951	2020-09-16 00:30:00	0
1952	2020-09-16 01:00:00	0
1953	2020-09-16 01:30:00	0
1954	2020-09-16 02:00:00	0
1955	2020-09-16 02:30:00	0
1956	2020-09-16 03:00:00	0
1957	2020-09-16 03:30:00	0
1958	2020-09-16 04:00:00	0
1959	2020-09-16 04:30:00	0
1960	2020-09-16 05:00:00	0
1961	2020-09-16 05:30:00	0
1962	2020-09-16 06:00:00	0
1963	2020-09-16 06:30:00	0
1964	2020-09-16 07:00:00	0
1965	2020-09-16 07:30:00	0
1966	2020-09-16 08:00:00	0
1967	2020-09-16 08:30:00	0
1968	2020-09-16 09:00:00	22
1969	2020-09-16 09:30:00	15
1970	2020-09-16 10:00:00	23
1971	2020-09-16 10:30:00	70
1972	2020-09-16 11:00:00	41
1973	2020-09-16 11:30:00	33
1974	2020-09-16 12:00:00	140
1975	2020-09-16 12:30:00	59
1976	2020-09-16 13:00:00	78
1977	2020-09-16 13:30:00	142
1978	2020-09-16 14:00:00	45
1979	2020-09-16 14:30:00	65
1980	2020-09-16 15:00:00	67
1981	2020-09-16 15:30:00	23
1982	2020-09-16 16:00:00	21
1983	2020-09-16 16:30:00	26
1984	2020-09-16 17:00:00	32
1985	2020-09-16 17:30:00	37
1986	2020-09-16 18:00:00	38
1987	2020-09-16 18:30:00	60
1988	2020-09-16 19:00:00	93
1989	2020-09-16 19:30:00	48
1990	2020-09-16 20:00:00	115
1991	2020-09-16 20:30:00	59
1992	2020-09-16 21:00:00	59
1993	2020-09-16 21:30:00	0
1994	2020-09-16 22:00:00	0
1995	2020-09-16 22:30:00	0
1996	2020-09-16 23:00:00	0
1997	2020-09-16 23:30:00	0
1998	2020-09-17 00:00:00	0
1999	2020-09-17 00:30:00	0
2000	2020-09-17 01:00:00	0
2001	2020-09-17 01:30:00	0
2002	2020-09-17 02:00:00	0
2003	2020-09-17 02:30:00	0
2004	2020-09-17 03:00:00	0
2005	2020-09-17 03:30:00	0
2006	2020-09-17 04:00:00	0
2007	2020-09-17 04:30:00	0
2008	2020-09-17 05:00:00	0
2009	2020-09-17 05:30:00	0
2010	2020-09-17 06:00:00	0
2011	2020-09-17 06:30:00	0
2012	2020-09-17 07:00:00	0
2013	2020-09-17 07:30:00	0
2014	2020-09-17 08:00:00	0
2015	2020-09-17 08:30:00	0
2016	2020-09-17 09:00:00	48
2017	2020-09-17 09:30:00	8
2018	2020-09-17 10:00:00	34
2019	2020-09-17 10:30:00	43
2020	2020-09-17 11:00:00	42
2021	2020-09-17 11:30:00	86
2022	2020-09-17 12:00:00	78
2023	2020-09-17 12:30:00	66
2024	2020-09-17 13:00:00	49
2025	2020-09-17 13:30:00	37
2026	2020-09-17 14:00:00	20
2027	2020-09-17 14:30:00	70
2028	2020-09-17 15:00:00	76
2029	2020-09-17 15:30:00	19
2030	2020-09-17 16:00:00	32
2031	2020-09-17 16:30:00	42
2032	2020-09-17 17:00:00	36
2033	2020-09-17 17:30:00	40
2034	2020-09-17 18:00:00	92
2035	2020-09-17 18:30:00	51
2036	2020-09-17 19:00:00	34
2037	2020-09-17 19:30:00	56
2038	2020-09-17 20:00:00	76
2039	2020-09-17 20:30:00	71
2040	2020-09-17 21:00:00	24
2041	2020-09-17 21:30:00	0
2042	2020-09-17 22:00:00	0
2043	2020-09-17 22:30:00	0
2044	2020-09-17 23:00:00	0
2045	2020-09-17 23:30:00	0
2046	2020-09-18 00:00:00	0
2047	2020-09-18 00:30:00	0
2048	2020-09-18 01:00:00	0
2049	2020-09-18 01:30:00	0
2050	2020-09-18 02:00:00	0
2051	2020-09-18 02:30:00	0
2052	2020-09-18 03:00:00	0
2053	2020-09-18 03:30:00	0
2054	2020-09-18 04:00:00	0
2055	2020-09-18 04:30:00	0
2056	2020-09-18 05:00:00	0
2057	2020-09-18 05:30:00	0
2058	2020-09-18 06:00:00	0
2059	2020-09-18 06:30:00	0
2060	2020-09-18 07:00:00	0
2061	2020-09-18 07:30:00	0
2062	2020-09-18 08:00:00	0
2063	2020-09-18 08:30:00	0
2064	2020-09-18 09:00:00	13
2065	2020-09-18 09:30:00	10
2066	2020-09-18 10:00:00	18
2067	2020-09-18 10:30:00	57
2068	2020-09-18 11:00:00	41
2069	2020-09-18 11:30:00	62
2070	2020-09-18 12:00:00	94
2071	2020-09-18 12:30:00	89
2072	2020-09-18 13:00:00	89
2073	2020-09-18 13:30:00	53
2074	2020-09-18 14:00:00	81
2075	2020-09-18 14:30:00	24
2076	2020-09-18 15:00:00	38
2077	2020-09-18 15:30:00	67
2078	2020-09-18 16:00:00	24
2079	2020-09-18 16:30:00	31
2080	2020-09-18 17:00:00	70
2081	2020-09-18 17:30:00	13
2082	2020-09-18 18:00:00	20
2083	2020-09-18 18:30:00	44
2084	2020-09-18 19:00:00	28
2085	2020-09-18 19:30:00	34
2086	2020-09-18 20:00:00	56
2087	2020-09-18 20:30:00	98
2088	2020-09-18 21:00:00	21
2089	2020-09-18 21:30:00	0
2090	2020-09-18 22:00:00	0
2091	2020-09-18 22:30:00	0
2092	2020-09-18 23:00:00	0
2093	2020-09-18 23:30:00	0
2094	2020-09-19 00:00:00	0
2095	2020-09-19 00:30:00	0
2096	2020-09-19 01:00:00	0
2097	2020-09-19 01:30:00	0
2098	2020-09-19 02:00:00	0
2099	2020-09-19 02:30:00	0
2100	2020-09-19 03:00:00	0
2101	2020-09-19 03:30:00	0
2102	2020-09-19 04:00:00	0
2103	2020-09-19 04:30:00	0
2104	2020-09-19 05:00:00	0
2105	2020-09-19 05:30:00	0
2106	2020-09-19 06:00:00	0
2107	2020-09-19 06:30:00	0
2108	2020-09-19 07:00:00	0
2109	2020-09-19 07:30:00	0
2110	2020-09-19 08:00:00	0
2111	2020-09-19 08:30:00	0
2112	2020-09-19 09:00:00	12
2113	2020-09-19 09:30:00	26
2114	2020-09-19 10:00:00	31
2115	2020-09-19 10:30:00	129
2116	2020-09-19 11:00:00	116
2117	2020-09-19 11:30:00	52
2118	2020-09-19 12:00:00	115
2119	2020-09-19 12:30:00	105
2120	2020-09-19 13:00:00	76
2121	2020-09-19 13:30:00	89
2122	2020-09-19 14:00:00	28
2123	2020-09-19 14:30:00	102
2124	2020-09-19 15:00:00	7
2125	2020-09-19 15:30:00	19
2126	2020-09-19 16:00:00	19
2127	2020-09-19 16:30:00	29
2128	2020-09-19 17:00:00	13
2129	2020-09-19 17:30:00	49
2130	2020-09-19 18:00:00	114
2131	2020-09-19 18:30:00	53
2132	2020-09-19 19:00:00	16
2133	2020-09-19 19:30:00	51
2134	2020-09-19 20:00:00	91
2135	2020-09-19 20:30:00	27
2136	2020-09-19 21:00:00	37
2137	2020-09-19 21:30:00	0
2138	2020-09-19 22:00:00	4
2139	2020-09-19 22:30:00	0
2140	2020-09-19 23:00:00	0
2141	2020-09-19 23:30:00	0
2142	2020-09-20 00:00:00	0
2143	2020-09-20 00:30:00	0
2144	2020-09-20 01:00:00	0
2145	2020-09-20 01:30:00	0
2146	2020-09-20 02:00:00	0
2147	2020-09-20 02:30:00	0
2148	2020-09-20 03:00:00	0
2149	2020-09-20 03:30:00	0
2150	2020-09-20 04:00:00	0
2151	2020-09-20 04:30:00	0
2152	2020-09-20 05:00:00	0
2153	2020-09-20 05:30:00	0
2154	2020-09-20 06:00:00	0
2155	2020-09-20 06:30:00	0
2156	2020-09-20 07:00:00	0
2157	2020-09-20 07:30:00	0
2158	2020-09-20 08:00:00	0
2159	2020-09-20 08:30:00	0
2160	2020-09-20 09:00:00	8
2161	2020-09-20 09:30:00	24
2162	2020-09-20 10:00:00	55
2163	2020-09-20 10:30:00	57
2164	2020-09-20 11:00:00	143
2165	2020-09-20 11:30:00	100
2166	2020-09-20 12:00:00	250
2167	2020-09-20 12:30:00	269
2168	2020-09-20 13:00:00	189
2169	2020-09-20 13:30:00	202
2170	2020-09-20 14:00:00	131
2171	2020-09-20 14:30:00	178
2172	2020-09-20 15:00:00	87
2173	2020-09-20 15:30:00	3
2174	2020-09-20 16:00:00	0
2175	2020-09-20 16:30:00	0
2176	2020-09-20 17:00:00	0
2177	2020-09-20 17:30:00	0
2178	2020-09-20 18:00:00	0
2179	2020-09-20 18:30:00	0
2180	2020-09-20 19:00:00	0
2181	2020-09-20 19:30:00	0
2182	2020-09-20 20:00:00	0
2183	2020-09-20 20:30:00	0
2184	2020-09-20 21:00:00	0
2185	2020-09-20 21:30:00	0
2186	2020-09-20 22:00:00	0
2187	2020-09-20 22:30:00	0
2188	2020-09-20 23:00:00	0
2189	2020-09-20 23:30:00	0
2190	2020-09-21 00:00:00	0
2191	2020-09-21 00:30:00	0
2192	2020-09-21 01:00:00	0
2193	2020-09-21 01:30:00	0
2194	2020-09-21 02:00:00	0
2195	2020-09-21 02:30:00	0
2196	2020-09-21 03:00:00	0
2197	2020-09-21 03:30:00	0
2198	2020-09-21 04:00:00	0
2199	2020-09-21 04:30:00	0
2200	2020-09-21 05:00:00	0
2201	2020-09-21 05:30:00	0
2202	2020-09-21 06:00:00	0
2203	2020-09-21 06:30:00	0
2204	2020-09-21 07:00:00	0
2205	2020-09-21 07:30:00	0
2206	2020-09-21 08:00:00	0
2207	2020-09-21 08:30:00	0
2208	2020-09-21 09:00:00	1
2209	2020-09-21 09:30:00	40
2210	2020-09-21 10:00:00	91
2211	2020-09-21 10:30:00	81
2212	2020-09-21 11:00:00	64
2213	2020-09-21 11:30:00	58
2214	2020-09-21 12:00:00	104
2215	2020-09-21 12:30:00	69
2216	2020-09-21 13:00:00	159
2217	2020-09-21 13:30:00	95
2218	2020-09-21 14:00:00	178
2219	2020-09-21 14:30:00	58
2220	2020-09-21 15:00:00	54
2221	2020-09-21 15:30:00	56
2222	2020-09-21 16:00:00	45
2223	2020-09-21 16:30:00	70
2224	2020-09-21 17:00:00	24
2225	2020-09-21 17:30:00	73
2226	2020-09-21 18:00:00	28
2227	2020-09-21 18:30:00	31
2228	2020-09-21 19:00:00	81
2229	2020-09-21 19:30:00	63
2230	2020-09-21 20:00:00	125
2231	2020-09-21 20:30:00	62
2232	2020-09-21 21:00:00	48
2233	2020-09-21 21:30:00	0
2234	2020-09-21 22:00:00	0
2235	2020-09-21 22:30:00	0
2236	2020-09-21 23:00:00	0
2237	2020-09-21 23:30:00	0
2238	2020-09-22 00:00:00	0
2239	2020-09-22 00:30:00	0
2240	2020-09-22 01:00:00	0
2241	2020-09-22 01:30:00	0
2242	2020-09-22 02:00:00	0
2243	2020-09-22 02:30:00	0
2244	2020-09-22 03:00:00	0
2245	2020-09-22 03:30:00	0
2246	2020-09-22 04:00:00	0
2247	2020-09-22 04:30:00	0
2248	2020-09-22 05:00:00	0
2249	2020-09-22 05:30:00	0
2250	2020-09-22 06:00:00	0
2251	2020-09-22 06:30:00	0
2252	2020-09-22 07:00:00	0
2253	2020-09-22 07:30:00	0
2254	2020-09-22 08:00:00	0
2255	2020-09-22 08:30:00	0
2256	2020-09-22 09:00:00	2
2257	2020-09-22 09:30:00	76
2258	2020-09-22 10:00:00	15
2259	2020-09-22 10:30:00	55
2260	2020-09-22 11:00:00	57
2261	2020-09-22 11:30:00	77
2262	2020-09-22 12:00:00	90
2263	2020-09-22 12:30:00	110
2264	2020-09-22 13:00:00	114
2265	2020-09-22 13:30:00	55
2266	2020-09-22 14:00:00	94
2267	2020-09-22 14:30:00	27
2268	2020-09-22 15:00:00	30
2269	2020-09-22 15:30:00	27
2270	2020-09-22 16:00:00	23
2271	2020-09-22 16:30:00	32
2272	2020-09-22 17:00:00	36
2273	2020-09-22 17:30:00	19
2274	2020-09-22 18:00:00	49
2275	2020-09-22 18:30:00	35
2276	2020-09-22 19:00:00	92
2277	2020-09-22 19:30:00	13
2278	2020-09-22 20:00:00	107
2279	2020-09-22 20:30:00	89
2280	2020-09-22 21:00:00	10
2281	2020-09-22 21:30:00	0
2282	2020-09-22 22:00:00	0
2283	2020-09-22 22:30:00	0
2284	2020-09-22 23:00:00	0
2285	2020-09-22 23:30:00	0
2286	2020-09-23 00:00:00	0
2287	2020-09-23 00:30:00	0
2288	2020-09-23 01:00:00	0
2289	2020-09-23 01:30:00	0
2290	2020-09-23 02:00:00	0
2291	2020-09-23 02:30:00	0
2292	2020-09-23 03:00:00	0
2293	2020-09-23 03:30:00	0
2294	2020-09-23 04:00:00	0
2295	2020-09-23 04:30:00	0
2296	2020-09-23 05:00:00	0
2297	2020-09-23 05:30:00	0
2298	2020-09-23 06:00:00	0
2299	2020-09-23 06:30:00	0
2300	2020-09-23 07:00:00	0
2301	2020-09-23 07:30:00	0
2302	2020-09-23 08:00:00	0
2303	2020-09-23 08:30:00	0
2304	2020-09-23 09:00:00	34
2305	2020-09-23 09:30:00	22
2306	2020-09-23 10:00:00	57
2307	2020-09-23 10:30:00	18
2308	2020-09-23 11:00:00	73
2309	2020-09-23 11:30:00	48
2310	2020-09-23 12:00:00	94
2311	2020-09-23 12:30:00	66
2312	2020-09-23 13:00:00	91
2313	2020-09-23 13:30:00	79
2314	2020-09-23 14:00:00	50
2315	2020-09-23 14:30:00	44
2316	2020-09-23 15:00:00	69
2317	2020-09-23 15:30:00	62
2318	2020-09-23 16:00:00	36
2319	2020-09-23 16:30:00	51
2320	2020-09-23 17:00:00	25
2321	2020-09-23 17:30:00	21
2322	2020-09-23 18:00:00	47
2323	2020-09-23 18:30:00	55
2324	2020-09-23 19:00:00	58
2325	2020-09-23 19:30:00	32
2326	2020-09-23 20:00:00	54
2327	2020-09-23 20:30:00	147
2328	2020-09-23 21:00:00	26
2329	2020-09-23 21:30:00	0
2330	2020-09-23 22:00:00	0
2331	2020-09-23 22:30:00	0
2332	2020-09-23 23:00:00	0
2333	2020-09-23 23:30:00	0
2334	2020-09-24 00:00:00	0
2335	2020-09-24 00:30:00	0
2336	2020-09-24 01:00:00	0
2337	2020-09-24 01:30:00	0
2338	2020-09-24 02:00:00	0
2339	2020-09-24 02:30:00	0
2340	2020-09-24 03:00:00	0
2341	2020-09-24 03:30:00	0
2342	2020-09-24 04:00:00	0
2343	2020-09-24 04:30:00	0
2344	2020-09-24 05:00:00	0
2345	2020-09-24 05:30:00	0
2346	2020-09-24 06:00:00	0
2347	2020-09-24 06:30:00	0
2348	2020-09-24 07:00:00	0
2349	2020-09-24 07:30:00	0
2350	2020-09-24 08:00:00	0
2351	2020-09-24 08:30:00	0
2352	2020-09-24 09:00:00	1
2353	2020-09-24 09:30:00	25
2354	2020-09-24 10:00:00	100
2355	2020-09-24 10:30:00	97
2356	2020-09-24 11:00:00	85
2357	2020-09-24 11:30:00	71
2358	2020-09-24 12:00:00	72
2359	2020-09-24 12:30:00	111
2360	2020-09-24 13:00:00	140
2361	2020-09-24 13:30:00	114
2362	2020-09-24 14:00:00	71
2363	2020-09-24 14:30:00	110
2364	2020-09-24 15:00:00	15
2365	2020-09-24 15:30:00	13
2366	2020-09-24 16:00:00	53
2367	2020-09-24 16:30:00	27
2368	2020-09-24 17:00:00	100
2369	2020-09-24 17:30:00	29
2370	2020-09-24 18:00:00	50
2371	2020-09-24 18:30:00	53
2372	2020-09-24 19:00:00	65
2373	2020-09-24 19:30:00	126
2374	2020-09-24 20:00:00	39
2375	2020-09-24 20:30:00	16
2376	2020-09-24 21:00:00	20
2377	2020-09-24 21:30:00	0
2378	2020-09-24 22:00:00	0
2379	2020-09-24 22:30:00	0
2380	2020-09-24 23:00:00	0
2381	2020-09-24 23:30:00	0
2382	2020-09-25 00:00:00	0
2383	2020-09-25 00:30:00	0
2384	2020-09-25 01:00:00	0
2385	2020-09-25 01:30:00	0
2386	2020-09-25 02:00:00	0
2387	2020-09-25 02:30:00	0
2388	2020-09-25 03:00:00	0
2389	2020-09-25 03:30:00	0
2390	2020-09-25 04:00:00	0
2391	2020-09-25 04:30:00	0
2392	2020-09-25 05:00:00	0
2393	2020-09-25 05:30:00	0
2394	2020-09-25 06:00:00	0
2395	2020-09-25 06:30:00	0
2396	2020-09-25 07:00:00	0
2397	2020-09-25 07:30:00	0
2398	2020-09-25 08:00:00	0
2399	2020-09-25 08:30:00	0
2400	2020-09-25 09:00:00	10
2401	2020-09-25 09:30:00	59
2402	2020-09-25 10:00:00	21
2403	2020-09-25 10:30:00	54
2404	2020-09-25 11:00:00	73
2405	2020-09-25 11:30:00	57
2406	2020-09-25 12:00:00	62
2407	2020-09-25 12:30:00	47
2408	2020-09-25 13:00:00	61
2409	2020-09-25 13:30:00	114
2410	2020-09-25 14:00:00	81
2411	2020-09-25 14:30:00	29
2412	2020-09-25 15:00:00	71
2413	2020-09-25 15:30:00	25
2414	2020-09-25 16:00:00	25
2415	2020-09-25 16:30:00	17
2416	2020-09-25 17:00:00	18
2417	2020-09-25 17:30:00	43
2418	2020-09-25 18:00:00	27
2419	2020-09-25 18:30:00	44
2420	2020-09-25 19:00:00	52
2421	2020-09-25 19:30:00	66
2422	2020-09-25 20:00:00	88
2423	2020-09-25 20:30:00	50
2424	2020-09-25 21:00:00	3
2425	2020-09-25 21:30:00	2
2426	2020-09-25 22:00:00	0
2427	2020-09-25 22:30:00	0
2428	2020-09-25 23:00:00	0
2429	2020-09-25 23:30:00	0
2430	2020-09-26 00:00:00	0
2431	2020-09-26 00:30:00	0
2432	2020-09-26 01:00:00	0
2433	2020-09-26 01:30:00	0
2434	2020-09-26 02:00:00	0
2435	2020-09-26 02:30:00	0
2436	2020-09-26 03:00:00	0
2437	2020-09-26 03:30:00	0
2438	2020-09-26 04:00:00	0
2439	2020-09-26 04:30:00	0
2440	2020-09-26 05:00:00	0
2441	2020-09-26 05:30:00	0
2442	2020-09-26 06:00:00	0
2443	2020-09-26 06:30:00	0
2444	2020-09-26 07:00:00	0
2445	2020-09-26 07:30:00	0
2446	2020-09-26 08:00:00	0
2447	2020-09-26 08:30:00	0
2448	2020-09-26 09:00:00	2
2449	2020-09-26 09:30:00	10
2450	2020-09-26 10:00:00	16
2451	2020-09-26 10:30:00	40
2452	2020-09-26 11:00:00	38
2453	2020-09-26 11:30:00	53
2454	2020-09-26 12:00:00	137
2455	2020-09-26 12:30:00	81
2456	2020-09-26 13:00:00	124
2457	2020-09-26 13:30:00	77
2458	2020-09-26 14:00:00	65
2459	2020-09-26 14:30:00	46
2460	2020-09-26 15:00:00	32
2461	2020-09-26 15:30:00	32
2462	2020-09-26 16:00:00	16
2463	2020-09-26 16:30:00	5
2464	2020-09-26 17:00:00	10
2465	2020-09-26 17:30:00	46
2466	2020-09-26 18:00:00	22
2467	2020-09-26 18:30:00	34
2468	2020-09-26 19:00:00	75
2469	2020-09-26 19:30:00	39
2470	2020-09-26 20:00:00	88
2471	2020-09-26 20:30:00	52
2472	2020-09-26 21:00:00	13
2473	2020-09-26 21:30:00	0
2474	2020-09-26 22:00:00	0
2475	2020-09-26 22:30:00	0
2476	2020-09-26 23:00:00	0
2477	2020-09-26 23:30:00	0
2478	2020-09-27 00:00:00	0
2479	2020-09-27 00:30:00	0
2480	2020-09-27 01:00:00	0
2481	2020-09-27 01:30:00	0
2482	2020-09-27 02:00:00	0
2483	2020-09-27 02:30:00	0
2484	2020-09-27 03:00:00	0
2485	2020-09-27 03:30:00	0
2486	2020-09-27 04:00:00	0
2487	2020-09-27 04:30:00	0
2488	2020-09-27 05:00:00	0
2489	2020-09-27 05:30:00	0
2490	2020-09-27 06:00:00	0
2491	2020-09-27 06:30:00	0
2492	2020-09-27 07:00:00	0
2493	2020-09-27 07:30:00	0
2494	2020-09-27 08:00:00	0
2495	2020-09-27 08:30:00	0
2496	2020-09-27 09:00:00	10
2497	2020-09-27 09:30:00	24
2498	2020-09-27 10:00:00	51
2499	2020-09-27 10:30:00	57
2500	2020-09-27 11:00:00	164
2501	2020-09-27 11:30:00	139
2502	2020-09-27 12:00:00	212
2503	2020-09-27 12:30:00	219
2504	2020-09-27 13:00:00	195
2505	2020-09-27 13:30:00	207
2506	2020-09-27 14:00:00	115
2507	2020-09-27 14:30:00	157
2508	2020-09-27 15:00:00	84
2509	2020-09-27 15:30:00	0
2510	2020-09-27 16:00:00	0
2511	2020-09-27 16:30:00	0
2512	2020-09-27 17:00:00	0
2513	2020-09-27 17:30:00	0
2514	2020-09-27 18:00:00	0
2515	2020-09-27 18:30:00	0
2516	2020-09-27 19:00:00	0
2517	2020-09-27 19:30:00	0
2518	2020-09-27 20:00:00	0
2519	2020-09-27 20:30:00	0
2520	2020-09-27 21:00:00	0
2521	2020-09-27 21:30:00	0
2522	2020-09-27 22:00:00	0
2523	2020-09-27 22:30:00	0
2524	2020-09-27 23:00:00	0
2525	2020-09-27 23:30:00	0
2526	2020-09-28 00:00:00	0
2527	2020-09-28 00:30:00	0
2528	2020-09-28 01:00:00	0
2529	2020-09-28 01:30:00	0
2530	2020-09-28 02:00:00	0
2531	2020-09-28 02:30:00	0
2532	2020-09-28 03:00:00	0
2533	2020-09-28 03:30:00	0
2534	2020-09-28 04:00:00	0
2535	2020-09-28 04:30:00	0
2536	2020-09-28 05:00:00	0
2537	2020-09-28 05:30:00	0
2538	2020-09-28 06:00:00	0
2539	2020-09-28 06:30:00	0
2540	2020-09-28 07:00:00	0
2541	2020-09-28 07:30:00	0
2542	2020-09-28 08:00:00	0
2543	2020-09-28 08:30:00	0
2544	2020-09-28 09:00:00	2
2545	2020-09-28 09:30:00	85
2546	2020-09-28 10:00:00	131
2547	2020-09-28 10:30:00	153
2548	2020-09-28 11:00:00	98
2549	2020-09-28 11:30:00	126
2550	2020-09-28 12:00:00	59
2551	2020-09-28 12:30:00	108
2552	2020-09-28 13:00:00	74
2553	2020-09-28 13:30:00	141
2554	2020-09-28 14:00:00	95
2555	2020-09-28 14:30:00	111
2556	2020-09-28 15:00:00	22
2557	2020-09-28 15:30:00	14
2558	2020-09-28 16:00:00	36
2559	2020-09-28 16:30:00	42
2560	2020-09-28 17:00:00	56
2561	2020-09-28 17:30:00	94
2562	2020-09-28 18:00:00	74
2563	2020-09-28 18:30:00	65
2564	2020-09-28 19:00:00	160
2565	2020-09-28 19:30:00	111
2566	2020-09-28 20:00:00	107
2567	2020-09-28 20:30:00	68
2568	2020-09-28 21:00:00	8
2569	2020-09-28 21:30:00	0
2570	2020-09-28 22:00:00	0
2571	2020-09-28 22:30:00	0
2572	2020-09-28 23:00:00	0
2573	2020-09-28 23:30:00	0
2574	2020-09-29 00:00:00	0
2575	2020-09-29 00:30:00	0
2576	2020-09-29 01:00:00	0
2577	2020-09-29 01:30:00	0
2578	2020-09-29 02:00:00	0
2579	2020-09-29 02:30:00	0
2580	2020-09-29 03:00:00	0
2581	2020-09-29 03:30:00	0
2582	2020-09-29 04:00:00	0
2583	2020-09-29 04:30:00	0
2584	2020-09-29 05:00:00	0
2585	2020-09-29 05:30:00	0
2586	2020-09-29 06:00:00	0
2587	2020-09-29 06:30:00	0
2588	2020-09-29 07:00:00	0
2589	2020-09-29 07:30:00	0
2590	2020-09-29 08:00:00	0
2591	2020-09-29 08:30:00	0
2592	2020-09-29 09:00:00	15
2593	2020-09-29 09:30:00	9
2594	2020-09-29 10:00:00	21
2595	2020-09-29 10:30:00	38
2596	2020-09-29 11:00:00	62
2597	2020-09-29 11:30:00	82
2598	2020-09-29 12:00:00	93
2599	2020-09-29 12:30:00	97
2600	2020-09-29 13:00:00	112
2601	2020-09-29 13:30:00	70
2602	2020-09-29 14:00:00	78
2603	2020-09-29 14:30:00	80
2604	2020-09-29 15:00:00	31
2605	2020-09-29 15:30:00	67
2606	2020-09-29 16:00:00	30
2607	2020-09-29 16:30:00	20
2608	2020-09-29 17:00:00	46
2609	2020-09-29 17:30:00	35
2610	2020-09-29 18:00:00	65
2611	2020-09-29 18:30:00	36
2612	2020-09-29 19:00:00	124
2613	2020-09-29 19:30:00	65
2614	2020-09-29 20:00:00	43
2615	2020-09-29 20:30:00	132
2616	2020-09-29 21:00:00	34
2617	2020-09-29 21:30:00	0
2618	2020-09-29 22:00:00	0
2619	2020-09-29 22:30:00	0
2620	2020-09-29 23:00:00	0
2621	2020-09-29 23:30:00	0
2622	2020-09-30 00:00:00	0
2623	2020-09-30 00:30:00	0
2624	2020-09-30 01:00:00	0
2625	2020-09-30 01:30:00	0
2626	2020-09-30 02:00:00	0
2627	2020-09-30 02:30:00	0
2628	2020-09-30 03:00:00	0
2629	2020-09-30 03:30:00	0
2630	2020-09-30 04:00:00	0
2631	2020-09-30 04:30:00	0
2632	2020-09-30 05:00:00	0
2633	2020-09-30 05:30:00	0
2634	2020-09-30 06:00:00	0
2635	2020-09-30 06:30:00	0
2636	2020-09-30 07:00:00	0
2637	2020-09-30 07:30:00	0
2638	2020-09-30 08:00:00	0
2639	2020-09-30 08:30:00	0
2640	2020-09-30 09:00:00	8
2641	2020-09-30 09:30:00	6
2642	2020-09-30 10:00:00	34
2643	2020-09-30 10:30:00	48
2644	2020-09-30 11:00:00	44
2645	2020-09-30 11:30:00	86
2646	2020-09-30 12:00:00	11
2647	2020-09-30 12:30:00	83
2648	2020-09-30 13:00:00	61
2649	2020-09-30 13:30:00	77
2650	2020-09-30 14:00:00	78
2651	2020-09-30 14:30:00	25
2652	2020-09-30 15:00:00	6
2653	2020-09-30 15:30:00	32
2654	2020-09-30 16:00:00	35
2655	2020-09-30 16:30:00	66
2656	2020-09-30 17:00:00	43
2657	2020-09-30 17:30:00	44
2658	2020-09-30 18:00:00	89
2659	2020-09-30 18:30:00	68
2660	2020-09-30 19:00:00	46
2661	2020-09-30 19:30:00	86
2662	2020-09-30 20:00:00	61
2663	2020-09-30 20:30:00	117
2664	2020-09-30 21:00:00	44
2665	2020-09-30 21:30:00	0
2666	2020-09-30 22:00:00	0
2667	2020-09-30 22:30:00	0
2668	2020-09-30 23:00:00	0
2669	2020-09-30 23:30:00	0
2670	2020-10-01 00:00:00	0
2671	2020-10-01 00:30:00	0
2672	2020-10-01 01:00:00	0
2673	2020-10-01 01:30:00	0
2674	2020-10-01 02:00:00	0
2675	2020-10-01 02:30:00	0
2676	2020-10-01 03:00:00	0
2677	2020-10-01 03:30:00	0
2678	2020-10-01 04:00:00	0
2679	2020-10-01 04:30:00	0
2680	2020-10-01 05:00:00	0
2681	2020-10-01 05:30:00	0
2682	2020-10-01 06:00:00	0
2683	2020-10-01 06:30:00	0
2684	2020-10-01 07:00:00	0
2685	2020-10-01 07:30:00	0
2686	2020-10-01 08:00:00	0
2687	2020-10-01 08:30:00	0
2688	2020-10-01 09:00:00	0
2689	2020-10-01 09:30:00	41
2690	2020-10-01 10:00:00	72
2691	2020-10-01 10:30:00	41
2692	2020-10-01 11:00:00	34
2693	2020-10-01 11:30:00	14
2694	2020-10-01 12:00:00	72
2695	2020-10-01 12:30:00	87
2696	2020-10-01 13:00:00	69
2697	2020-10-01 13:30:00	86
2698	2020-10-01 14:00:00	69
2699	2020-10-01 14:30:00	37
2700	2020-10-01 15:00:00	61
2701	2020-10-01 15:30:00	18
2702	2020-10-01 16:00:00	37
2703	2020-10-01 16:30:00	38
2704	2020-10-01 17:00:00	40
2705	2020-10-01 17:30:00	62
2706	2020-10-01 18:00:00	15
2707	2020-10-01 18:30:00	58
2708	2020-10-01 19:00:00	35
2709	2020-10-01 19:30:00	36
2710	2020-10-01 20:00:00	85
2711	2020-10-01 20:30:00	89
2712	2020-10-01 21:00:00	30
2713	2020-10-01 21:30:00	0
2714	2020-10-01 22:00:00	0
2715	2020-10-01 22:30:00	0
2716	2020-10-01 23:00:00	0
2717	2020-10-01 23:30:00	0
2718	2020-10-02 00:00:00	0
2719	2020-10-02 00:30:00	0
2720	2020-10-02 01:00:00	0
2721	2020-10-02 01:30:00	0
2722	2020-10-02 02:00:00	0
2723	2020-10-02 02:30:00	0
2724	2020-10-02 03:00:00	0
2725	2020-10-02 03:30:00	0
2726	2020-10-02 04:00:00	0
2727	2020-10-02 04:30:00	0
2728	2020-10-02 05:00:00	0
2729	2020-10-02 05:30:00	0
2730	2020-10-02 06:00:00	0
2731	2020-10-02 06:30:00	0
2732	2020-10-02 07:00:00	0
2733	2020-10-02 07:30:00	0
2734	2020-10-02 08:00:00	0
2735	2020-10-02 08:30:00	0
2736	2020-10-02 09:00:00	31
2737	2020-10-02 09:30:00	6
2738	2020-10-02 10:00:00	2
2739	2020-10-02 10:30:00	51
2740	2020-10-02 11:00:00	46
2741	2020-10-02 11:30:00	57
2742	2020-10-02 12:00:00	67
2743	2020-10-02 12:30:00	125
2744	2020-10-02 13:00:00	58
2745	2020-10-02 13:30:00	80
2746	2020-10-02 14:00:00	56
2747	2020-10-02 14:30:00	25
2748	2020-10-02 15:00:00	12
2749	2020-10-02 15:30:00	8
2750	2020-10-02 16:00:00	43
2751	2020-10-02 16:30:00	9
2752	2020-10-02 17:00:00	20
2753	2020-10-02 17:30:00	30
2754	2020-10-02 18:00:00	50
2755	2020-10-02 18:30:00	36
2756	2020-10-02 19:00:00	52
2757	2020-10-02 19:30:00	67
2758	2020-10-02 20:00:00	74
2759	2020-10-02 20:30:00	58
2760	2020-10-02 21:00:00	46
2761	2020-10-02 21:30:00	0
2762	2020-10-02 22:00:00	0
2763	2020-10-02 22:30:00	0
2764	2020-10-02 23:00:00	0
2765	2020-10-02 23:30:00	0
2766	2020-10-03 00:00:00	0
2767	2020-10-03 00:30:00	0
2768	2020-10-03 01:00:00	0
2769	2020-10-03 01:30:00	0
2770	2020-10-03 02:00:00	0
2771	2020-10-03 02:30:00	0
2772	2020-10-03 03:00:00	0
2773	2020-10-03 03:30:00	0
2774	2020-10-03 04:00:00	0
2775	2020-10-03 04:30:00	0
2776	2020-10-03 05:00:00	0
2777	2020-10-03 05:30:00	0
2778	2020-10-03 06:00:00	0
2779	2020-10-03 06:30:00	0
2780	2020-10-03 07:00:00	0
2781	2020-10-03 07:30:00	0
2782	2020-10-03 08:00:00	0
2783	2020-10-03 08:30:00	0
2784	2020-10-03 09:00:00	8
2785	2020-10-03 09:30:00	17
2786	2020-10-03 10:00:00	24
2787	2020-10-03 10:30:00	40
2788	2020-10-03 11:00:00	91
2789	2020-10-03 11:30:00	57
2790	2020-10-03 12:00:00	32
2791	2020-10-03 12:30:00	89
2792	2020-10-03 13:00:00	122
2793	2020-10-03 13:30:00	80
2794	2020-10-03 14:00:00	38
2795	2020-10-03 14:30:00	32
2796	2020-10-03 15:00:00	21
2797	2020-10-03 15:30:00	26
2798	2020-10-03 16:00:00	41
2799	2020-10-03 16:30:00	49
2800	2020-10-03 17:00:00	23
2801	2020-10-03 17:30:00	24
2802	2020-10-03 18:00:00	37
2803	2020-10-03 18:30:00	30
2804	2020-10-03 19:00:00	28
2805	2020-10-03 19:30:00	92
2806	2020-10-03 20:00:00	67
2807	2020-10-03 20:30:00	36
2808	2020-10-03 21:00:00	4
2809	2020-10-03 21:30:00	0
2810	2020-10-03 22:00:00	0
2811	2020-10-03 22:30:00	0
2812	2020-10-03 23:00:00	0
2813	2020-10-03 23:30:00	0
2814	2020-10-04 00:00:00	0
2815	2020-10-04 00:30:00	0
2816	2020-10-04 01:00:00	0
2817	2020-10-04 01:30:00	0
2818	2020-10-04 02:00:00	0
2819	2020-10-04 02:30:00	0
2820	2020-10-04 03:00:00	0
2821	2020-10-04 03:30:00	0
2822	2020-10-04 04:00:00	0
2823	2020-10-04 04:30:00	0
2824	2020-10-04 05:00:00	0
2825	2020-10-04 05:30:00	0
2826	2020-10-04 06:00:00	0
2827	2020-10-04 06:30:00	0
2828	2020-10-04 07:00:00	0
2829	2020-10-04 07:30:00	0
2830	2020-10-04 08:00:00	0
2831	2020-10-04 08:30:00	0
2832	2020-10-04 09:00:00	0
2833	2020-10-04 09:30:00	14
2834	2020-10-04 10:00:00	71
2835	2020-10-04 10:30:00	67
2836	2020-10-04 11:00:00	170
2837	2020-10-04 11:30:00	108
2838	2020-10-04 12:00:00	184
2839	2020-10-04 12:30:00	292
2840	2020-10-04 13:00:00	210
2841	2020-10-04 13:30:00	242
2842	2020-10-04 14:00:00	138
2843	2020-10-04 14:30:00	171
2844	2020-10-04 15:00:00	57
2845	2020-10-04 15:30:00	0
2846	2020-10-04 16:00:00	0
2847	2020-10-04 16:30:00	0
2848	2020-10-04 17:00:00	0
2849	2020-10-04 17:30:00	0
2850	2020-10-04 18:00:00	0
2851	2020-10-04 18:30:00	0
2852	2020-10-04 19:00:00	0
2853	2020-10-04 19:30:00	0
2854	2020-10-04 20:00:00	0
2855	2020-10-04 20:30:00	0
2856	2020-10-04 21:00:00	0
2857	2020-10-04 21:30:00	0
2858	2020-10-04 22:00:00	0
2859	2020-10-04 22:30:00	0
2860	2020-10-04 23:00:00	0
2861	2020-10-04 23:30:00	0
2862	2020-10-05 00:00:00	0
2863	2020-10-05 00:30:00	0
2864	2020-10-05 01:00:00	0
2865	2020-10-05 01:30:00	0
2866	2020-10-05 02:00:00	0
2867	2020-10-05 02:30:00	0
2868	2020-10-05 03:00:00	0
2869	2020-10-05 03:30:00	0
2870	2020-10-05 04:00:00	0
2871	2020-10-05 04:30:00	0
2872	2020-10-05 05:00:00	0
2873	2020-10-05 05:30:00	0
2874	2020-10-05 06:00:00	0
2875	2020-10-05 06:30:00	0
2876	2020-10-05 07:00:00	0
2877	2020-10-05 07:30:00	0
2878	2020-10-05 08:00:00	0
2879	2020-10-05 08:30:00	0
2880	2020-10-05 09:00:00	5
2881	2020-10-05 09:30:00	42
2882	2020-10-05 10:00:00	96
2883	2020-10-05 10:30:00	129
2884	2020-10-05 11:00:00	69
2885	2020-10-05 11:30:00	65
2886	2020-10-05 12:00:00	100
2887	2020-10-05 12:30:00	85
2888	2020-10-05 13:00:00	124
2889	2020-10-05 13:30:00	112
2890	2020-10-05 14:00:00	103
2891	2020-10-05 14:30:00	50
2892	2020-10-05 15:00:00	60
2893	2020-10-05 15:30:00	55
2894	2020-10-05 16:00:00	37
2895	2020-10-05 16:30:00	9
2896	2020-10-05 17:00:00	39
2897	2020-10-05 17:30:00	45
2898	2020-10-05 18:00:00	104
2899	2020-10-05 18:30:00	210
2900	2020-10-05 19:00:00	92
2901	2020-10-05 19:30:00	89
2902	2020-10-05 20:00:00	173
2903	2020-10-05 20:30:00	45
2904	2020-10-05 21:00:00	18
2905	2020-10-05 21:30:00	0
2906	2020-10-05 22:00:00	0
2907	2020-10-05 22:30:00	0
2908	2020-10-05 23:00:00	0
2909	2020-10-05 23:30:00	0
2910	2020-10-06 00:00:00	0
2911	2020-10-06 00:30:00	0
2912	2020-10-06 01:00:00	0
2913	2020-10-06 01:30:00	0
2914	2020-10-06 02:00:00	0
2915	2020-10-06 02:30:00	0
2916	2020-10-06 03:00:00	0
2917	2020-10-06 03:30:00	0
2918	2020-10-06 04:00:00	0
2919	2020-10-06 04:30:00	0
2920	2020-10-06 05:00:00	0
2921	2020-10-06 05:30:00	0
2922	2020-10-06 06:00:00	0
2923	2020-10-06 06:30:00	0
2924	2020-10-06 07:00:00	0
2925	2020-10-06 07:30:00	0
2926	2020-10-06 08:00:00	0
2927	2020-10-06 08:30:00	0
2928	2020-10-06 09:00:00	85
2929	2020-10-06 09:30:00	7
2930	2020-10-06 10:00:00	55
2931	2020-10-06 10:30:00	62
2932	2020-10-06 11:00:00	65
2933	2020-10-06 11:30:00	80
2934	2020-10-06 12:00:00	102
2935	2020-10-06 12:30:00	77
2936	2020-10-06 13:00:00	55
2937	2020-10-06 13:30:00	104
2938	2020-10-06 14:00:00	64
2939	2020-10-06 14:30:00	94
2940	2020-10-06 15:00:00	28
2941	2020-10-06 15:30:00	12
2942	2020-10-06 16:00:00	12
2943	2020-10-06 16:30:00	39
2944	2020-10-06 17:00:00	8
2945	2020-10-06 17:30:00	79
2946	2020-10-06 18:00:00	76
2947	2020-10-06 18:30:00	91
2948	2020-10-06 19:00:00	41
2949	2020-10-06 19:30:00	41
2950	2020-10-06 20:00:00	133
2951	2020-10-06 20:30:00	24
2952	2020-10-06 21:00:00	13
2953	2020-10-06 21:30:00	0
2954	2020-10-06 22:00:00	0
2955	2020-10-06 22:30:00	0
2956	2020-10-06 23:00:00	0
2957	2020-10-06 23:30:00	0
2958	2020-10-07 00:00:00	0
2959	2020-10-07 00:30:00	0
2960	2020-10-07 01:00:00	0
2961	2020-10-07 01:30:00	0
2962	2020-10-07 02:00:00	0
2963	2020-10-07 02:30:00	0
2964	2020-10-07 03:00:00	0
2965	2020-10-07 03:30:00	0
2966	2020-10-07 04:00:00	0
2967	2020-10-07 04:30:00	0
2968	2020-10-07 05:00:00	0
2969	2020-10-07 05:30:00	0
2970	2020-10-07 06:00:00	0
2971	2020-10-07 06:30:00	0
2972	2020-10-07 07:00:00	0
2973	2020-10-07 07:30:00	0
2974	2020-10-07 08:00:00	0
2975	2020-10-07 08:30:00	0
2976	2020-10-07 09:00:00	28
2977	2020-10-07 09:30:00	46
2978	2020-10-07 10:00:00	18
2979	2020-10-07 10:30:00	47
2980	2020-10-07 11:00:00	43
2981	2020-10-07 11:30:00	69
2982	2020-10-07 12:00:00	39
2983	2020-10-07 12:30:00	81
2984	2020-10-07 13:00:00	61
2985	2020-10-07 13:30:00	50
2986	2020-10-07 14:00:00	99
2987	2020-10-07 14:30:00	27
2988	2020-10-07 15:00:00	35
2989	2020-10-07 15:30:00	10
2990	2020-10-07 16:00:00	32
2991	2020-10-07 16:30:00	30
2992	2020-10-07 17:00:00	12
2993	2020-10-07 17:30:00	47
2994	2020-10-07 18:00:00	17
2995	2020-10-07 18:30:00	38
2996	2020-10-07 19:00:00	153
2997	2020-10-07 19:30:00	129
2998	2020-10-07 20:00:00	68
2999	2020-10-07 20:30:00	61
3000	2020-10-07 21:00:00	19
3001	2020-10-07 21:30:00	0
3002	2020-10-07 22:00:00	5
3003	2020-10-07 22:30:00	0
3004	2020-10-07 23:00:00	0
3005	2020-10-07 23:30:00	0
3006	2020-10-08 00:00:00	0
3007	2020-10-08 00:30:00	0
3008	2020-10-08 01:00:00	0
3009	2020-10-08 01:30:00	0
3010	2020-10-08 02:00:00	0
3011	2020-10-08 02:30:00	0
3012	2020-10-08 03:00:00	0
3013	2020-10-08 03:30:00	0
3014	2020-10-08 04:00:00	0
3015	2020-10-08 04:30:00	0
3016	2020-10-08 05:00:00	0
3017	2020-10-08 05:30:00	0
3018	2020-10-08 06:00:00	0
3019	2020-10-08 06:30:00	0
3020	2020-10-08 07:00:00	0
3021	2020-10-08 07:30:00	0
3022	2020-10-08 08:00:00	0
3023	2020-10-08 08:30:00	0
3024	2020-10-08 09:00:00	18
3025	2020-10-08 09:30:00	23
3026	2020-10-08 10:00:00	38
3027	2020-10-08 10:30:00	63
3028	2020-10-08 11:00:00	59
3029	2020-10-08 11:30:00	34
3030	2020-10-08 12:00:00	30
3031	2020-10-08 12:30:00	94
3032	2020-10-08 13:00:00	97
3033	2020-10-08 13:30:00	83
3034	2020-10-08 14:00:00	65
3035	2020-10-08 14:30:00	70
3036	2020-10-08 15:00:00	17
3037	2020-10-08 15:30:00	27
3038	2020-10-08 16:00:00	76
3039	2020-10-08 16:30:00	36
3040	2020-10-08 17:00:00	28
3041	2020-10-08 17:30:00	45
3042	2020-10-08 18:00:00	39
3043	2020-10-08 18:30:00	49
3044	2020-10-08 19:00:00	51
3045	2020-10-08 19:30:00	89
3046	2020-10-08 20:00:00	36
3047	2020-10-08 20:30:00	71
3048	2020-10-08 21:00:00	0
3049	2020-10-08 21:30:00	0
3050	2020-10-08 22:00:00	0
3051	2020-10-08 22:30:00	0
3052	2020-10-08 23:00:00	0
3053	2020-10-08 23:30:00	0
3054	2020-10-09 00:00:00	0
3055	2020-10-09 00:30:00	0
3056	2020-10-09 01:00:00	0
3057	2020-10-09 01:30:00	0
3058	2020-10-09 02:00:00	0
3059	2020-10-09 02:30:00	0
3060	2020-10-09 03:00:00	0
3061	2020-10-09 03:30:00	0
3062	2020-10-09 04:00:00	0
3063	2020-10-09 04:30:00	0
3064	2020-10-09 05:00:00	0
3065	2020-10-09 05:30:00	0
3066	2020-10-09 06:00:00	0
3067	2020-10-09 06:30:00	0
3068	2020-10-09 07:00:00	0
3069	2020-10-09 07:30:00	0
3070	2020-10-09 08:00:00	0
3071	2020-10-09 08:30:00	0
3072	2020-10-09 09:00:00	46
3073	2020-10-09 09:30:00	83
3074	2020-10-09 10:00:00	40
3075	2020-10-09 10:30:00	78
3076	2020-10-09 11:00:00	40
3077	2020-10-09 11:30:00	49
3078	2020-10-09 12:00:00	50
3079	2020-10-09 12:30:00	48
3080	2020-10-09 13:00:00	31
3081	2020-10-09 13:30:00	117
3082	2020-10-09 14:00:00	54
3083	2020-10-09 14:30:00	11
3084	2020-10-09 15:00:00	12
3085	2020-10-09 15:30:00	39
3086	2020-10-09 16:00:00	34
3087	2020-10-09 16:30:00	26
3088	2020-10-09 17:00:00	60
3089	2020-10-09 17:30:00	48
3090	2020-10-09 18:00:00	40
3091	2020-10-09 18:30:00	24
3092	2020-10-09 19:00:00	69
3093	2020-10-09 19:30:00	77
3094	2020-10-09 20:00:00	62
3095	2020-10-09 20:30:00	46
3096	2020-10-09 21:00:00	8
3097	2020-10-09 21:30:00	0
3098	2020-10-09 22:00:00	0
3099	2020-10-09 22:30:00	0
3100	2020-10-09 23:00:00	0
3101	2020-10-09 23:30:00	0
3102	2020-10-10 00:00:00	0
3103	2020-10-10 00:30:00	0
3104	2020-10-10 01:00:00	0
3105	2020-10-10 01:30:00	0
3106	2020-10-10 02:00:00	0
3107	2020-10-10 02:30:00	0
3108	2020-10-10 03:00:00	0
3109	2020-10-10 03:30:00	0
3110	2020-10-10 04:00:00	0
3111	2020-10-10 04:30:00	0
3112	2020-10-10 05:00:00	0
3113	2020-10-10 05:30:00	0
3114	2020-10-10 06:00:00	0
3115	2020-10-10 06:30:00	0
3116	2020-10-10 07:00:00	0
3117	2020-10-10 07:30:00	0
3118	2020-10-10 08:00:00	0
3119	2020-10-10 08:30:00	0
3120	2020-10-10 09:00:00	16
3121	2020-10-10 09:30:00	42
3122	2020-10-10 10:00:00	34
3123	2020-10-10 10:30:00	39
3124	2020-10-10 11:00:00	43
3125	2020-10-10 11:30:00	38
3126	2020-10-10 12:00:00	98
3127	2020-10-10 12:30:00	118
3128	2020-10-10 13:00:00	70
3129	2020-10-10 13:30:00	44
3130	2020-10-10 14:00:00	77
3131	2020-10-10 14:30:00	58
3132	2020-10-10 15:00:00	24
3133	2020-10-10 15:30:00	19
3134	2020-10-10 16:00:00	19
3135	2020-10-10 16:30:00	21
3136	2020-10-10 17:00:00	45
3137	2020-10-10 17:30:00	22
3138	2020-10-10 18:00:00	34
3139	2020-10-10 18:30:00	33
3140	2020-10-10 19:00:00	123
3141	2020-10-10 19:30:00	189
3142	2020-10-10 20:00:00	69
3143	2020-10-10 20:30:00	30
3144	2020-10-10 21:00:00	15
3145	2020-10-10 21:30:00	0
3146	2020-10-10 22:00:00	0
3147	2020-10-10 22:30:00	0
3148	2020-10-10 23:00:00	0
3149	2020-10-10 23:30:00	0
3150	2020-10-11 00:00:00	0
3151	2020-10-11 00:30:00	0
3152	2020-10-11 01:00:00	0
3153	2020-10-11 01:30:00	0
3154	2020-10-11 02:00:00	0
3155	2020-10-11 02:30:00	0
3156	2020-10-11 03:00:00	0
3157	2020-10-11 03:30:00	0
3158	2020-10-11 04:00:00	0
3159	2020-10-11 04:30:00	0
3160	2020-10-11 05:00:00	0
3161	2020-10-11 05:30:00	0
3162	2020-10-11 06:00:00	0
3163	2020-10-11 06:30:00	0
3164	2020-10-11 07:00:00	0
3165	2020-10-11 07:30:00	0
3166	2020-10-11 08:00:00	0
3167	2020-10-11 08:30:00	0
3168	2020-10-11 09:00:00	0
3169	2020-10-11 09:30:00	95
3170	2020-10-11 10:00:00	107
3171	2020-10-11 10:30:00	97
3172	2020-10-11 11:00:00	124
3173	2020-10-11 11:30:00	174
3174	2020-10-11 12:00:00	161
3175	2020-10-11 12:30:00	224
3176	2020-10-11 13:00:00	233
3177	2020-10-11 13:30:00	404
3178	2020-10-11 14:00:00	291
3179	2020-10-11 14:30:00	177
3180	2020-10-11 15:00:00	113
3181	2020-10-11 15:30:00	0
3182	2020-10-11 16:00:00	0
3183	2020-10-11 16:30:00	0
3184	2020-10-11 17:00:00	0
3185	2020-10-11 17:30:00	0
3186	2020-10-11 18:00:00	0
3187	2020-10-11 18:30:00	0
3188	2020-10-11 19:00:00	0
3189	2020-10-11 19:30:00	0
3190	2020-10-11 20:00:00	0
3191	2020-10-11 20:30:00	0
3192	2020-10-11 21:00:00	0
3193	2020-10-11 21:30:00	0
3194	2020-10-11 22:00:00	0
3195	2020-10-11 22:30:00	0
3196	2020-10-11 23:00:00	0
3197	2020-10-11 23:30:00	0
3198	2020-10-12 00:00:00	0
3199	2020-10-12 00:30:00	0
3200	2020-10-12 01:00:00	0
3201	2020-10-12 01:30:00	0
3202	2020-10-12 02:00:00	0
3203	2020-10-12 02:30:00	0
3204	2020-10-12 03:00:00	0
3205	2020-10-12 03:30:00	0
3206	2020-10-12 04:00:00	0
3207	2020-10-12 04:30:00	0
3208	2020-10-12 05:00:00	0
3209	2020-10-12 05:30:00	0
3210	2020-10-12 06:00:00	0
3211	2020-10-12 06:30:00	0
3212	2020-10-12 07:00:00	0
3213	2020-10-12 07:30:00	0
3214	2020-10-12 08:00:00	0
3215	2020-10-12 08:30:00	0
3216	2020-10-12 09:00:00	8
3217	2020-10-12 09:30:00	25
3218	2020-10-12 10:00:00	76
3219	2020-10-12 10:30:00	142
3220	2020-10-12 11:00:00	221
3221	2020-10-12 11:30:00	266
3222	2020-10-12 12:00:00	204
3223	2020-10-12 12:30:00	244
3224	2020-10-12 13:00:00	310
3225	2020-10-12 13:30:00	218
3226	2020-10-12 14:00:00	209
3227	2020-10-12 14:30:00	78
3228	2020-10-12 15:00:00	57
3229	2020-10-12 15:30:00	0
3230	2020-10-12 16:00:00	0
3231	2020-10-12 16:30:00	0
3232	2020-10-12 17:00:00	0
3233	2020-10-12 17:30:00	0
3234	2020-10-12 18:00:00	0
3235	2020-10-12 18:30:00	0
3236	2020-10-12 19:00:00	0
3237	2020-10-12 19:30:00	0
3238	2020-10-12 20:00:00	0
3239	2020-10-12 20:30:00	0
3240	2020-10-12 21:00:00	0
3241	2020-10-12 21:30:00	0
3242	2020-10-12 22:00:00	0
3243	2020-10-12 22:30:00	0
3244	2020-10-12 23:00:00	0
3245	2020-10-12 23:30:00	0
3246	2020-10-13 00:00:00	0
3247	2020-10-13 00:30:00	0
3248	2020-10-13 01:00:00	0
3249	2020-10-13 01:30:00	0
3250	2020-10-13 02:00:00	0
3251	2020-10-13 02:30:00	0
3252	2020-10-13 03:00:00	0
3253	2020-10-13 03:30:00	0
3254	2020-10-13 04:00:00	0
3255	2020-10-13 04:30:00	0
3256	2020-10-13 05:00:00	0
3257	2020-10-13 05:30:00	0
3258	2020-10-13 06:00:00	0
3259	2020-10-13 06:30:00	0
3260	2020-10-13 07:00:00	0
3261	2020-10-13 07:30:00	0
3262	2020-10-13 08:00:00	0
3263	2020-10-13 08:30:00	0
3264	2020-10-13 09:00:00	27
3265	2020-10-13 09:30:00	49
3266	2020-10-13 10:00:00	53
3267	2020-10-13 10:30:00	79
3268	2020-10-13 11:00:00	93
3269	2020-10-13 11:30:00	42
3270	2020-10-13 12:00:00	44
3271	2020-10-13 12:30:00	72
3272	2020-10-13 13:00:00	146
3273	2020-10-13 13:30:00	135
3274	2020-10-13 14:00:00	95
3275	2020-10-13 14:30:00	100
3276	2020-10-13 15:00:00	29
3277	2020-10-13 15:30:00	28
3278	2020-10-13 16:00:00	52
3279	2020-10-13 16:30:00	52
3280	2020-10-13 17:00:00	54
3281	2020-10-13 17:30:00	34
3282	2020-10-13 18:00:00	42
3283	2020-10-13 18:30:00	52
3284	2020-10-13 19:00:00	118
3285	2020-10-13 19:30:00	108
3286	2020-10-13 20:00:00	79
3287	2020-10-13 20:30:00	70
3288	2020-10-13 21:00:00	1
3289	2020-10-13 21:30:00	0
3290	2020-10-13 22:00:00	0
3291	2020-10-13 22:30:00	0
3292	2020-10-13 23:00:00	0
3293	2020-10-13 23:30:00	0
3294	2020-10-14 00:00:00	0
3295	2020-10-14 00:30:00	0
3296	2020-10-14 01:00:00	0
3297	2020-10-14 01:30:00	0
3298	2020-10-14 02:00:00	0
3299	2020-10-14 02:30:00	0
3300	2020-10-14 03:00:00	0
3301	2020-10-14 03:30:00	0
3302	2020-10-14 04:00:00	0
3303	2020-10-14 04:30:00	0
3304	2020-10-14 05:00:00	0
3305	2020-10-14 05:30:00	0
3306	2020-10-14 06:00:00	0
3307	2020-10-14 06:30:00	0
3308	2020-10-14 07:00:00	0
3309	2020-10-14 07:30:00	0
3310	2020-10-14 08:00:00	0
3311	2020-10-14 08:30:00	0
3312	2020-10-14 09:00:00	26
3313	2020-10-14 09:30:00	27
3314	2020-10-14 10:00:00	32
3315	2020-10-14 10:30:00	95
3316	2020-10-14 11:00:00	24
3317	2020-10-14 11:30:00	54
3318	2020-10-14 12:00:00	101
3319	2020-10-14 12:30:00	117
3320	2020-10-14 13:00:00	117
3321	2020-10-14 13:30:00	111
3322	2020-10-14 14:00:00	56
3323	2020-10-14 14:30:00	66
3324	2020-10-14 15:00:00	31
3325	2020-10-14 15:30:00	5
3326	2020-10-14 16:00:00	34
3327	2020-10-14 16:30:00	44
3328	2020-10-14 17:00:00	40
3329	2020-10-14 17:30:00	81
3330	2020-10-14 18:00:00	85
3331	2020-10-14 18:30:00	44
3332	2020-10-14 19:00:00	85
3333	2020-10-14 19:30:00	62
3334	2020-10-14 20:00:00	85
3335	2020-10-14 20:30:00	135
3336	2020-10-14 21:00:00	10
3337	2020-10-14 21:30:00	0
3338	2020-10-14 22:00:00	0
3339	2020-10-14 22:30:00	0
3340	2020-10-14 23:00:00	0
3341	2020-10-14 23:30:00	0
3342	2020-10-15 00:00:00	0
3343	2020-10-15 00:30:00	0
3344	2020-10-15 01:00:00	0
3345	2020-10-15 01:30:00	0
3346	2020-10-15 02:00:00	0
3347	2020-10-15 02:30:00	0
3348	2020-10-15 03:00:00	0
3349	2020-10-15 03:30:00	0
3350	2020-10-15 04:00:00	0
3351	2020-10-15 04:30:00	0
3352	2020-10-15 05:00:00	0
3353	2020-10-15 05:30:00	0
3354	2020-10-15 06:00:00	0
3355	2020-10-15 06:30:00	0
3356	2020-10-15 07:00:00	0
3357	2020-10-15 07:30:00	0
3358	2020-10-15 08:00:00	0
3359	2020-10-15 08:30:00	0
3360	2020-10-15 09:00:00	18
3361	2020-10-15 09:30:00	59
3362	2020-10-15 10:00:00	67
3363	2020-10-15 10:30:00	57
3364	2020-10-15 11:00:00	88
3365	2020-10-15 11:30:00	89
3366	2020-10-15 12:00:00	119
3367	2020-10-15 12:30:00	121
3368	2020-10-15 13:00:00	85
3369	2020-10-15 13:30:00	139
3370	2020-10-15 14:00:00	51
3371	2020-10-15 14:30:00	54
3372	2020-10-15 15:00:00	38
3373	2020-10-15 15:30:00	44
3374	2020-10-15 16:00:00	37
3375	2020-10-15 16:30:00	50
3376	2020-10-15 17:00:00	63
3377	2020-10-15 17:30:00	58
3378	2020-10-15 18:00:00	99
3379	2020-10-15 18:30:00	59
3380	2020-10-15 19:00:00	71
3381	2020-10-15 19:30:00	97
3382	2020-10-15 20:00:00	78
3383	2020-10-15 20:30:00	93
3384	2020-10-15 21:00:00	28
3385	2020-10-15 21:30:00	0
3386	2020-10-15 22:00:00	0
3387	2020-10-15 22:30:00	0
3388	2020-10-15 23:00:00	0
3389	2020-10-15 23:30:00	0
3390	2020-10-16 00:00:00	0
3391	2020-10-16 00:30:00	0
3392	2020-10-16 01:00:00	0
3393	2020-10-16 01:30:00	0
3394	2020-10-16 02:00:00	0
3395	2020-10-16 02:30:00	0
3396	2020-10-16 03:00:00	0
3397	2020-10-16 03:30:00	0
3398	2020-10-16 04:00:00	0
3399	2020-10-16 04:30:00	0
3400	2020-10-16 05:00:00	0
3401	2020-10-16 05:30:00	0
3402	2020-10-16 06:00:00	0
3403	2020-10-16 06:30:00	0
3404	2020-10-16 07:00:00	0
3405	2020-10-16 07:30:00	0
3406	2020-10-16 08:00:00	0
3407	2020-10-16 08:30:00	0
3408	2020-10-16 09:00:00	13
3409	2020-10-16 09:30:00	21
3410	2020-10-16 10:00:00	71
3411	2020-10-16 10:30:00	83
3412	2020-10-16 11:00:00	80
3413	2020-10-16 11:30:00	85
3414	2020-10-16 12:00:00	137
3415	2020-10-16 12:30:00	84
3416	2020-10-16 13:00:00	61
3417	2020-10-16 13:30:00	90
3418	2020-10-16 14:00:00	93
3419	2020-10-16 14:30:00	56
3420	2020-10-16 15:00:00	52
3421	2020-10-16 15:30:00	70
3422	2020-10-16 16:00:00	41
3423	2020-10-16 16:30:00	22
3424	2020-10-16 17:00:00	0
3425	2020-10-16 17:30:00	62
3426	2020-10-16 18:00:00	133
3427	2020-10-16 18:30:00	74
3428	2020-10-16 19:00:00	70
3429	2020-10-16 19:30:00	30
3430	2020-10-16 20:00:00	20
3431	2020-10-16 20:30:00	139
3432	2020-10-16 21:00:00	31
3433	2020-10-16 21:30:00	0
3434	2020-10-16 22:00:00	0
3435	2020-10-16 22:30:00	0
3436	2020-10-16 23:00:00	0
3437	2020-10-16 23:30:00	0
3438	2020-10-17 00:00:00	0
3439	2020-10-17 00:30:00	0
3440	2020-10-17 01:00:00	0
3441	2020-10-17 01:30:00	0
3442	2020-10-17 02:00:00	0
3443	2020-10-17 02:30:00	0
3444	2020-10-17 03:00:00	0
3445	2020-10-17 03:30:00	0
3446	2020-10-17 04:00:00	0
3447	2020-10-17 04:30:00	0
3448	2020-10-17 05:00:00	0
3449	2020-10-17 05:30:00	0
3450	2020-10-17 06:00:00	0
3451	2020-10-17 06:30:00	0
3452	2020-10-17 07:00:00	0
3453	2020-10-17 07:30:00	0
3454	2020-10-17 08:00:00	0
3455	2020-10-17 08:30:00	0
3456	2020-10-17 09:00:00	23
3457	2020-10-17 09:30:00	21
3458	2020-10-17 10:00:00	14
3459	2020-10-17 10:30:00	51
3460	2020-10-17 11:00:00	91
3461	2020-10-17 11:30:00	43
3462	2020-10-17 12:00:00	109
3463	2020-10-17 12:30:00	39
3464	2020-10-17 13:00:00	76
3465	2020-10-17 13:30:00	63
3466	2020-10-17 14:00:00	42
3467	2020-10-17 14:30:00	89
3468	2020-10-17 15:00:00	41
3469	2020-10-17 15:30:00	54
3470	2020-10-17 16:00:00	0
3471	2020-10-17 16:30:00	56
3472	2020-10-17 17:00:00	45
3473	2020-10-17 17:30:00	75
3474	2020-10-17 18:00:00	41
3475	2020-10-17 18:30:00	19
3476	2020-10-17 19:00:00	31
3477	2020-10-17 19:30:00	59
3478	2020-10-17 20:00:00	21
3479	2020-10-17 20:30:00	33
3480	2020-10-17 21:00:00	26
3481	2020-10-17 21:30:00	0
3482	2020-10-17 22:00:00	0
3483	2020-10-17 22:30:00	0
3484	2020-10-17 23:00:00	0
3485	2020-10-17 23:30:00	0
3486	2020-10-18 00:00:00	0
3487	2020-10-18 00:30:00	0
3488	2020-10-18 01:00:00	0
3489	2020-10-18 01:30:00	0
3490	2020-10-18 02:00:00	0
3491	2020-10-18 02:30:00	0
3492	2020-10-18 03:00:00	0
3493	2020-10-18 03:30:00	0
3494	2020-10-18 04:00:00	0
3495	2020-10-18 04:30:00	0
3496	2020-10-18 05:00:00	0
3497	2020-10-18 05:30:00	0
3498	2020-10-18 06:00:00	0
3499	2020-10-18 06:30:00	0
3500	2020-10-18 07:00:00	0
3501	2020-10-18 07:30:00	0
3502	2020-10-18 08:00:00	0
3503	2020-10-18 08:30:00	0
3504	2020-10-18 09:00:00	10
3505	2020-10-18 09:30:00	30
3506	2020-10-18 10:00:00	85
3507	2020-10-18 10:30:00	108
3508	2020-10-18 11:00:00	104
3509	2020-10-18 11:30:00	132
3510	2020-10-18 12:00:00	106
3511	2020-10-18 12:30:00	164
3512	2020-10-18 13:00:00	228
3513	2020-10-18 13:30:00	222
3514	2020-10-18 14:00:00	180
3515	2020-10-18 14:30:00	170
3516	2020-10-18 15:00:00	26
