"id_seq","analysis_moment","store","df_size","ApEn","fcst_period","freq_hours","work_hours","mse_outlier","rmse_outlier","mae_outlier","mape_outlier","mse_without_outlier","rmse_without_outlier","mae_without_outlier","mape_without_outlier","model_outlier_file_name","model_without_outlier_file_name"
1,2021-08-16 14:52:16,60,101578,0.572054552961238,"30",[],"['10', '11', '12', '13', '14', '15', '16', '17', '18', '19']",62522.188,250.044,187.732,101.209,13382.284,115.682,90.062,43.976,"60_2021_08_16_14_51_23_441339.json","60_2021_08_16_14_51_55_027893.json"
2,2021-08-16 14:53:04,60,101578,0.572054552961238,"7",[],"['10', '11', '12', '13', '14', '15', '16', '17', '18', '19']",9260.516,96.232,71.96,60.999,6336.847,79.604,63.445,61.363,"60_2021_08_16_14_52_22_909512.json","60_2021_08_16_14_52_46_907663.json"
3,2021-08-16 15:05:42,60,101578,0.572054552961238,"47297",[],"['10', '11', '12', '13', '14', '15', '16', '17', '18', '19']",11692.522,108.132,70.382,21949870562451.402,5047.867,71.048,54.943,58.469,"60_2021_08_16_15_00_43_103561.json","60_2021_08_16_15_03_58_465151.json"
4,2021-08-16 15:06:53,74,6841,0.804098673221612,"30",[ 9 10 11 12 13 14 15 16 17 18 19 20 21],"['10', '11', '12', '13', '14', '15', '16', '17', '18', '19']",15454.497,124.316,86.474,53.733,15012.504,122.526,107.675,213.262,"74_2021_08_16_15_05_56_203216.json","74_2021_08_16_15_06_27_344420.json"
5,2021-08-16 15:07:36,74,6841,0.804098673221612,"7",[ 9 10 11 12 13 14 15 16 17 18 19 20 21],"['10', '11', '12', '13', '14', '15', '16', '17', '18', '19']",13587.289,116.565,78.614,51.259,5043.306,71.016,59.035,125.151,"74_2021_08_16_15_06_59_099003.json","74_2021_08_16_15_07_19_257831.json"
6,2021-08-16 15:08:55,74,6841,0.804098673221612,"2850",[ 9 10 11 12 13 14 15 16 17 18 19 20 21],"['10', '11', '12', '13', '14', '15', '16', '17', '18', '19']",3639.675,60.33,38.283,13606051482179.531,1589.026,39.863,31.225,50.845,"74_2021_08_16_15_08_00_915898.json","74_2021_08_16_15_08_31_162999.json"
7,2021-08-16 15:10:01,48,70053,0.770429319931258,"30",[10 11 12 13 14],"['10', '11', '12', '13', '14', '15', '16', '17', '18', '19']",15565.473,124.762,94.168,45.855,296054.988,544.109,455.806,721.597,"48_2021_08_16_15_09_14_588140.json","48_2021_08_16_15_09_46_199802.json"
8,2021-08-16 15:10:42,48,70053,0.770429319931258,"7",[10 11 12 13 14],"['10', '11', '12', '13', '14', '15', '16', '17', '18', '19']",10519.915,102.567,84.942,148.262,2512.489,50.125,39.779,51.395,"48_2021_08_16_15_10_07_208742.json","48_2021_08_16_15_10_28_295162.json"
9,2021-08-16 15:15:28,48,70053,0.770429319931258,"24383",[10 11 12 13 14],"['10', '11', '12', '13', '14', '15', '16', '17', '18', '19']",65745.492,256.409,49.627,19340957965931.48,3946.613,62.822,52.314,106.25,"48_2021_08_16_15_13_39_310940.json","48_2021_08_16_15_14_43_285526.json"
10,2021-08-16 15:16:14,49,101544,0.779851225540238,"30",[],"['10', '11', '12', '13', '14', '15', '16', '17', '18', '19']",84249.853,290.258,227.137,55.284,9505.314,97.495,78.32,31.718,"49_2021_08_16_15_15_43_048317.json","49_2021_08_16_15_16_01_205031.json"
11,2021-08-16 15:16:43,49,101544,0.779851225540238,"7",[],"['10', '11', '12', '13', '14', '15', '16', '17', '18', '19']",627874.881,792.386,281.378,179.774,13724.072,117.15,93.088,218.259,"49_2021_08_16_15_16_18_412555.json","49_2021_08_16_15_16_32_745089.json"
12,2021-08-16 15:25:01,49,101544,0.779851225540238,"43043",[],"['10', '11', '12', '13', '14', '15', '16', '17', '18', '19']",14869.804,121.942,85.562,40294229588869.88,67604.506,260.009,225.806,234.14,"49_2021_08_16_15_22_17_363065.json","49_2021_08_16_15_24_07_679778.json"
13,2021-08-16 15:25:49,61,101544,0.843418453499241,"30",[ 9 10 11 12 13 14 15 16 17 18 19 20],"['10', '11', '12', '13', '14', '15', '16', '17', '18', '19']",128035.494,357.82,278.958,58.374,65371.25,255.678,210.498,55.774,"61_2021_08_16_15_25_15_378231.json","61_2021_08_16_15_25_36_851069.json"
14,2021-08-16 15:26:19,61,101544,0.843418453499241,"7",[ 9 10 11 12 13 14 15 16 17 18 19 20],"['10', '11', '12', '13', '14', '15', '16', '17', '18', '19']",11335191.217,3366.778,731.889,59.763,24982.333,158.058,132.196,73.041,"61_2021_08_16_15_25_54_293923.json","61_2021_08_16_15_26_09_048353.json"
15,2021-08-16 15:33:52,61,101544,0.843418453499241,"44829",[ 9 10 11 12 13 14 15 16 17 18 19 20],"['10', '11', '12', '13', '14', '15', '16', '17', '18', '19']",26412.026,162.518,112.318,38883399463934.05,11062.732,105.18,81.36,64.099,"61_2021_08_16_15_30_38_715119.json","61_2021_08_16_15_32_36_244963.json"
16,2021-08-16 15:34:34,2549,28633,0.798350327690905,"30",[ 9 10 11 12 13 14 15 16 17 18],"['10', '11', '12', '13', '14', '15', '16', '17', '18', '19']",1969.262,44.376,34.303,41.554,1418.254,37.66,28.98,33.062,"2549_2021_08_16_15_34_02_640479.json","2549_2021_08_16_15_34_20_852747.json"
17,2021-08-16 15:35:05,2549,28633,0.798350327690905,"7",[ 9 10 11 12 13 14 15 16 17 18],"['10', '11', '12', '13', '14', '15', '16', '17', '18', '19']",35542.427,188.527,146.16,139.604,10793.951,103.894,94.326,182.81,"2549_2021_08_16_15_34_40_562104.json","2549_2021_08_16_15_34_56_419324.json"
18,2021-08-16 15:37:40,2549,28633,0.798350327690905,"9824",[ 9 10 11 12 13 14 15 16 17 18],"['10', '11', '12', '13', '14', '15', '16', '17', '18', '19']",3758.412,61.306,43.287,21740163592863.902,2594.641,50.938,41.68,82.941,"2549_2021_08_16_15_36_39_461480.json","2549_2021_08_16_15_37_15_486317.json"
19,2021-08-16 15:38:29,59,73114,0.701328296652246,"30",[],"['10', '11', '12', '13', '14', '15', '16', '17', '18', '19']",18720.4,136.823,118.092,952.511,83.54,9.14,7.354,119.932,"59_2021_08_16_15_37_56_300571.json","59_2021_08_16_15_38_17_068235.json"
20,2021-08-16 15:38:57,59,73114,0.701328296652246,"7",[],"['10', '11', '12', '13', '14', '15', '16', '17', '18', '19']",1014.887,31.857,28.094,235.159,79.224,8.901,7.273,115.116,"59_2021_08_16_15_38_33_722462.json","59_2021_08_16_15_38_47_446809.json"
21,2021-08-16 15:42:59,59,73114,0.701328296652246,"18292",[],"['10', '11', '12', '13', '14', '15', '16', '17', '18', '19']",374.315,19.347,12.748,1818029272571.977,581.922,24.123,20.226,353.559,"59_2021_08_16_15_41_23_722161.json","59_2021_08_16_15_42_18_067382.json"
22,2021-08-16 15:43:46,65,101578,0.845462281687464,"30",[],"['10', '11', '12', '13', '14', '15', '16', '17', '18', '19']",17089.17,130.726,97.42,49.989,8539.313,92.408,77.512,55.077,"65_2021_08_16_15_43_14_051133.json","65_2021_08_16_15_43_33_087380.json"
23,2021-08-16 15:44:17,65,101578,0.845462281687464,"7",[],"['10', '11', '12', '13', '14', '15', '16', '17', '18', '19']",17890.759,133.756,94.456,64.745,7469.233,86.425,69.896,59.327,"65_2021_08_16_15_43_51_184080.json","65_2021_08_16_15_44_06_523868.json"
24,2021-08-16 15:50:47,65,101578,0.845462281687464,"46655",[],"['10', '11', '12', '13', '14', '15', '16', '17', '18', '19']",14428.018,120.117,76.361,23020275089275.664,6204.019,78.766,61.876,75.047,"65_2021_08_16_15_47_55_512209.json","65_2021_08_16_15_49_44_405332.json"
25,2021-08-16 15:51:22,71,32042,0.672224338453071,"30",[10 11 12 13 14],"['10', '11', '12', '13', '14', '15', '16', '17', '18', '19']",10079.641,100.397,50.471,29.216,2619.849,51.184,40.47,27.47,"71_2021_08_16_15_50_56_972238.json","71_2021_08_16_15_51_11_517183.json"
26,2021-08-16 15:51:46,71,32042,0.672224338453071,"7",[10 11 12 13 14],"['10', '11', '12', '13', '14', '15', '16', '17', '18', '19']",9768.836,98.837,70.725,46.309,4996.942,70.689,56.054,41.794,"71_2021_08_16_15_51_25_935342.json","71_2021_08_16_15_51_37_857641.json"
27,2021-08-16 15:54:15,71,32042,0.672224338453071,"13143",[10 11 12 13 14],"['10', '11', '12', '13', '14', '15', '16', '17', '18', '19']",6547.906,80.919,60.065,26474086579921.375,26544.427,162.925,133.74,59.937,"71_2021_08_16_15_53_08_687422.json","71_2021_08_16_15_53_52_462660.json"
28,2021-08-16 15:55:01,64,101544,0.85571982784921,"30",[],"['10', '11', '12', '13', '14', '15', '16', '17', '18', '19']",35560.841,188.576,104.777,50.74,6922.789,83.203,67.33,50.633,"64_2021_08_16_15_54_29_916616.json","64_2021_08_16_15_54_48_654577.json"
29,2021-08-16 15:55:30,64,101544,0.85571982784921,"7",[],"['10', '11', '12', '13', '14', '15', '16', '17', '18', '19']",42943.901,207.229,99.268,67.284,14208.539,119.2,97.878,92.06,"64_2021_08_16_15_55_05_989835.json","64_2021_08_16_15_55_20_183013.json"
30,2021-08-16 16:01:43,64,101544,0.85571982784921,"41345",[],"['10', '11', '12', '13', '14', '15', '16', '17', '18', '19']",44990.244,212.109,152.524,30976912658977.496,24785.679,157.435,120.242,78.963,"64_2021_08_16_15_59_12_512934.json","64_2021_08_16_16_00_52_911648.json"
31,2021-08-16 16:02:30,58,101578,0.773767330711876,"30",[10 11 12 13 14],"['10', '11', '12', '13', '14', '15', '16', '17', '18', '19']",38531.239,196.294,84.245,45.342,7615.161,87.265,66.104,44.301,"58_2021_08_16_16_01_58_516564.json","58_2021_08_16_16_02_18_697527.json"
32,2021-08-16 16:03:01,58,101578,0.773767330711876,"7",[10 11 12 13 14],"['10', '11', '12', '13', '14', '15', '16', '17', '18', '19']",6277.204,79.229,62.829,72.225,5069.304,71.199,57.953,84.276,"58_2021_08_16_16_02_35_189761.json","58_2021_08_16_16_02_49_298004.json"
33,2021-08-16 16:09:34,58,101578,0.773767330711876,"38856",[10 11 12 13 14],"['10', '11', '12', '13', '14', '15', '16', '17', '18', '19']",5368.494,73.27,44.028,14371045084054.78,7710.344,87.809,70.669,50.748,"58_2021_08_16_16_06_57_031219.json","58_2021_08_16_16_08_39_936997.json"
34,2021-08-16 16:10:08,72,24988,0.781749442600933,"30",[ 9 10 11 12 13 14 15 16 17 18 19 20],"['10', '11', '12', '13', '14', '15', '16', '17', '18', '19']",3314.666,57.573,43.909,26.29,2422.801,49.222,38.219,24.827,"72_2021_08_16_16_09_43_635374.json","72_2021_08_16_16_09_57_310649.json"
35,2021-08-16 16:10:35,72,24988,0.781749442600933,"7",[ 9 10 11 12 13 14 15 16 17 18 19 20],"['10', '11', '12', '13', '14', '15', '16', '17', '18', '19']",5306.609,72.846,58.66,33.093,4210.609,64.889,51.424,30.26,"72_2021_08_16_16_10_11_791275.json","72_2021_08_16_16_10_25_962204.json"
36,2021-08-16 16:12:46,72,24988,0.781749442600933,"10587",[ 9 10 11 12 13 14 15 16 17 18 19 20],"['10', '11', '12', '13', '14', '15', '16', '17', '18', '19']",5063.814,71.16,51.54,19490403456255.004,4295.735,65.542,49.151,72.025,"72_2021_08_16_16_11_45_223845.json","72_2021_08_16_16_12_23_287343.json"
37,2021-08-16 16:13:31,66,95158,0.564745300486408,"30",[ 9 10 11 12 13 14 15 16 17 18 19],"['10', '11', '12', '13', '14', '15', '16', '17', '18', '19']",20179.642,142.055,111.653,62.895,17096.81,130.755,109.126,45.905,"66_2021_08_16_16_12_59_836939.json","66_2021_08_16_16_13_19_118998.json"
38,2021-08-16 16:14:01,66,95158,0.564745300486408,"7",[ 9 10 11 12 13 14 15 16 17 18 19],"['10', '11', '12', '13', '14', '15', '16', '17', '18', '19']",45624.824,213.6,174.426,86.077,43630.415,208.879,196.042,110.576,"66_2021_08_16_16_13_36_642236.json","66_2021_08_16_16_13_50_876225.json"
39,2021-08-16 16:20:17,66,95158,0.564745300486408,"40066",[ 9 10 11 12 13 14 15 16 17 18 19],"['10', '11', '12', '13', '14', '15', '16', '17', '18', '19']",10583.306,102.875,70.613,30393014650330.49,8016.209,89.533,74.763,84.974,"66_2021_08_16_16_17_47_595184.json","66_2021_08_16_16_19_25_450041.json"
40,2021-08-16 16:20:53,67,45176,0.696059656873792,"30",[10 11 12 13 14 15 16 17 18 19],"['10', '11', '12', '13', '14', '15', '16', '17', '18', '19']",13402.543,115.769,56.477,35.465,3710.497,60.914,48.41,34.606,"67_2021_08_16_16_20_27_434876.json","67_2021_08_16_16_20_42_785426.json"
41,2021-08-16 16:21:18,67,45176,0.696059656873792,"7",[10 11 12 13 14 15 16 17 18 19],"['10', '11', '12', '13', '14', '15', '16', '17', '18', '19']",7463.58,86.392,55.52,35.031,3690.492,60.749,48.06,33.942,"67_2021_08_16_16_20_56_889081.json","67_2021_08_16_16_21_09_285352.json"
42,2021-08-16 16:24:26,67,45176,0.696059656873792,"18382",[10 11 12 13 14 15 16 17 18 19],"['10', '11', '12', '13', '14', '15', '16', '17', '18', '19']",18261.515,135.135,98.048,22519064012721.414,8971.123,94.716,72.756,53.163,"67_2021_08_16_16_23_04_471361.json","67_2021_08_16_16_23_55_410995.json"
43,2021-08-16 16:24:59,73,15577,0.599525263569754,"30",[10 11 12 13 14 15 16 17 18 19 20],"['10', '11', '12', '13', '14', '15', '16', '17', '18', '19']",8362.187,91.445,60.689,48.26,4659.417,68.26,50.57,42.854,"73_2021_08_16_16_24_34_986595.json","73_2021_08_16_16_24_48_349684.json"
44,2021-08-16 16:25:27,73,15577,0.599525263569754,"7",[10 11 12 13 14 15 16 17 18 19 20],"['10', '11', '12', '13', '14', '15', '16', '17', '18', '19']",4607.671,67.88,52.549,63.82,4063.393,63.745,52.568,77.378,"73_2021_08_16_16_25_04_100579.json","73_2021_08_16_16_25_18_134485.json"
45,2021-08-16 16:27:01,73,15577,0.599525263569754,"5702",[10 11 12 13 14 15 16 17 18 19 20],"['10', '11', '12', '13', '14', '15', '16', '17', '18', '19']",13896.248,117.882,77.145,25984538877170.82,23127.228,152.076,130.844,376.876,"73_2021_08_16_16_26_17_075459.json","73_2021_08_16_16_26_42_699291.json"
46,2021-08-16 16:27:40,1693,51013,0.447128584006116,"30",[ 8  9 10 11 12 13 14 15 16 17 18 19 20 21],"['10', '11', '12', '13', '14', '15', '16', '17', '18', '19']",4020.617,63.408,56.591,599.863,145.195,12.05,9.978,141.45,"1693_2021_08_16_16_27_12_291788.json","1693_2021_08_16_16_27_28_569236.json"
47,2021-08-16 16:28:06,1693,51013,0.447128584006116,"7",[ 8  9 10 11 12 13 14 15 16 17 18 19 20 21],"['10', '11', '12', '13', '14', '15', '16', '17', '18', '19']",58541.924,241.954,218.396,2078.984,195.066,13.967,11.607,145.096,"1693_2021_08_16_16_27_44_818372.json","1693_2021_08_16_16_27_57_168215.json"
48,2021-08-16 16:32:18,1693,51013,0.447128584006116,"15808",[ 8  9 10 11 12 13 14 15 16 17 18 19 20 21],"['10', '11', '12', '13', '14', '15', '16', '17', '18', '19']",756.593,27.506,21.228,10595987622271.938,122.362,11.062,9.136,117.449,"1693_2021_08_16_16_30_51_513705.json","1693_2021_08_16_16_31_41_679069.json"
49,2021-08-16 16:32:55,4714,52474,0.492795037481118,"30",[ 9 10 11 12 13],"['10', '11', '12', '13', '14', '15', '16', '17', '18', '19']",1192548.684,1092.039,627.465,303.37,265.09,16.282,12.955,90.305,"4714_2021_08_16_16_32_28_975841.json","4714_2021_08_16_16_32_45_037592.json"
50,2021-08-16 16:33:20,4714,52474,0.492795037481118,"7",[ 9 10 11 12 13],"['10', '11', '12', '13', '14', '15', '16', '17', '18', '19']",822583.044,906.964,642.569,574.224,95547.262,309.107,303.382,3246.51,"4714_2021_08_16_16_32_59_072178.json","4714_2021_08_16_16_33_12_181740.json"
51,2021-08-16 16:36:20,4714,52474,0.492795037481118,"7884",[ 9 10 11 12 13],"['10', '11', '12', '13', '14', '15', '16', '17', '18', '19']",623740.662,789.773,377.318,117174568617738.19,384.243,19.602,16.045,178.952,"4714_2021_08_16_16_35_09_698204.json","4714_2021_08_16_16_35_44_985723.json"
52,2021-08-16 16:37:03,4983,71388,0.835123205215174,"30",[10 11 12 13 14],"['10', '11', '12', '13', '14', '15', '16', '17', '18', '19']",2936.585,54.19,41.935,79.868,1355.139,36.812,31.234,114.935,"4983_2021_08_16_16_36_34_878401.json","4983_2021_08_16_16_36_51_646764.json"
53,2021-08-16 16:37:32,4983,71388,0.835123205215174,"7",[10 11 12 13 14],"['10', '11', '12', '13', '14', '15', '16', '17', '18', '19']",98457.299,313.779,301.609,767.07,1103.285,33.216,26.622,72.35,"4983_2021_08_16_16_37_08_114111.json","4983_2021_08_16_16_37_22_789091.json"
54,2021-08-16 16:43:57,4983,71388,0.835123205215174,"27696",[10 11 12 13 14],"['10', '11', '12', '13', '14', '15', '16', '17', '18', '19']",10403.037,101.995,93.226,59797167232607.336,955.343,30.909,23.811,60.454,"4983_2021_08_16_16_41_41_183004.json","4983_2021_08_16_16_43_06_370628.json"
55,2021-08-16 16:44:35,4954,41819,0.888050529076979,"30",[10 11 12 13],"['10', '11', '12', '13', '14', '15', '16', '17', '18', '19']",1997.814,44.697,33.482,66.627,759.247,27.554,22.097,62.616,"4954_2021_08_16_16_44_07_368819.json","4954_2021_08_16_16_44_23_372764.json"
56,2021-08-16 16:44:59,4954,41819,0.888050529076979,"7",[10 11 12 13],"['10', '11', '12', '13', '14', '15', '16', '17', '18', '19']",34321.952,185.262,151.824,235.789,2019.13,44.935,36.519,86.95,"4954_2021_08_16_16_44_38_367872.json","4954_2021_08_16_16_44_50_749968.json"
57,2021-08-16 16:47:56,4954,41819,0.888050529076979,"15950",[10 11 12 13],"['10', '11', '12', '13', '14', '15', '16', '17', '18', '19']",6238.118,78.982,62.458,4691820229006.344,2100.435,45.831,35.32,53.964,"4954_2021_08_16_16_46_38_052197.json","4954_2021_08_16_16_47_26_760017.json"
58,2021-08-17 17:38:02,4937,3516,0.834478377422375,"30",[ 9 10 11 12 13 14 15 16 17 18 19 20],"['10', '11', '12', '13', '14', '15', '16', '17', '18', '19']",1332.106,36.498,28.249,109.064,460.031,21.448,17.637,92.575,"4937_2021_08_17_17_37_26_242038.json","4937_2021_08_17_17_37_44_981854.json"
59,2021-08-17 17:38:42,4937,3516,0.834478377422375,"7",[ 9 10 11 12 13 14 15 16 17 18 19 20],"['10', '11', '12', '13', '14', '15', '16', '17', '18', '19']",2004.104,44.767,40.139,244.427,468.507,21.645,18.067,91.295,"4937_2021_08_17_17_38_07_506605.json","4937_2021_08_17_17_38_26_343170.json"
60,2021-08-17 17:39:36,4937,3516,0.834478377422375,"1451",[ 9 10 11 12 13 14 15 16 17 18 19 20],"['10', '11', '12', '13', '14', '15', '16', '17', '18', '19']",1021.881,31.967,19.319,4775782089157.106,499.357,22.346,18.417,105.223,"4937_2021_08_17_17_38_55_247255.json","4937_2021_08_17_17_39_18_592357.json"
61,2021-08-17 17:40:36,63,101544,0.652512694684727,"30",[ 9 10 11 12 13 14 15 16 17 18 19 20],"['10', '11', '12', '13', '14', '15', '16', '17', '18', '19']",3712884.587,1926.885,1575.529,677.758,511992.862,715.537,586.425,264.515,"63_2021_08_17_17_39_54_183759.json","63_2021_08_17_17_40_19_038038.json"
62,2021-08-17 17:41:12,63,101544,0.652512694684727,"7",[ 9 10 11 12 13 14 15 16 17 18 19 20],"['10', '11', '12', '13', '14', '15', '16', '17', '18', '19']",77866.146,279.045,139.648,41.036,20069.498,141.667,103.822,42.618,"63_2021_08_17_17_40_42_292953.json","63_2021_08_17_17_41_00_298109.json"
63,2021-08-17 17:51:05,63,101544,0.652512694684727,"42420",[ 9 10 11 12 13 14 15 16 17 18 19 20],"['10', '11', '12', '13', '14', '15', '16', '17', '18', '19']",26629.381,163.185,127.075,69852567769119.46,62584.108,250.168,210.155,170.394,"63_2021_08_17_17_47_58_106929.json","63_2021_08_17_17_50_00_414130.json"
64,2021-08-17 17:52:03,62,101578,0.788759654642971,"30",[ 9 10 11 12 13 14 15 16 17 18 19 20],"['10', '11', '12', '13', '14', '15', '16', '17', '18', '19']",68760.68,262.223,156.699,47.847,7381.761,85.917,64.646,36.964,"62_2021_08_17_17_51_23_648332.json","62_2021_08_17_17_51_46_446841.json"
65,2021-08-17 17:52:38,62,101578,0.788759654642971,"7",[ 9 10 11 12 13 14 15 16 17 18 19 20],"['10', '11', '12', '13', '14', '15', '16', '17', '18', '19']",105902.307,325.426,128.914,85.019,8241.174,90.781,70.254,68.315,"62_2021_08_17_17_52_08_406076.json","62_2021_08_17_17_52_26_309128.json"
66,2021-08-17 18:01:32,62,101578,0.788759654642971,"46321",[ 9 10 11 12 13 14 15 16 17 18 19 20],"['10', '11', '12', '13', '14', '15', '16', '17', '18', '19']",17206.335,131.173,91.701,20305628820918.484,8913.753,94.413,76.087,107.45,"62_2021_08_17_17_57_54_377010.json","62_2021_08_17_18_00_10_118791.json"
67,2021-08-17 18:02:21,3901,52906,0.469173011457194,"30",[10 11 12 13],"['10', '11', '12', '13', '14', '15', '16', '17', '18', '19']",109344.396,330.673,116.497,379.569,235.405,15.343,12.922,149.011,"3901_2021_08_17_18_01_50_489229.json","3901_2021_08_17_18_02_08_643245.json"
68,2021-08-17 18:14:12,4968,76086,0.609403174569126,"30",[ 9 10 11 12 13 14 15 16 17 18 19 20 21],"['10', '11', '12', '13', '14', '15', '16', '17', '18', '19']",4231.917,65.053,48.593,45.51,1126.128,33.558,26.153,34.344,"4968_2021_08_17_18_13_34_939604.json","4968_2021_08_17_18_13_57_637735.json"
69,2021-08-17 18:14:49,4968,76086,0.609403174569126,"7",[ 9 10 11 12 13 14 15 16 17 18 19 20 21],"['10', '11', '12', '13', '14', '15', '16', '17', '18', '19']",27641.65,166.258,163.951,84.142,22742.48,150.806,120.554,194.28,"4968_2021_08_17_18_14_18_795709.json","4968_2021_08_17_18_14_37_147533.json"
70,2021-08-17 18:21:11,4968,76086,0.609403174569126,"28875",[ 9 10 11 12 13 14 15 16 17 18 19 20 21],"['10', '11', '12', '13', '14', '15', '16', '17', '18', '19']",64667.818,254.299,240.51,144385341223272.6,5898.316,76.8,59.255,62.508,"4968_2021_08_17_18_18_46_357775.json","4968_2021_08_17_18_20_24_181064.json"
71,2021-08-17 18:22:15,14,101544,0.790841350442445,"30",[ 9 10 11 12 13 14 15 16 17 18 19 20],"['10', '11', '12', '13', '14', '15', '16', '17', '18', '19']",11288551967.326,106247.597,71492.788,46579.893,6702.884,81.871,62.943,43.349,"14_2021_08_17_18_21_30_079428.json","14_2021_08_17_18_21_56_036821.json"
72,2021-08-17 18:22:58,14,101544,0.790841350442445,"7",[ 9 10 11 12 13 14 15 16 17 18 19 20],"['10', '11', '12', '13', '14', '15', '16', '17', '18', '19']",232656023.407,15253.066,11086.377,6493.169,4698.728,68.547,54.023,38.355,"14_2021_08_17_18_22_22_849858.json","14_2021_08_17_18_22_44_049572.json"
73,2021-08-17 18:33:35,14,101544,0.790841350442445,"42001",[ 9 10 11 12 13 14 15 16 17 18 19 20],"['10', '11', '12', '13', '14', '15', '16', '17', '18', '19']",20812.554,144.266,114.527,18669410111312.65,4178.334,64.64,48.773,37.898,"14_2021_08_17_18_30_04_019399.json","14_2021_08_17_18_32_09_532395.json"
74,2021-08-17 18:34:31,29,35009,0.747917060882552,"30",[],"['10', '11', '12', '13', '14', '15', '16', '17', '18', '19']",218332.205,467.26,286.953,324.746,1775.882,42.141,33.561,80.723,"29_2021_08_17_18_33_56_874787.json","29_2021_08_17_18_34_17_563188.json"
75,2021-08-17 18:35:12,29,35009,0.747917060882552,"7",[],"['10', '11', '12', '13', '14', '15', '16', '17', '18', '19']",17515921.859,4185.203,2956.773,5733.059,2566.977,50.665,39.847,65.142,"29_2021_08_17_18_34_37_679428.json","29_2021_08_17_18_35_00_254863.json"
76,2021-08-17 18:38:23,29,35009,0.747917060882552,"11082",[],"['10', '11', '12', '13', '14', '15', '16', '17', '18', '19']",6915.324,83.158,45.357,23801436654333.414,3203.855,56.603,45.273,142.406,"29_2021_08_17_18_37_05_920096.json","29_2021_08_17_18_37_48_766806.json"
77,2021-08-17 18:39:18,15,101578,0.515679534602578,"30",[],"['10', '11', '12', '13', '14', '15', '16', '17', '18', '19']",82951.021,288.012,124.514,44.167,9455.774,97.241,77.46,44.919,"15_2021_08_17_18_38_41_203775.json","15_2021_08_17_18_39_02_842328.json"
78,2021-08-17 18:39:53,15,101578,0.515679534602578,"7",[],"['10', '11', '12', '13', '14', '15', '16', '17', '18', '19']",40061.069,200.153,115.129,51.914,6431.001,80.194,65.416,69.407,"15_2021_08_17_18_39_24_207971.json","15_2021_08_17_18_39_41_130446.json"
79,2021-08-17 18:48:23,15,101578,0.515679534602578,"45981",[],"['10', '11', '12', '13', '14', '15', '16', '17', '18', '19']",9235.182,96.1,60.966,13462967450152.516,4786.152,69.182,51.823,50.281,"15_2021_08_17_18_44_38_011185.json","15_2021_08_17_18_47_06_838859.json"
80,2021-08-17 18:49:10,4969,58760,0.456658430445736,"30",[ 9 10 11 12 13 14 15 16 17 18 19 20],"['10', '11', '12', '13', '14', '15', '16', '17', '18', '19']",3024.381,54.994,42.485,45.483,751.433,27.412,22.025,36.253,"4969_2021_08_17_18_48_37_162017.json","4969_2021_08_17_18_48_56_761428.json"
81,2021-08-17 18:49:43,4969,58760,0.456658430445736,"7",[ 9 10 11 12 13 14 15 16 17 18 19 20],"['10', '11', '12', '13', '14', '15', '16', '17', '18', '19']",1131761.123,1063.843,942.148,1361.268,2134.064,46.196,36.953,62.498,"4969_2021_08_17_18_49_15_608869.json","4969_2021_08_17_18_49_32_025988.json"
82,2021-08-17 18:54:16,4969,58760,0.456658430445736,"21770",[ 9 10 11 12 13 14 15 16 17 18 19 20],"['10', '11', '12', '13', '14', '15', '16', '17', '18', '19']",12637.234,112.415,91.139,6183649959174.771,1319.233,36.321,27.78,44.246,"4969_2021_08_17_18_52_21_534704.json","4969_2021_08_17_18_53_23_116626.json"
83,2021-08-17 18:54:57,4941,11965,0.575916212144492,"30",[ 9 10 11 12 13 17 18 19 20],"['10', '11', '12', '13', '14', '15', '16', '17', '18', '19']",165762.292,407.139,263.305,397.171,306.799,17.516,14.175,57.713,"4941_2021_08_17_18_54_26_205661.json","4941_2021_08_17_18_54_44_755652.json"
84,2021-08-17 18:55:30,4941,11965,0.575916212144492,"7",[ 9 10 11 12 13 17 18 19 20],"['10', '11', '12', '13', '14', '15', '16', '17', '18', '19']",5757970.827,2399.577,2353.749,9115.061,429.215,20.717,17.116,39.244,"4941_2021_08_17_18_55_03_070479.json","4941_2021_08_17_18_55_18_975122.json"
85,2021-08-17 18:57:06,4941,11965,0.575916212144492,"1270",[ 9 10 11 12 13 17 18 19 20],"['10', '11', '12', '13', '14', '15', '16', '17', '18', '19']",1874.3,43.293,28.849,14369846860433.3,678.913,26.056,21.285,72.105,"4941_2021_08_17_18_56_15_533052.json","4941_2021_08_17_18_56_39_041611.json"
86,2021-08-17 18:57:45,4955,44471,0.0196425337238097,"30",[],"['10', '11', '12', '13', '14', '15', '16', '17', '18', '19']",1779.025,42.178,30.373,117.254,29.741,5.454,4.697,99.258,"4955_2021_08_17_18_57_17_951604.json","4955_2021_08_17_18_57_33_988690.json"
87,2021-08-18 05:46:39,4980,91931,0.366411319350706,"30",[10 11 12 13],"['10', '11', '12', '13', '14', '15', '16', '17', '18', '19']",163003106.769,12767.267,10278.918,31226.107,777.181,27.878,21.416,70.103,"4980_2021_08_18_05_46_09_440902.json","4980_2021_08_18_05_46_26_741998.json"
88,2021-08-18 05:47:07,4980,91931,0.366411319350706,"7",[10 11 12 13],"['10', '11', '12', '13', '14', '15', '16', '17', '18', '19']",6700309.811,2588.496,2241.184,6080.811,1408.595,37.531,29.701,76.788,"4980_2021_08_18_05_46_43_460260.json","4980_2021_08_18_05_46_57_511276.json"
89,2021-08-18 05:53:11,4980,91931,0.366411319350706,"19096",[10 11 12 13],"['10', '11', '12', '13', '14', '15', '16', '17', '18', '19']",622056.464,788.706,620.648,65867344124790.19,5394.407,73.447,63.173,511.608,"4980_2021_08_18_05_51_27_659508.json","4980_2021_08_18_05_52_29_155083.json"
90,2021-08-18 05:53:40,4994,2665,0.557709402719255,"30",[],"['10', '11', '12', '13', '14', '15', '16', '17', '18', '19']",239613.861,489.504,428.259,671.192,2129.035,46.141,39.98,84.597,"4994_2021_08_18_05_53_19_528869.json","4994_2021_08_18_05_53_31_097215.json"
91,2021-08-18 05:54:07,4994,2665,0.557709402719255,"7",[],"['10', '11', '12', '13', '14', '15', '16', '17', '18', '19']",28839.488,169.822,72.17,59.185,1022.18,31.972,25.141,46.967,"4994_2021_08_18_05_53_43_687227.json","4994_2021_08_18_05_53_57_488812.json"
92,2021-08-18 05:54:46,4994,2665,0.557709402719255,"1074",[],"['10', '11', '12', '13', '14', '15', '16', '17', '18', '19']",21957.505,148.181,54.24,19781073981212.234,1379.918,37.147,28.922,44.471,"4994_2021_08_18_05_54_16_939579.json","4994_2021_08_18_05_54_33_242663.json"
93,2021-08-18 05:55:21,4943,13017,0.859587735329635,"30",[10 11 12 13],"['10', '11', '12', '13', '14', '15', '16', '17', '18', '19']",43584.126,208.768,150.862,302.408,587.883,24.246,18.959,41.528,"4943_2021_08_18_05_54_55_092128.json","4943_2021_08_18_05_55_09_864023.json"
94,2021-08-18 05:55:48,4943,13017,0.859587735329635,"7",[10 11 12 13],"['10', '11', '12', '13', '14', '15', '16', '17', '18', '19']",170966.196,413.481,343.638,761.952,439.352,20.961,16.302,66.087,"4943_2021_08_18_05_55_25_046730.json","4943_2021_08_18_05_55_38_322758.json"
95,2021-08-18 05:57:10,4943,13017,0.859587735329635,"5436",[10 11 12 13],"['10', '11', '12', '13', '14', '15', '16', '17', '18', '19']",1036.153,32.189,26.533,13160229083833.363,1160.806,34.071,26.882,57.234,"4943_2021_08_18_05_56_27_572068.json","4943_2021_08_18_05_56_52_553640.json"
96,2021-08-18 05:57:45,4957,45034,0.691522867665272,"30",[10 11 12 13],"['10', '11', '12', '13', '14', '15', '16', '17', '18', '19']",507.589,22.53,15.902,94.421,135.486,11.64,9.636,101.232,"4957_2021_08_18_05_57_21_030973.json","4957_2021_08_18_05_57_35_218564.json"
97,2021-08-18 05:58:11,4957,45034,0.691522867665272,"7",[10 11 12 13],"['10', '11', '12', '13', '14', '15', '16', '17', '18', '19']",4082.352,63.893,52.375,393.92,262.612,16.205,13.159,176.114,"4957_2021_08_18_05_57_48_334594.json","4957_2021_08_18_05_58_02_236636.json"
98,2021-08-18 06:01:36,4957,45034,0.691522867665272,"10012",[10 11 12 13],"['10', '11', '12', '13', '14', '15', '16', '17', '18', '19']",6802.18,82.475,77.139,52476995785092.46,1991.568,44.627,38.656,411.722,"4957_2021_08_18_06_00_27_539461.json","4957_2021_08_18_06_01_06_917496.json"
99,2021-08-18 06:02:28,17,101544,0.753694011664356,"30",[],"['10', '11', '12', '13', '14', '15', '16', '17', '18', '19']",12707059906.863,112725.596,83302.753,61715.785,117954.211,343.445,272.72,248.1,"17_2021_08_18_06_01_53_938491.json","17_2021_08_18_06_02_15_472787.json"
100,2021-08-18 06:02:58,17,101544,0.753694011664356,"7",[],"['10', '11', '12', '13', '14', '15', '16', '17', '18', '19']",204835153.955,14312.063,10695.701,8557.406,4814.579,69.387,55.305,75.149,"17_2021_08_18_06_02_33_002269.json","17_2021_08_18_06_02_47_845708.json"
101,2021-08-18 06:11:37,17,101544,0.753694011664356,"37646",[],"['10', '11', '12', '13', '14', '15', '16', '17', '18', '19']",48402.35,220.005,183.412,12421830696186.412,4292.904,65.52,50.792,52.399,"17_2021_08_18_06_09_08_444343.json","17_2021_08_18_06_10_33_754249.json"
102,2021-08-18 06:12:26,16,101578,0.810350305757145,"30",[],"['10', '11', '12', '13', '14', '15', '16', '17', '18', '19']",6404226139.933,80026.409,57883.904,96731.374,3051.804,55.243,43.387,94.001,"16_2021_08_18_06_11_55_965210.json","16_2021_08_18_06_12_14_860070.json"
103,2021-08-18 06:12:56,16,101578,0.810350305757145,"7",[],"['10', '11', '12', '13', '14', '15', '16', '17', '18', '19']",69047455.524,8309.48,6210.973,18162.399,3467.247,58.883,47.665,122.685,"16_2021_08_18_06_12_31_773785.json","16_2021_08_18_06_12_45_758521.json"
104,2021-08-18 06:21:09,16,101578,0.810350305757145,"35533",[],"['10', '11', '12', '13', '14', '15', '16', '17', '18', '19']",9724.598,98.613,67.427,30308448763993.47,2587.142,50.864,40.055,90.051,"16_2021_08_18_06_18_43_288138.json","16_2021_08_18_06_20_10_809116.json"
105,2021-08-18 06:21:46,4956,44172,0.910527977844335,"30",[10 11 12 13 14],"['10', '11', '12', '13', '14', '15', '16', '17', '18', '19']",1778.663,42.174,29.301,75.534,439.438,20.963,16.577,68.281,"4956_2021_08_18_06_21_20_163978.json","4956_2021_08_18_06_21_35_590572.json"
106,2021-08-18 06:22:11,4956,44172,0.910527977844335,"7",[10 11 12 13 14],"['10', '11', '12', '13', '14', '15', '16', '17', '18', '19']",15467.504,124.368,101.421,202.706,1464.829,38.273,31.125,86.912,"4956_2021_08_18_06_21_49_825011.json","4956_2021_08_18_06_22_02_624638.json"
107,2021-08-18 06:25:16,4956,44172,0.910527977844335,"17116",[10 11 12 13 14],"['10', '11', '12', '13', '14', '15', '16', '17', '18', '19']",620972.366,788.018,688.898,367746840482787.2,619.818,24.896,19.852,81.252,"4956_2021_08_18_06_23_57_026537.json","4956_2021_08_18_06_24_45_762152.json"
108,2021-08-18 06:25:57,4942,5867,0.786347680946587,"30",[ 9 10 11 12 13 14 15 16 17 18 19 20],"['10', '11', '12', '13', '14', '15', '16', '17', '18', '19']",3576.074,59.8,51.744,273.519,3840.199,61.969,60.609,87.285,"4942_2021_08_18_06_25_25_666402.json","4942_2021_08_18_06_25_43_370078.json"
109,2021-08-18 06:26:23,4942,5867,0.786347680946587,"7",[ 9 10 11 12 13 14 15 16 17 18 19 20],"['10', '11', '12', '13', '14', '15', '16', '17', '18', '19']",245803.949,495.786,494.232,1150.588,1536.694,39.201,34.917,59.19,"4942_2021_08_18_06_26_00_858599.json","4942_2021_08_18_06_26_14_011334.json"
110,2021-08-18 06:27:18,4942,5867,0.786347680946587,"2105",[ 9 10 11 12 13 14 15 16 17 18 19 20],"['10', '11', '12', '13', '14', '15', '16', '17', '18', '19']",1096.371,33.111,22.898,4418751621822.783,1055.381,32.487,26.0,58.044,"4942_2021_08_18_06_26_43_858362.json","4942_2021_08_18_06_27_02_650214.json"
111,2021-08-18 06:27:56,4981,61980,0.68869780839388,"30",[ 9 10 11 12 13 14 15 16 17 18 19 20],"['10', '11', '12', '13', '14', '15', '16', '17', '18', '19']",1160712.52,1077.364,846.996,1575.088,878.78,29.644,23.223,115.229,"4981_2021_08_18_06_27_29_545932.json","4981_2021_08_18_06_27_45_180733.json"
112,2021-08-18 09:50:51,4991,42252,0.709061146377968,"30",[10 11 12 13 14],"['10', '11', '12', '13', '14', '15', '16', '17', '18', '19']",1230.416,35.077,27.44,78.807,309.69,17.598,14.352,78.545,"4991_2021_08_18_09_50_21_318751.json","4991_2021_08_18_09_50_37_186095.json"
113,2021-08-18 09:51:28,4991,42252,0.709061146377968,"7",[10 11 12 13 14],"['10', '11', '12', '13', '14', '15', '16', '17', '18', '19']",16136.614,127.03,103.354,338.88,402.115,20.053,16.418,95.855,"4991_2021_08_18_09_50_56_093832.json","4991_2021_08_18_09_51_16_738183.json"
114,2021-08-18 09:54:51,4991,42252,0.709061146377968,"11252",[10 11 12 13 14],"['10', '11', '12', '13', '14', '15', '16', '17', '18', '19']",3059.353,55.311,38.948,5210157749628.588,372.249,19.294,15.566,81.005,"4991_2021_08_18_09_53_33_566047.json","4991_2021_08_18_09_54_15_965201.json"
115,2021-08-18 09:55:35,4946,23494,0.829924581758212,"30",[10 11 12 13 14],"['10', '11', '12', '13', '14', '15', '16', '17', '18', '19']",990.064,31.465,24.596,95.401,537.527,23.185,18.989,88.087,"4946_2021_08_18_09_55_05_662638.json","4946_2021_08_18_09_55_22_887834.json"
116,2021-08-18 09:56:03,4946,23494,0.829924581758212,"7",[10 11 12 13 14],"['10', '11', '12', '13', '14', '15', '16', '17', '18', '19']",11266.604,106.144,83.092,456.788,1271.66,35.66,28.926,165.218,"4946_2021_08_18_09_55_38_713119.json","4946_2021_08_18_09_55_53_677244.json"
117,2021-08-18 09:58:19,4946,23494,0.829924581758212,"8698",[10 11 12 13 14],"['10', '11', '12', '13', '14', '15', '16', '17', '18', '19']",2867.629,53.55,38.649,6271547974725.764,728.179,26.985,20.811,89.16,"4946_2021_08_18_09_57_12_671630.json","4946_2021_08_18_09_57_51_303534.json"
118,2021-08-18 09:59:04,4952,36793,0.795844331701531,"30",[10 11 12 13 14 15 16 17 18 19 20],"['10', '11', '12', '13', '14', '15', '16', '17', '18', '19']",866.766,29.441,21.88,93.346,255.067,15.971,13.037,92.039,"4952_2021_08_18_09_58_31_074038.json","4952_2021_08_18_09_58_50_456854.json"
119,2021-08-18 09:59:30,4952,36793,0.795844331701531,"7",[10 11 12 13 14 15 16 17 18 19 20],"['10', '11', '12', '13', '14', '15', '16', '17', '18', '19']",6329.73,79.56,65.317,361.791,851.843,29.186,23.399,176.366,"4952_2021_08_18_09_59_07_447871.json","4952_2021_08_18_09_59_20_236569.json"
120,2021-08-18 10:02:41,4952,36793,0.795844331701531,"15543",[10 11 12 13 14 15 16 17 18 19 20],"['10', '11', '12', '13', '14', '15', '16', '17', '18', '19']",1715.241,41.415,33.343,12229146343325.8,617.676,24.853,20.6,134.042,"4952_2021_08_18_10_01_22_992500.json","4952_2021_08_18_10_02_11_460949.json"
121,2021-08-18 10:03:27,12,37895,0.779051970665976,"30",[ 9 10 11 12 13 14 17 18 19 20],"['10', '11', '12', '13', '14', '15', '16', '17', '18', '19']",320425226.22,17900.425,14344.577,31917.356,5652.239,75.181,58.904,151.071,"12_2021_08_18_10_02_54_992962.json","12_2021_08_18_10_03_13_576170.json"
122,2021-08-18 10:03:58,12,37895,0.779051970665976,"7",[ 9 10 11 12 13 14 17 18 19 20],"['10', '11', '12', '13', '14', '15', '16', '17', '18', '19']",537603412.187,23186.276,19176.002,28816.944,2558.011,50.577,38.164,92.721,"12_2021_08_18_10_03_32_299557.json","12_2021_08_18_10_03_47_839709.json"
123,2021-08-18 10:07:24,12,37895,0.779051970665976,"11808",[ 9 10 11 12 13 14 17 18 19 20],"['10', '11', '12', '13', '14', '15', '16', '17', '18', '19']",7786.948,88.244,46.811,18569866736805.72,1894.471,43.526,35.251,90.916,"12_2021_08_18_10_05_59_406517.json","12_2021_08_18_10_06_48_090936.json"
124,2021-08-18 10:08:26,13,101578,0.5457179246035,"30",[10 11 12 13 14],"['10', '11', '12', '13', '14', '15', '16', '17', '18', '19']",29931620933.521,173007.575,124333.917,62989.908,5696.116,75.473,57.383,26.76,"13_2021_08_18_10_07_47_242246.json","13_2021_08_18_10_08_10_022476.json"
125,2021-08-18 10:09:02,13,101578,0.5457179246035,"7",[10 11 12 13 14],"['10', '11', '12', '13', '14', '15', '16', '17', '18', '19']",408129593.841,20202.218,14965.0,8834.107,12580.837,112.164,91.233,72.888,"13_2021_08_18_10_08_31_883883.json","13_2021_08_18_10_08_50_432190.json"
126,2021-08-18 10:30:44,13,101578,0.5457179246035,"46335",[10 11 12 13 14],"['10', '11', '12', '13', '14', '15', '16', '17', '18', '19']",19008.641,137.872,104.886,40036478749755.625,12985.45,113.954,90.126,119.357,"13_2021_08_18_10_19_53_610968.json","13_2021_08_18_10_28_03_565116.json"
127,2021-08-18 10:31:25,4947,34090,0.491984151764308,"30",[],"['10', '11', '12', '13', '14', '15', '16', '17', '18', '19']",833.162,28.865,21.175,97.536,65.176,8.073,6.958,108.374,"4947_2021_08_18_10_30_57_358632.json","4947_2021_08_18_10_31_14_148783.json"
128,2021-08-18 10:31:55,4947,34090,0.491984151764308,"7",[],"['10', '11', '12', '13', '14', '15', '16', '17', '18', '19']",13995.822,118.304,95.952,445.656,102.599,10.129,8.148,119.726,"4947_2021_08_18_10_31_29_343629.json","4947_2021_08_18_10_31_44_201966.json"
129,2021-08-18 10:34:29,4947,34090,0.491984151764308,"3414",[],"['10', '11', '12', '13', '14', '15', '16', '17', '18', '19']",1003.98,31.686,24.428,14705816816794.117,86.432,9.297,7.599,93.294,"4947_2021_08_18_10_33_22_346634.json","4947_2021_08_18_10_33_52_470402.json"
130,2021-08-18 10:35:12,4986,60344,0.756574160707124,"30",[10 11 12 13 14],"['10', '11', '12', '13', '14', '15', '16', '17', '18', '19']",3462.261,58.841,45.524,57.184,921.844,30.362,24.285,80.108,"4986_2021_08_18_10_34_41_637821.json","4986_2021_08_18_10_34_59_017870.json"
131,2021-08-18 10:35:46,4986,60344,0.756574160707124,"7",[10 11 12 13 14],"['10', '11', '12', '13', '14', '15', '16', '17', '18', '19']",331489.045,575.751,459.422,1975.824,3312.137,57.551,48.811,69.072,"4986_2021_08_18_10_35_16_369678.json","4986_2021_08_18_10_35_34_181729.json"
132,2021-08-18 10:40:34,4986,60344,0.756574160707124,"16963",[10 11 12 13 14],"['10', '11', '12', '13', '14', '15', '16', '17', '18', '19']",15034.76,122.616,95.789,7189761325024.081,2600.771,50.998,40.649,81.082,"4986_2021_08_18_10_38_38_014260.json","4986_2021_08_18_10_39_45_724976.json"
133,2021-08-18 10:41:30,4951,35340,0.685157541385045,"30",[10 11 12 13 14],"['10', '11', '12', '13', '14', '15', '16', '17', '18', '19']",2054.346,45.325,33.592,60.448,507.171,22.52,17.989,60.1,"4951_2021_08_18_10_40_50_835177.json","4951_2021_08_18_10_41_09_677703.json"
134,2021-08-18 10:42:00,4951,35340,0.685157541385045,"7",[10 11 12 13 14],"['10', '11', '12', '13', '14', '15', '16', '17', '18', '19']",47034.85,216.875,182.741,359.783,1516.51,38.942,30.954,108.112,"4951_2021_08_18_10_41_33_917589.json","4951_2021_08_18_10_41_50_259107.json"
135,2021-08-18 10:44:57,4951,35340,0.685157541385045,"11371",[10 11 12 13 14],"['10', '11', '12', '13', '14', '15', '16', '17', '18', '19']",2125.199,46.1,31.589,14465766331086.371,2467.735,49.676,40.558,191.054,"4951_2021_08_18_10_43_39_103535.json","4951_2021_08_18_10_44_27_952915.json"
136,2021-08-18 10:45:41,4945,17243,0.498923745032421,"30",[10 11 12 13 14],"['10', '11', '12', '13', '14', '15', '16', '17', '18', '19']",1604.525,40.057,30.975,92.98,149.804,12.239,9.919,87.337,"4945_2021_08_18_10_45_07_386551.json","4945_2021_08_18_10_45_28_229965.json"
137,2021-08-18 12:51:47,39,101578,0.719097060995469,"30",[],"['10', '11', '12', '13', '14', '15', '16', '17', '18', '19']",35874119790.041,189404.646,129703.586,95783.69,7522.44,86.732,66.052,35.414,"39_2021_08_18_12_51_14_337712.json","39_2021_08_18_12_51_33_692445.json"
138,2021-08-18 12:52:18,39,101578,0.719097060995469,"7",[],"['10', '11', '12', '13', '14', '15', '16', '17', '18', '19']",327303144.982,18091.521,13289.754,26876.286,17595.078,132.646,108.705,160.784,"39_2021_08_18_12_51_52_077493.json","39_2021_08_18_12_52_07_204282.json"
139,2021-08-18 13:01:31,39,101578,0.719097060995469,"37335",[],"['10', '11', '12', '13', '14', '15', '16', '17', '18', '19']",54766.687,234.023,182.809,75573053700523.33,157098.25,396.356,349.116,418.865,"39_2021_08_18_12_58_50_946683.json","39_2021_08_18_13_00_35_354609.json"
140,2021-08-18 13:02:24,11,101544,0.764601391593985,"30",[10 11 12 13 14],"['10', '11', '12', '13', '14', '15', '16', '17', '18', '19']",18380320490.668,135574.041,98895.358,50303.857,6853.037,82.783,62.337,39.488,"11_2021_08_18_13_01_50_485842.json","11_2021_08_18_13_02_10_712037.json"
141,2021-08-18 13:02:58,11,101544,0.764601391593985,"7",[10 11 12 13 14],"['10', '11', '12', '13', '14', '15', '16', '17', '18', '19']",774825001.813,27835.679,20061.5,11300.23,11363.886,106.602,84.863,46.877,"11_2021_08_18_13_02_30_051704.json","11_2021_08_18_13_02_47_330072.json"
142,2021-08-18 13:11:11,11,101544,0.764601391593985,"44665",[10 11 12 13 14],"['10', '11', '12', '13', '14', '15', '16', '17', '18', '19']",29598.479,172.042,135.543,21387449781089.707,7106.605,84.301,67.263,56.831,"11_2021_08_18_13_08_20_820930.json","11_2021_08_18_13_10_09_065976.json"
143,2021-08-18 13:12:00,10,101578,0.533761030276296,"30",[10 11 12 13 14],"['10', '11', '12', '13', '14', '15', '16', '17', '18', '19']",11845426862.046,108836.698,82337.206,37884.327,6465.761,80.41,60.923,26.991,"10_2021_08_18_13_11_27_399683.json","10_2021_08_18_13_11_46_682907.json"
144,2021-08-18 13:12:32,10,101578,0.533761030276296,"7",[10 11 12 13 14],"['10', '11', '12', '13', '14', '15', '16', '17', '18', '19']",306719922.194,17513.421,12631.404,6933.879,10926.33,104.529,82.375,52.33,"10_2021_08_18_13_12_05_565324.json","10_2021_08_18_13_12_21_180118.json"
145,2021-08-18 13:21:57,10,101578,0.533761030276296,"43905",[10 11 12 13 14],"['10', '11', '12', '13', '14', '15', '16', '17', '18', '19']",110105.969,331.822,290.886,7381045235574.637,40484.054,201.206,159.409,50.868,"10_2021_08_18_13_18_33_460472.json","10_2021_08_18_13_20_37_792103.json"
146,2021-08-18 13:23:09,38,101544,0.789237282632471,"30",[10 11 12 13 14 18 19 20],"['10', '11', '12', '13', '14', '15', '16', '17', '18', '19']",7631784619.125,87360.086,62726.484,67239.202,243286.292,493.241,409.791,477.471,"38_2021_08_18_13_22_27_972877.json","38_2021_08_18_13_22_53_777665.json"
147,2021-08-18 13:23:43,38,101544,0.789237282632471,"7",[10 11 12 13 14 18 19 20],"['10', '11', '12', '13', '14', '15', '16', '17', '18', '19']",118823385.817,10900.614,8132.835,7749.948,2460.163,49.6,38.956,50.254,"38_2021_08_18_13_23_14_907436.json","38_2021_08_18_13_23_32_286038.json"
148,2021-08-18 13:32:40,38,101544,0.789237282632471,"38132",[10 11 12 13 14 18 19 20],"['10', '11', '12', '13', '14', '15', '16', '17', '18', '19']",16615.997,128.903,80.045,25437637780942.63,4755.716,68.962,55.075,70.202,"38_2021_08_18_13_30_07_739715.json","38_2021_08_18_13_31_42_994114.json"
149,2021-08-18 13:33:14,4944,12668,0.748099800909414,"30",[ 9 10 11 12 13],"['10', '11', '12', '13', '14', '15', '16', '17', '18', '19']",4200.076,64.808,50.31,189.052,2818.256,53.087,42.749,274.818,"4944_2021_08_18_13_32_48_798166.json","4944_2021_08_18_13_33_03_805594.json"
150,2021-08-18 13:33:41,4944,12668,0.748099800909414,"7",[ 9 10 11 12 13],"['10', '11', '12', '13', '14', '15', '16', '17', '18', '19']",7374.487,85.875,74.154,361.482,1067.622,32.674,27.705,326.717,"4944_2021_08_18_13_33_18_516704.json","4944_2021_08_18_13_33_31_703627.json"
151,2021-08-18 13:35:04,4944,12668,0.748099800909414,"3110",[ 9 10 11 12 13],"['10', '11', '12', '13', '14', '15', '16', '17', '18', '19']",720.602,26.844,16.705,4969451520098.665,644.417,25.385,20.527,89.086,"4944_2021_08_18_13_34_15_761416.json","4944_2021_08_18_13_34_41_748817.json"
152,2021-08-18 13:35:54,3411,60204,0.802967407859581,"30",[10 11 12 13 14 15 16 17 18 19],"['10', '11', '12', '13', '14', '15', '16', '17', '18', '19']",7667.427,87.564,77.459,327.385,691.588,26.298,21.902,107.082,"3411_2021_08_18_13_35_18_148496.json","3411_2021_08_18_13_35_39_330572.json"
153,2021-08-18 13:36:27,3411,60204,0.802967407859581,"7",[10 11 12 13 14 15 16 17 18 19],"['10', '11', '12', '13', '14', '15', '16', '17', '18', '19']",709464.401,842.297,831.914,3669.248,3992.504,63.186,57.15,306.178,"3411_2021_08_18_13_35_58_241671.json","3411_2021_08_18_13_36_15_298856.json"
154,2021-08-18 13:40:45,3411,60204,0.802967407859581,"21759",[10 11 12 13 14 15 16 17 18 19],"['10', '11', '12', '13', '14', '15', '16', '17', '18', '19']",1808.088,42.522,32.761,4394203616244.693,3704.201,60.862,50.894,247.809,"3411_2021_08_18_13_39_08_833840.json","3411_2021_08_18_13_40_10_008220.json"
155,2021-08-18 13:41:21,4975,41137,0.444133867282438,"30",[],"['10', '11', '12', '13', '14', '15', '16', '17', '18', '19']",482737.987,694.793,557.991,2529.792,38.285,6.187,5.218,84.133,"4975_2021_08_18_13_40_55_979804.json","4975_2021_08_18_13_41_11_865931.json"
156,2021-08-18 14:00:24,4961,57228,0.0000015560901241,"30",[10 11 12 13 14],"['10', '11', '12', '13', '14', '15', '16', '17', '18', '19']",1161.463,34.08,25.431,65.056,166.428,12.901,10.825,77.686,"4961_2021_08_18_13_59_50_541129.json","4961_2021_08_18_14_00_12_389416.json"
157,2021-08-18 14:01:08,4961,57228,0.0000015560901241,"7",[10 11 12 13 14],"['10', '11', '12', '13', '14', '15', '16', '17', '18', '19']",13700.651,117.05,96.171,240.68,303.991,17.435,14.152,95.446,"4961_2021_08_18_14_00_29_535109.json","4961_2021_08_18_14_00_50_479531.json"
158,2021-08-18 14:28:59,4949,32806,0.80601647556418,"30",[10 11 12 13 14 17 18 19],"['10', '11', '12', '13', '14', '15', '16', '17', '18', '19']",3018.345,54.939,33.771,69.804,604.515,24.587,19.238,69.524,"4949_2021_08_18_14_28_15_565223.json","4949_2021_08_18_14_28_39_982088.json"
159,2021-08-18 14:29:45,4949,32806,0.80601647556418,"7",[10 11 12 13 14 17 18 19],"['10', '11', '12', '13', '14', '15', '16', '17', '18', '19']",23654.137,153.799,122.418,281.932,1723.806,41.519,32.886,130.927,"4949_2021_08_18_14_29_04_615405.json","4949_2021_08_18_14_29_25_950862.json"
160,2021-08-18 14:34:48,4949,32806,0.80601647556418,"12162",[10 11 12 13 14 17 18 19],"['10', '11', '12', '13', '14', '15', '16', '17', '18', '19']",3172.327,56.323,42.978,20293143019278.76,1439.774,37.944,30.542,128.794,"4949_2021_08_18_14_32_37_848265.json","4949_2021_08_18_14_33_57_622431.json"
161,2021-08-18 14:36:20,35,101544,0.7919062545457,"30",[ 9 10 11 12 13 14 15 16 17 18 19 20],"['10', '11', '12', '13', '14', '15', '16', '17', '18', '19']",22224383284.977,149078.447,116760.725,45882.23,14952.157,122.279,100.641,34.476,"35_2021_08_18_14_35_15_983180.json","35_2021_08_18_14_35_57_050039.json"
162,2021-08-18 14:37:18,35,101544,0.7919062545457,"7",[ 9 10 11 12 13 14 15 16 17 18 19 20],"['10', '11', '12', '13', '14', '15', '16', '17', '18', '19']",662175377.814,25732.769,18719.882,11497.467,7857.461,88.642,67.828,57.913,"35_2021_08_18_14_36_28_409666.json","35_2021_08_18_14_36_54_753060.json"
163,2021-08-18 14:54:03,35,101544,0.7919062545457,"44768",[ 9 10 11 12 13 14 15 16 17 18 19 20],"['10', '11', '12', '13', '14', '15', '16', '17', '18', '19']",41700.783,204.208,164.535,24979395714381.246,7642.675,87.422,67.36,110.938,"35_2021_08_18_14_48_48_978372.json","35_2021_08_18_14_52_21_770066.json"
164,2021-08-18 14:55:41,5,101528,0.353041999336838,"30",[ 8  9 10 11 12 13 14 15 16 17 18],"['10', '11', '12', '13', '14', '15', '16', '17', '18', '19']",2048278.755,1431.181,288.973,1615.495,456.766,21.372,17.184,155.157,"5_2021_08_18_14_54_21_968034.json","5_2021_08_18_14_55_01_481765.json"
165,2021-08-18 14:57:01,5,101528,0.353041999336838,"7",[ 8  9 10 11 12 13 14 15 16 17 18],"['10', '11', '12', '13', '14', '15', '16', '17', '18', '19']",728592.473,853.576,174.979,703.282,589.327,24.276,19.016,123.493,"5_2021_08_18_14_55_52_686655.json","5_2021_08_18_14_56_29_912516.json"
166,2021-08-18 15:06:30,5,101528,0.353041999336838,"16865",[ 8  9 10 11 12 13 14 15 16 17 18],"['10', '11', '12', '13', '14', '15', '16', '17', '18', '19']",174488.767,417.719,95.366,32216022261723.76,380.507,19.507,16.427,185.576,"5_2021_08_18_15_03_02_848649.json","5_2021_08_18_15_04_40_580300.json"
167,2021-08-18 15:08:13,21,101544,0.490097255820059,"30",[10 11 12 13 14],"['10', '11', '12', '13', '14', '15', '16', '17', '18', '19']",36136637591.539,190096.39,136602.413,94974.153,8983.67,94.782,77.438,82.186,"21_2021_08_18_15_07_19_200167.json","21_2021_08_18_15_07_54_643242.json"
168,2021-08-18 15:09:00,21,101544,0.490097255820059,"7",[10 11 12 13 14],"['10', '11', '12', '13', '14', '15', '16', '17', '18', '19']",340738650.14,18459.108,13649.845,13074.228,6324.265,79.525,64.401,122.341,"21_2021_08_18_15_08_19_766145.json","21_2021_08_18_15_08_42_858705.json"
169,2021-08-18 15:18:50,21,101544,0.490097255820059,"41234",[10 11 12 13 14],"['10', '11', '12', '13', '14', '15', '16', '17', '18', '19']",21101.185,145.262,115.136,59228866075316.125,7279.179,85.318,64.338,215.705,"21_2021_08_18_15_16_02_656918.json","21_2021_08_18_15_17_38_592280.json"
170,2021-08-18 15:19:45,20,101578,0.810139883464291,"30",[],"['10', '11', '12', '13', '14', '15', '16', '17', '18', '19']",44304447800.827,210486.218,146290.026,63133.001,12083.867,109.927,82.681,36.058,"20_2021_08_18_15_19_11_288309.json","20_2021_08_18_15_19_31_782504.json"
171,2021-08-18 15:20:16,20,101578,0.810139883464291,"7",[],"['10', '11', '12', '13', '14', '15', '16', '17', '18', '19']",498415169.299,22325.214,15817.677,8841.391,15348.968,123.891,94.983,57.064,"20_2021_08_18_15_19_50_620462.json","20_2021_08_18_15_20_05_991355.json"
172,2021-08-18 15:29:37,20,101578,0.810139883464291,"47892",[],"['10', '11', '12', '13', '14', '15', '16', '17', '18', '19']",27450.095,165.681,124.566,51411355083569.73,16880.239,129.924,100.96,55.33,"20_2021_08_18_15_26_05_348134.json","20_2021_08_18_15_28_21_863152.json"
173,2021-08-18 15:30:29,4,101529,0.614459687064231,"30",[],"['10', '11', '12', '13', '14', '15', '16', '17', '18', '19']",269570819338.096,519202.099,383881.058,2682433.802,254.084,15.94,13.723,277.473,"4_2021_08_18_15_29_55_634947.json","4_2021_08_18_15_30_15_980637.json"
174,2021-08-18 15:31:03,4,101529,0.614459687064231,"7",[],"['10', '11', '12', '13', '14', '15', '16', '17', '18', '19']",3008372457.73,54848.632,40142.585,339130.633,260.66,16.145,13.283,165.611,"4_2021_08_18_15_30_34_949342.json","4_2021_08_18_15_30_51_430505.json"
175,2021-08-18 15:39:08,4,101529,0.614459687064231,"13930",[],"['10', '11', '12', '13', '14', '15', '16', '17', '18', '19']",520305.138,721.322,571.86,370983585769046.3,257.898,16.059,13.41,205.626,"4_2021_08_18_15_37_19_090383.json","4_2021_08_18_15_38_16_076927.json"
176,2021-08-18 15:39:58,34,101544,0.281140155138373,"30",[10 11 12 13 14 17 18 19],"['10', '11', '12', '13', '14', '15', '16', '17', '18', '19']",59506661318.956,243939.872,185115.411,113735.885,7618.719,87.285,68.507,44.256,"34_2021_08_18_15_39_27_635409.json","34_2021_08_18_15_39_46_352507.json"
177,2021-08-18 15:40:28,34,101544,0.281140155138373,"7",[10 11 12 13 14 17 18 19],"['10', '11', '12', '13', '14', '15', '16', '17', '18', '19']",827697087.163,28769.725,21431.003,12040.275,18111.303,134.578,113.596,78.211,"34_2021_08_18_15_40_03_522466.json","34_2021_08_18_15_40_17_909621.json"
178,2021-08-18 15:48:39,34,101544,0.281140155138373,"39188",[10 11 12 13 14 17 18 19],"['10', '11', '12', '13', '14', '15', '16', '17', '18', '19']",385335.122,620.754,525.181,292615929764768.94,8566.178,92.554,73.658,59.183,"34_2021_08_18_15_45_58_283139.json","34_2021_08_18_15_47_35_620593.json"
179,2021-08-18 15:49:10,1373,24251,0.57936610989349,"30",[ 9 10 11 12 13 17 18 19 20],"['10', '11', '12', '13', '14', '15', '16', '17', '18', '19']",1921.449,43.834,34.745,75.552,140.386,11.848,9.657,46.286,"1373_2021_08_18_15_48_48_775233.json","1373_2021_08_18_15_49_00_942671.json"
180,2021-08-18 15:49:35,1373,24251,0.57936610989349,"7",[ 9 10 11 12 13 17 18 19 20],"['10', '11', '12', '13', '14', '15', '16', '17', '18', '19']",26420.06,162.542,126.778,205.431,1862.076,43.152,30.501,130.118,"1373_2021_08_18_15_49_13_672720.json","1373_2021_08_18_15_49_26_317633.json"
181,2021-08-18 15:51:22,1373,24251,0.57936610989349,"2971",[ 9 10 11 12 13 17 18 19 20],"['10', '11', '12', '13', '14', '15', '16', '17', '18', '19']",11707.19,108.2,86.792,55755599546790.45,210.031,14.492,11.651,75.05,"1373_2021_08_18_15_50_28_476773.json","1373_2021_08_18_15_50_54_129470.json"
182,2021-08-18 15:52:00,4948,33370,0.772430989894955,"30",[10 11 12 13 14],"['10', '11', '12', '13', '14', '15', '16', '17', '18', '19']",1046.28,32.346,23.846,58.283,349.038,18.683,14.856,58.095,"4948_2021_08_18_15_51_32_715832.json","4948_2021_08_18_15_51_48_371666.json"
183,2021-08-18 15:52:25,4948,33370,0.772430989894955,"7",[10 11 12 13 14],"['10', '11', '12', '13', '14', '15', '16', '17', '18', '19']",9578.586,97.87,79.676,237.754,849.234,29.142,23.273,90.499,"4948_2021_08_18_15_52_03_391026.json","4948_2021_08_18_15_52_16_346126.json"
184,2021-08-18 15:54:56,4948,33370,0.772430989894955,"12215",[10 11 12 13 14],"['10', '11', '12', '13', '14', '15', '16', '17', '18', '19']",1193.113,34.541,24.062,8675762302432.104,544.601,23.337,18.746,83.494,"4948_2021_08_18_15_53_49_199925.json","4948_2021_08_18_15_54_28_329578.json"
185,2021-08-18 15:55:38,4960,58956,0.742419576999716,"30",[ 9 10 11 12 13 14 17 18 19 20],"['10', '11', '12', '13', '14', '15', '16', '17', '18', '19']",3276.192,57.238,48.032,120.282,1075.671,32.797,27.543,97.123,"4960_2021_08_18_15_55_09_042346.json","4960_2021_08_18_15_55_25_988559.json"
186,2021-08-18 15:56:05,4960,58956,0.742419576999716,"7",[ 9 10 11 12 13 14 17 18 19 20],"['10', '11', '12', '13', '14', '15', '16', '17', '18', '19']",527312.863,726.163,678.352,1640.656,5103.377,71.438,66.761,210.916,"4960_2021_08_18_15_55_41_489271.json","4960_2021_08_18_15_55_55_871349.json"
187,2021-08-18 15:59:47,4960,58956,0.742419576999716,"17766",[ 9 10 11 12 13 14 17 18 19 20],"['10', '11', '12', '13', '14', '15', '16', '17', '18', '19']",12674.311,112.58,94.635,5570957813398.545,1723.526,41.515,32.612,59.973,"4960_2021_08_18_15_58_09_461004.json","4960_2021_08_18_15_59_07_304748.json"
188,2021-08-18 18:01:40,4989,44267,0.891149140845862,"30",[ 9 10 11 12 13 14 15 16 17 18 19],"['10', '11', '12', '13', '14', '15', '16', '17', '18', '19']",2674.949,51.72,37.617,63.36,781.114,27.948,22.107,53.337,"4989_2021_08_18_18_01_10_056866.json","4989_2021_08_18_18_01_28_187736.json"
189,2021-08-18 18:02:07,4989,44267,0.891149140845862,"7",[ 9 10 11 12 13 14 15 16 17 18 19],"['10', '11', '12', '13', '14', '15', '16', '17', '18', '19']",14320.211,119.667,88.127,120.296,2379.465,48.78,39.189,60.698,"4989_2021_08_18_18_01_44_076245.json","4989_2021_08_18_18_01_57_104505.json"
190,2021-08-18 18:05:25,4989,44267,0.891149140845862,"17366",[ 9 10 11 12 13 14 15 16 17 18 19],"['10', '11', '12', '13', '14', '15', '16', '17', '18', '19']",61154.833,247.295,210.043,113286899709395.92,1044.823,32.324,24.926,60.732,"4989_2021_08_18_18_03_59_255062.json","4989_2021_08_18_18_04_50_984949.json"
191,2021-08-18 18:06:06,4962,49737,0.595371374932532,"30",[10 11 12 13],"['10', '11', '12', '13', '14', '15', '16', '17', '18', '19']",14739.377,121.406,107.515,843.811,162.139,12.733,10.347,104.589,"4962_2021_08_18_18_05_37_245024.json","4962_2021_08_18_18_05_54_909558.json"
192,2021-08-18 18:12:26,22,101544,0.678840121278203,"30",[],"['10', '11', '12', '13', '14', '15', '16', '17', '18', '19']",11519623183.26,107329.508,74995.367,50662.445,8950.725,94.608,78.026,40.926,"22_2021_08_18_18_11_50_623303.json","22_2021_08_18_18_12_11_210980.json"
193,2021-08-18 18:12:57,22,101544,0.678840121278203,"7",[],"['10', '11', '12', '13', '14', '15', '16', '17', '18', '19']",145215591.867,12050.543,8985.1,9947.611,4723.965,68.731,55.976,55.659,"22_2021_08_18_18_12_30_728753.json","22_2021_08_18_18_12_46_585159.json"
194,2021-08-18 18:21:20,22,101544,0.678840121278203,"40142",[],"['10', '11', '12', '13', '14', '15', '16', '17', '18', '19']",24493.654,156.504,122.797,15089733389372.34,4967.428,70.48,55.962,68.189,"22_2021_08_18_18_18_43_424874.json","22_2021_08_18_18_20_19_308646.json"
195,2021-08-18 18:22:20,37,101578,0.815706603939313,"30",[ 9 10 11 12 13 14 15 16 17 18 19 20],"['10', '11', '12', '13', '14', '15', '16', '17', '18', '19']",171880652489.268,414584.916,286097.14,85826.083,84540.054,290.758,218.183,40.567,"37_2021_08_18_18_21_45_036563.json","37_2021_08_18_18_22_06_647772.json"
196,2021-08-18 18:22:53,37,101578,0.815706603939313,"7",[ 9 10 11 12 13 14 15 16 17 18 19 20],"['10', '11', '12', '13', '14', '15', '16', '17', '18', '19']",1631660078.422,40393.812,29003.637,17699.75,26665.682,163.296,124.163,54.705,"37_2021_08_18_18_22_25_554219.json","37_2021_08_18_18_22_41_516208.json"
197,2021-08-18 18:38:08,37,101578,0.815706603939313,"48074",[ 9 10 11 12 13 14 15 16 17 18 19 20],"['10', '11', '12', '13', '14', '15', '16', '17', '18', '19']",47209.421,217.277,162.183,50758483294787.93,23799.82,154.272,119.254,136.521,"37_2021_08_18_18_30_14_460051.json","37_2021_08_18_18_35_12_625153.json"
198,2021-08-18 18:40:25,4977,88536,0.844484199111156,"30",[10 11 12 13 14],"['10', '11', '12', '13', '14', '15', '16', '17', '18', '19']",5213.837,72.207,50.916,49.277,3222.872,56.77,46.209,56.305,"4977_2021_08_18_18_38_51_728767.json","4977_2021_08_18_18_39_45_781532.json"
199,2021-08-18 18:41:53,4977,88536,0.844484199111156,"7",[10 11 12 13 14],"['10', '11', '12', '13', '14', '15', '16', '17', '18', '19']",6561.216,81.001,63.984,94.35,1506.899,38.819,33.671,94.94,"4977_2021_08_18_18_40_37_684361.json","4977_2021_08_18_18_41_21_923839.json"
200,2021-08-18 20:28:45,4963,61069,0.389743969778904,"30",[ 9 10 11 12 13],"['10', '11', '12', '13', '14', '15', '16', '17', '18', '19']",548687.159,740.734,272.604,202.234,3747.763,61.219,51.354,44.288,"4963_2021_08_18_20_28_17_582198.json","4963_2021_08_18_20_28_33_775915.json"
201,2021-08-18 20:29:13,4963,61069,0.389743969778904,"7",[ 9 10 11 12 13],"['10', '11', '12', '13', '14', '15', '16', '17', '18', '19']",2033470.683,1425.998,1210.741,1112.819,17648.929,132.849,126.153,185.354,"4963_2021_08_18_20_28_49_946370.json","4963_2021_08_18_20_29_03_759550.json"
202,2021-08-18 20:33:21,4963,61069,0.389743969778904,"15090",[ 9 10 11 12 13],"['10', '11', '12', '13', '14', '15', '16', '17', '18', '19']",143649.43,379.011,231.67,6891656473603.285,2397.132,48.961,37.617,49.515,"4963_2021_08_18_20_31_49_250202.json","4963_2021_08_18_20_32_38_537861.json"
203,2021-08-18 20:34:02,4988,47946,0.543822458334624,"30",[10 11 12 13],"['10', '11', '12', '13', '14', '15', '16', '17', '18', '19']",512192.781,715.676,473.61,282.973,141.934,11.914,9.635,65.049,"4988_2021_08_18_20_33_32_287037.json","4988_2021_08_18_20_33_50_025874.json"
204,2021-08-18 20:34:32,4988,47946,0.543822458334624,"7",[10 11 12 13],"['10', '11', '12', '13', '14', '15', '16', '17', '18', '19']",300865.185,548.512,365.365,916.623,1782.016,42.214,33.358,242.767,"4988_2021_08_18_20_34_06_989593.json","4988_2021_08_18_20_34_21_821037.json"
205,2021-08-18 20:37:59,4988,47946,0.543822458334624,"4876",[10 11 12 13],"['10', '11', '12', '13', '14', '15', '16', '17', '18', '19']",29706.284,172.355,136.521,28273947447404.48,353.827,18.81,15.362,67.865,"4988_2021_08_18_20_36_44_551713.json","4988_2021_08_18_20_37_19_697960.json"
206,2021-08-18 20:38:39,5066,63372,0.519190069588777,"30",[ 9 10 11 12 13 14],"['10', '11', '12', '13', '14', '15', '16', '17', '18', '19']",3832.931,61.911,53.183,247.951,1034.005,32.156,27.302,197.446,"5066_2021_08_18_20_38_10_722277.json","5066_2021_08_18_20_38_27_629504.json"
207,2021-08-18 20:39:07,5066,63372,0.519190069588777,"7",[ 9 10 11 12 13 14],"['10', '11', '12', '13', '14', '15', '16', '17', '18', '19']",365873.991,604.875,507.095,2506.839,290.258,17.037,13.932,125.321,"5066_2021_08_18_20_38_43_572265.json","5066_2021_08_18_20_38_56_965866.json"
208,2021-08-18 20:43:48,5066,63372,0.519190069588777,"14542",[ 9 10 11 12 13 14],"['10', '11', '12', '13', '14', '15', '16', '17', '18', '19']",4753.755,68.947,56.208,2517824376561.068,333.252,18.255,14.196,60.404,"5066_2021_08_18_20_42_15_174854.json","5066_2021_08_18_20_43_04_037820.json"
209,2021-08-18 20:44:29,4967,53336,0.533787204111737,"30",[10 11 12 13 14 15 16 17 18 19],"['10', '11', '12', '13', '14', '15', '16', '17', '18', '19']",703.946,26.532,20.042,56.855,349.729,18.701,15.605,106.338,"4967_2021_08_18_20_44_00_168036.json","4967_2021_08_18_20_44_17_415362.json"
210,2021-08-18 20:45:00,4967,53336,0.533787204111737,"7",[10 11 12 13 14 15 16 17 18 19],"['10', '11', '12', '13', '14', '15', '16', '17', '18', '19']",96398.513,310.481,270.419,1328.674,17518.736,132.358,119.795,661.748,"4967_2021_08_18_20_44_34_467005.json","4967_2021_08_18_20_44_49_756249.json"
211,2021-08-18 20:49:47,4967,53336,0.533787204111737,"21010",[10 11 12 13 14 15 16 17 18 19],"['10', '11', '12', '13', '14', '15', '16', '17', '18', '19']",17104.649,130.785,113.117,59170059405550.805,1369.669,37.009,31.822,255.499,"4967_2021_08_18_20_47_33_872966.json","4967_2021_08_18_20_48_59_781719.json"
212,2021-08-18 20:50:32,4973,84628,0.0603626037748389,"30",[ 0  7  8  9 10 11 12 13 14 15 16 17 18 19 20 21 22 23],"['10', '11', '12', '13', '14', '15', '16', '17', '18', '19']",473.878,21.769,13.61,517.884,0.927,0.963,0.815,74.395,"4973_2021_08_18_20_50_02_256883.json","4973_2021_08_18_20_50_19_299954.json"
213,2021-08-18 20:51:07,4973,84628,0.0603626037748389,"7",[ 0  7  8  9 10 11 12 13 14 15 16 17 18 19 20 21 22 23],"['10', '11', '12', '13', '14', '15', '16', '17', '18', '19']",634.298,25.185,16.889,657.605,0.9,0.949,0.761,49.73,"4973_2021_08_18_20_50_36_093683.json","4973_2021_08_18_20_50_56_458253.json"
214,2021-08-18 20:58:38,4973,84628,0.0603626037748389,"9498",[ 0  7  8  9 10 11 12 13 14 15 16 17 18 19 20 21 22 23],"['10', '11', '12', '13', '14', '15', '16', '17', '18', '19']",204.417,14.297,10.25,8550294729997.295,0.306,0.553,0.48,31.677,"4973_2021_08_18_20_56_37_890302.json","4973_2021_08_18_20_57_41_404245.json"
215,2021-08-18 20:59:34,33,101578,0.447837317776723,"30",[ 9 10 11 12 13 14 15 16 17 18 19 20],"['10', '11', '12', '13', '14', '15', '16', '17', '18', '19']",72497358926.885,269253.336,189924.539,71751.034,31413.482,177.238,136.169,38.822,"33_2021_08_18_20_58_57_839290.json","33_2021_08_18_20_59_19_353284.json"
216,2021-08-18 21:00:09,33,101578,0.447837317776723,"7",[ 9 10 11 12 13 14 15 16 17 18 19 20],"['10', '11', '12', '13', '14', '15', '16', '17', '18', '19']",888102249.826,29801.044,21635.532,6919.339,24770.953,157.388,131.31,60.148,"33_2021_08_18_20_59_40_275722.json","33_2021_08_18_20_59_57_135511.json"
217,2021-08-18 21:10:14,33,101578,0.447837317776723,"44456",[ 9 10 11 12 13 14 15 16 17 18 19 20],"['10', '11', '12', '13', '14', '15', '16', '17', '18', '19']",50779.679,225.343,157.381,32047196070012.426,17379.416,131.831,93.047,73.675,"33_2021_08_18_21_06_35_902913.json","33_2021_08_18_21_08_52_504524.json"
218,2021-08-18 21:11:11,3,101529,0.815722141738568,"30",[],"['10', '11', '12', '13', '14', '15', '16', '17', '18', '19']",193922306801.846,440366.105,329805.033,460456.559,7170.827,84.681,68.768,131.094,"3_2021_08_18_21_10_34_352406.json","3_2021_08_18_21_10_56_512512.json"
219,2021-08-18 21:11:42,3,101529,0.815722141738568,"7",[],"['10', '11', '12', '13', '14', '15', '16', '17', '18', '19']",4457429144.979,66763.981,50758.288,51512.46,6107.827,78.153,64.707,181.827,"3_2021_08_18_21_11_17_393703.json","3_2021_08_18_21_11_31_560561.json"
220,2021-08-18 21:22:05,3,101529,0.815722141738568,"23928",[],"['10', '11', '12', '13', '14', '15', '16', '17', '18', '19']",129652.623,360.073,268.314,157103368441886.72,5829.292,76.35,64.614,217.654,"3_2021_08_18_21_19_50_170272.json","3_2021_08_18_21_21_05_926278.json"
221,2021-08-18 21:22:48,2,101577,0.661842834012645,"30",[ 9 10 11 12],"['10', '11', '12', '13', '14', '15', '16', '17', '18', '19']",43524.835,208.626,111.289,459.454,895.12,29.919,24.867,206.07,"2_2021_08_18_21_22_18_894818.json","2_2021_08_18_21_22_36_106399.json"
222,2021-08-18 21:23:16,2,101577,0.661842834012645,"7",[ 9 10 11 12],"['10', '11', '12', '13', '14', '15', '16', '17', '18', '19']",252203.19,502.198,454.068,2153.078,987.75,31.428,27.306,282.165,"2_2021_08_18_21_22_52_684855.json","2_2021_08_18_21_23_06_759651.json"
223,2021-08-18 21:28:43,2,101577,0.661842834012645,"12467",[ 9 10 11 12],"['10', '11', '12', '13', '14', '15', '16', '17', '18', '19']",40114.216,200.285,93.191,36858447462126.93,1048.166,32.375,27.308,304.741,"2_2021_08_18_21_26_51_602468.json","2_2021_08_18_21_27_52_123605.json"
224,2021-08-18 21:29:39,32,101544,0.689471912195533,"30",[],"['10', '11', '12', '13', '14', '15', '16', '17', '18', '19']",10771669636.93,103786.654,71763.54,64132.406,6181.126,78.62,58.72,55.544,"32_2021_08_18_21_29_05_797722.json","32_2021_08_18_21_29_26_451957.json"
225,2021-08-18 21:30:12,32,101544,0.689471912195533,"7",[],"['10', '11', '12', '13', '14', '15', '16', '17', '18', '19']",139537448.086,11812.597,8484.801,7336.233,3665.891,60.547,50.172,57.251,"32_2021_08_18_21_29_44_770132.json","32_2021_08_18_21_30_01_450931.json"
226,2021-08-18 21:38:34,32,101544,0.689471912195533,"41010",[],"['10', '11', '12', '13', '14', '15', '16', '17', '18', '19']",71396.216,267.201,136.806,9626079952811.547,2953.968,54.35,44.452,74.008,"32_2021_08_18_21_35_44_926133.json","32_2021_08_18_21_37_33_673588.json"
227,2021-08-18 21:39:23,26,101544,0.773539783835743,"30",[10 11 12 13 14 15 16 17 18 19 20],"['10', '11', '12', '13', '14', '15', '16', '17', '18', '19']",13550487115.414,116406.56,91086.138,37261.712,12447.158,111.567,92.534,33.569,"26_2021_08_18_21_38_48_342239.json","26_2021_08_18_21_39_09_350914.json"
228,2021-08-18 21:39:55,26,101544,0.773539783835743,"7",[10 11 12 13 14 15 16 17 18 19 20],"['10', '11', '12', '13', '14', '15', '16', '17', '18', '19']",363794210.169,19073.39,13876.847,4552.748,21648.082,147.133,108.931,52.986,"26_2021_08_18_21_39_28_522767.json","26_2021_08_18_21_39_44_131421.json"
229,2021-08-18 21:48:46,26,101544,0.773539783835743,"43514",[10 11 12 13 14 15 16 17 18 19 20],"['10', '11', '12', '13', '14', '15', '16', '17', '18', '19']",21781.407,147.585,111.279,52410889027302.62,92188.571,303.626,263.697,156.57,"26_2021_08_18_21_45_48_347548.json","26_2021_08_18_21_47_49_144052.json"
230,2021-08-23 09:13:21,4970,79723,0.865111106362282,"30",[10 11 12 13 14],"['10', '11', '12', '13', '14', '15', '16', '17', '18', '19']",3386.996,58.198,42.419,51.169,568.843,23.85,18.632,44.312,"4970_2021_08_23_09_12_49_846364.json","4970_2021_08_23_09_13_09_616580.json"
231,2021-08-23 09:13:50,4970,79723,0.865111106362282,"7",[10 11 12 13 14],"['10', '11', '12', '13', '14', '15', '16', '17', '18', '19']",151834.014,389.659,378.729,830.698,3815.356,61.769,55.507,159.99,"4970_2021_08_23_09_13_25_890340.json","4970_2021_08_23_09_13_40_112566.json"
232,2021-08-23 09:19:55,4970,79723,0.865111106362282,"31930",[10 11 12 13 14],"['10', '11', '12', '13', '14', '15', '16', '17', '18', '19']",32741.654,180.947,170.592,104350104717475.97,1068.675,32.691,24.802,58.503,"4970_2021_08_23_09_17_23_606208.json","4970_2021_08_23_09_18_57_451165.json"
233,2021-08-23 09:20:43,4964,61370,0.826030821496793,"30",[10 11 12 13 14 15 16 17 18 19 20 21],"['10', '11', '12', '13', '14', '15', '16', '17', '18', '19']",16710.351,129.269,107.954,218.489,1159.591,34.053,28.216,76.217,"4964_2021_08_23_09_20_08_319664.json","4964_2021_08_23_09_20_28_991643.json"
234,2021-08-23 09:21:15,4964,61370,0.826030821496793,"7",[10 11 12 13 14 15 16 17 18 19 20 21],"['10', '11', '12', '13', '14', '15', '16', '17', '18', '19']",1216899.681,1103.132,1022.996,2406.827,11577.478,107.599,92.88,276.423,"4964_2021_08_23_09_20_48_213263.json","4964_2021_08_23_09_21_03_158099.json"
235,2021-08-23 09:25:57,4964,61370,0.826030821496793,"26316",[10 11 12 13 14 15 16 17 18 19 20 21],"['10', '11', '12', '13', '14', '15', '16', '17', '18', '19']",21743.496,147.457,108.795,2190512116232.09,1360.876,36.89,28.97,65.148,"4964_2021_08_23_09_24_02_304653.json","4964_2021_08_23_09_25_18_254299.json"
236,2021-08-23 09:26:49,18,101578,0.468719513472626,"30",[],"['10', '11', '12', '13', '14', '15', '16', '17', '18', '19']",50563508359.813,224863.31,162636.831,86820.172,11356.447,106.567,83.13,49.744,"18_2021_08_23_09_26_17_715260.json","18_2021_08_23_09_26_36_710152.json"
237,2021-08-23 09:27:19,18,101578,0.468719513472626,"7",[],"['10', '11', '12', '13', '14', '15', '16', '17', '18', '19']",570119456.187,23877.174,17057.388,12585.176,16923.819,130.092,98.855,71.317,"18_2021_08_23_09_26_53_653307.json","18_2021_08_23_09_27_07_912846.json"
238,2021-08-23 09:36:12,18,101578,0.468719513472626,"47295",[],"['10', '11', '12', '13', '14', '15', '16', '17', '18', '19']",25630.562,160.095,120.081,30854323132818.01,12779.818,113.048,85.21,40.929,"18_2021_08_23_09_33_05_320682.json","18_2021_08_23_09_35_03_134087.json"
239,2021-08-23 09:37:51,30,101544,0.781432935906694,"30",[],"['10', '11', '12', '13', '14', '15', '16', '17', '18', '19']",6117060859.788,78211.641,58964.43,58821.526,9298.803,96.43,77.918,67.597,"30_2021_08_23_09_36_28_706354.json","30_2021_08_23_09_37_01_271936.json"
240,2021-08-23 09:39:45,30,101544,0.781432935906694,"7",[],"['10', '11', '12', '13', '14', '15', '16', '17', '18', '19']",83051746.102,9113.273,6775.535,9847.846,4682.142,68.426,54.622,106.967,"30_2021_08_23_09_38_13_609148.json","30_2021_08_23_09_39_10_675581.json"
241,2021-08-23 09:55:35,30,101544,0.781432935906694,"38518",[],"['10', '11', '12', '13', '14', '15', '16', '17', '18', '19']",11460.096,107.052,72.072,28600775918313.43,7107.086,84.304,66.983,51.157,"30_2021_08_23_09_53_07_424071.json","30_2021_08_23_09_54_37_850318.json"
242,2021-08-23 09:56:15,24,77015,0.738921176463499,"30",[],"['10', '11', '12', '13', '14', '15', '16', '17', '18', '19']",900554808.943,30009.245,24907.609,45277.33,5498.26,74.15,58.449,169.491,"24_2021_08_23_09_55_47_601984.json","24_2021_08_23_09_56_03_836898.json"
243,2021-08-23 09:56:43,24,77015,0.738921176463499,"7",[],"['10', '11', '12', '13', '14', '15', '16', '17', '18', '19']",35090194.439,5923.698,4554.667,6881.129,2331.409,48.285,37.293,98.317,"24_2021_08_23_09_56_19_662490.json","24_2021_08_23_09_56_32_565134.json"
244,2021-08-23 10:02:54,24,77015,0.738921176463499,"25201",[],"['10', '11', '12', '13', '14', '15', '16', '17', '18', '19']",15390.934,124.06,101.094,1631887173254.249,3790.963,61.571,51.382,98.874,"24_2021_08_23_10_01_09_820412.json","24_2021_08_23_10_02_09_014936.json"
245,2021-08-23 10:03:39,25,101543,0.690158503389807,"30",[10 11 12 13 14 17 18 19],"['10', '11', '12', '13', '14', '15', '16', '17', '18', '19']",3818350253.731,61792.801,47049.081,48619.807,5547.2,74.48,60.115,53.844,"25_2021_08_23_10_03_08_237982.json","25_2021_08_23_10_03_25_917575.json"
246,2021-08-23 10:04:12,25,101543,0.690158503389807,"7",[10 11 12 13 14 17 18 19],"['10', '11', '12', '13', '14', '15', '16', '17', '18', '19']",139408038.79,11807.118,8637.734,14761.855,3412.355,58.415,46.336,152.942,"25_2021_08_23_10_03_44_535673.json","25_2021_08_23_10_04_00_514504.json"
247,2021-08-23 10:12:31,25,101543,0.690158503389807,"34941",[10 11 12 13 14 17 18 19],"['10', '11', '12', '13', '14', '15', '16', '17', '18', '19']",26339.998,162.296,80.839,20009007341161.02,12296.948,110.892,93.138,57.743,"25_2021_08_23_10_10_09_785102.json","25_2021_08_23_10_11_42_603745.json"
248,2021-08-23 10:13:25,31,101578,0.76863128629389,"30",[11 12 13 14],"['10', '11', '12', '13', '14', '15', '16', '17', '18', '19']",39484143372.524,198706.173,137132.349,69357.489,31013.516,176.107,138.765,45.194,"31_2021_08_23_10_12_50_732870.json","31_2021_08_23_10_13_12_991511.json"
249,2021-08-23 10:13:56,31,101578,0.76863128629389,"7",[11 12 13 14],"['10', '11', '12', '13', '14', '15', '16', '17', '18', '19']",174879486.683,13224.201,9671.123,7884.378,8715.981,93.359,73.995,85.013,"31_2021_08_23_10_13_30_030187.json","31_2021_08_23_10_13_45_785688.json"
250,2021-08-23 10:22:17,31,101578,0.76863128629389,"47363",[11 12 13 14],"['10', '11', '12', '13', '14', '15', '16', '17', '18', '19']",57596.488,239.993,202.368,9976165213051.488,6261.47,79.129,59.658,56.233,"31_2021_08_23_10_19_03_537341.json","31_2021_08_23_10_21_03_479283.json"
251,2021-08-23 10:34:49,19,101578,0.240675480273673,"30",[],"['10', '11', '12', '13', '14', '15', '16', '17', '18', '19']",76185578323.42,276017.351,202632.965,92331.698,49206.145,221.825,165.382,42.78,"19_2021_08_23_10_34_13_466650.json","19_2021_08_23_10_34_36_124268.json"
252,2021-08-23 10:35:19,19,101578,0.240675480273673,"7",[],"['10', '11', '12', '13', '14', '15', '16', '17', '18', '19']",1886813402.796,43437.465,30486.935,53271.061,14508.539,120.451,88.216,62.177,"19_2021_08_23_10_34_54_324726.json","19_2021_08_23_10_35_08_812625.json"
253,2021-08-23 10:43:36,19,101578,0.240675480273673,"44410",[],"['10', '11', '12', '13', '14', '15', '16', '17', '18', '19']",78135.442,279.527,222.255,83009858658585.44,21097.813,145.251,113.611,100.659,"19_2021_08_23_10_40_48_995234.json","19_2021_08_23_10_42_35_691845.json"
254,2021-08-23 10:44:20,4965,66156,0.545903495712084,"30",[10 11 12 13 14],"['10', '11', '12', '13', '14', '15', '16', '17', '18', '19']",3636470053.734,60303.151,43411.686,65834.488,1219.42,34.92,28.659,49.666,"4965_2021_08_23_10_43_49_982528.json","4965_2021_08_23_10_44_08_193630.json"
255,2021-08-23 10:44:48,4965,66156,0.545903495712084,"7",[10 11 12 13 14],"['10', '11', '12', '13', '14', '15', '16', '17', '18', '19']",57181192.466,7561.825,1226.562,1362.276,11706.626,108.197,94.579,187.153,"4965_2021_08_23_10_44_24_240840.json","4965_2021_08_23_10_44_37_766751.json"
256,2021-08-23 10:49:19,4965,66156,0.545903495712084,"26593",[10 11 12 13 14],"['10', '11', '12', '13', '14', '15', '16', '17', '18', '19']",19986.979,141.375,120.413,3163016228254.194,1378.256,37.125,28.181,61.292,"4965_2021_08_23_10_47_21_769063.json","4965_2021_08_23_10_48_35_661330.json"
257,2021-08-23 10:49:56,4971,58702,0.888889551221679,"30",[],"['10', '11', '12', '13', '14', '15', '16', '17', '18', '19']",1537.919,39.216,30.01,71.828,613.858,24.776,20.122,67.751,"4971_2021_08_23_10_49_29_932131.json","4971_2021_08_23_10_49_45_128468.json"
258,2021-08-23 10:52:50,5070,45321,0.191148555175132,"30",[10 11 12 13],"['10', '11', '12', '13', '14', '15', '16', '17', '18', '19']",417.258,20.427,15.548,92.189,7.875,2.806,2.398,71.447,"5070_2021_08_23_10_52_26_622895.json","5070_2021_08_23_10_52_41_773533.json"
259,2021-08-23 10:53:16,5070,45321,0.191148555175132,"7",[10 11 12 13],"['10', '11', '12', '13', '14', '15', '16', '17', '18', '19']",5709.451,75.561,62.073,255.405,96.18,9.807,6.747,276.559,"5070_2021_08_23_10_52_53_867599.json","5070_2021_08_23_10_53_07_738068.json"
260,2021-08-23 10:56:36,5070,45321,0.191148555175132,"1572",[10 11 12 13],"['10', '11', '12', '13', '14', '15', '16', '17', '18', '19']",1344.146,36.663,32.045,23835941477340.793,3958.514,62.917,55.179,1690.921,"5070_2021_08_23_10_55_24_182771.json","5070_2021_08_23_10_55_52_990864.json"
261,2021-08-23 10:57:26,56,101578,0.395873021482859,"30",[10 11 12 13 14],"['10', '11', '12', '13', '14', '15', '16', '17', '18', '19']",9243729905.008,96144.318,71748.224,46565.752,17412.703,131.957,102.642,44.018,"56_2021_08_23_10_56_51_049328.json","56_2021_08_23_10_57_14_633456.json"
262,2021-08-23 10:57:55,56,101578,0.395873021482859,"7",[10 11 12 13 14],"['10', '11', '12', '13', '14', '15', '16', '17', '18', '19']",191535837.04,13839.647,9896.581,8354.196,8270.166,90.94,73.514,79.398,"56_2021_08_23_10_57_31_048069.json","56_2021_08_23_10_57_45_133974.json"
263,2021-08-23 11:05:52,56,101578,0.395873021482859,"47626",[10 11 12 13 14],"['10', '11', '12', '13', '14', '15', '16', '17', '18', '19']",12984.592,113.95,85.356,32732362035423.902,5052.066,71.078,56.337,82.91,"56_2021_08_23_11_03_05_466679.json","56_2021_08_23_11_04_51_417197.json"
264,2021-08-23 11:06:39,42,101544,0.709459973435191,"30",[10 11 12 13 14 18 19 20],"['10', '11', '12', '13', '14', '15', '16', '17', '18', '19']",3542128986.211,59515.788,42307.227,23048.173,296474.709,544.495,458.313,304.066,"42_2021_08_23_11_06_08_172388.json","42_2021_08_23_11_06_27_272212.json"
265,2021-08-23 11:07:07,42,101544,0.709459973435191,"7",[10 11 12 13 14 18 19 20],"['10', '11', '12', '13', '14', '15', '16', '17', '18', '19']",44427755.816,6665.415,4864.82,2336.999,16716.084,129.291,111.668,63.136,"42_2021_08_23_11_06_43_858904.json","42_2021_08_23_11_06_57_962049.json"
266,2021-08-23 11:13:38,42,101544,0.709459973435191,"37413",[10 11 12 13 14 18 19 20],"['10', '11', '12', '13', '14', '15', '16', '17', '18', '19']",197282.102,444.164,257.441,17333953654297.191,41009.689,202.508,170.731,64.78,"42_2021_08_23_11_11_20_422737.json","42_2021_08_23_11_12_46_054653.json"
267,2021-08-23 11:14:31,43,101544,0.295008480299542,"30",[10 11 12 13 14],"['10', '11', '12', '13', '14', '15', '16', '17', '18', '19']",16117143382.991,126953.312,89643.288,46202.184,24357.993,156.07,133.765,76.557,"43_2021_08_23_11_13_58_507983.json","43_2021_08_23_11_14_18_192412.json"
268,2021-08-23 11:15:01,43,101544,0.295008480299542,"7",[10 11 12 13 14],"['10', '11', '12', '13', '14', '15', '16', '17', '18', '19']",192630441.83,13879.137,9991.37,5856.63,7598.572,87.17,66.463,50.921,"43_2021_08_23_11_14_36_098749.json","43_2021_08_23_11_14_50_571874.json"
269,2021-08-23 11:22:58,43,101544,0.295008480299542,"43785",[10 11 12 13 14],"['10', '11', '12', '13', '14', '15', '16', '17', '18', '19']",24382.587,156.149,106.094,29353054784640.227,147799.803,384.447,337.428,297.916,"43_2021_08_23_11_20_13_875643.json","43_2021_08_23_11_21_59_902082.json"
270,2021-08-23 11:23:49,57,79848,0.89213392166493,"30",[10 11 12 13 14],"['10', '11', '12', '13', '14', '15', '16', '17', '18', '19']",3556387990.071,59635.459,41440.66,94251.742,63849.963,252.686,209.329,503.107,"57_2021_08_23_11_23_16_595916.json","57_2021_08_23_11_23_35_917113.json"
271,2021-08-23 11:24:19,57,79848,0.89213392166493,"7",[10 11 12 13 14],"['10', '11', '12', '13', '14', '15', '16', '17', '18', '19']",15092673.292,3884.929,2874.866,6946.519,387.22,19.678,15.839,43.643,"57_2021_08_23_11_23_53_593939.json","57_2021_08_23_11_24_08_818199.json"
272,2021-08-23 11:31:12,57,79848,0.89213392166493,"36795",[10 11 12 13 14],"['10', '11', '12', '13', '14', '15', '16', '17', '18', '19']",8671.1,93.119,85.152,133834833346.551,5681.994,75.379,66.296,243.225,"57_2021_08_23_11_28_57_188142.json","57_2021_08_23_11_30_29_458928.json"
273,2021-08-23 11:31:50,2209,61775,0.811860643153624,"30",[10 11 12 13],"['10', '11', '12', '13', '14', '15', '16', '17', '18', '19']",1926.283,43.889,33.797,56.882,400.883,20.022,16.334,69.614,"2209_2021_08_23_11_31_22_845790.json","2209_2021_08_23_11_31_38_789333.json"
274,2021-08-23 11:32:16,2209,61775,0.811860643153624,"7",[10 11 12 13],"['10', '11', '12', '13', '14', '15', '16', '17', '18', '19']",256972.803,506.925,423.223,2057.423,706.153,26.574,21.145,55.262,"2209_2021_08_23_11_31_53_519813.json","2209_2021_08_23_11_32_06_405496.json"
275,2021-08-23 11:36:15,2209,61775,0.811860643153624,"14832",[10 11 12 13],"['10', '11', '12', '13', '14', '15', '16', '17', '18', '19']",3560.517,59.67,45.433,4763099339123.271,1133.071,33.661,27.39,69.103,"2209_2021_08_23_11_34_54_712941.json","2209_2021_08_23_11_35_40_469521.json"
276,2021-08-23 11:37:04,41,101544,0.536465756262982,"30",[ 9 10 11 12 13 14 15 16 17 18 19 20],"['10', '11', '12', '13', '14', '15', '16', '17', '18', '19']",10869527836.937,104257.028,75010.557,40715.692,1226749.544,1107.587,911.354,534.465,"41_2021_08_23_11_36_30_992069.json","41_2021_08_23_11_36_52_365627.json"
277,2021-08-23 11:37:33,41,101544,0.536465756262982,"7",[ 9 10 11 12 13 14 15 16 17 18 19 20],"['10', '11', '12', '13', '14', '15', '16', '17', '18', '19']",210683495.799,14514.94,10512.129,5792.012,11143.22,105.561,79.103,43.491,"41_2021_08_23_11_37_08_780755.json","41_2021_08_23_11_37_23_223861.json"
278,2021-08-23 11:44:24,41,101544,0.536465756262982,"42136",[ 9 10 11 12 13 14 15 16 17 18 19 20],"['10', '11', '12', '13', '14', '15', '16', '17', '18', '19']",140077.719,374.27,257.963,9531768533165.402,23456.482,153.155,129.707,134.686,"41_2021_08_23_11_41_57_065711.json","41_2021_08_23_11_43_29_150672.json"
279,2021-08-23 11:45:17,55,101578,0.171966368474828,"30",[],"['10', '11', '12', '13', '14', '15', '16', '17', '18', '19']",18336513169.289,135412.382,91739.064,51312.591,24441.36,156.337,121.907,43.694,"55_2021_08_23_11_44_44_250278.json","55_2021_08_23_11_45_05_548151.json"
280,2021-08-23 11:45:47,55,101578,0.171966368474828,"7",[],"['10', '11', '12', '13', '14', '15', '16', '17', '18', '19']",190389484.058,13798.17,9753.453,6509.529,9196.032,95.896,72.334,69.313,"55_2021_08_23_11_45_22_155407.json","55_2021_08_23_11_45_36_756254.json"
281,2021-08-23 11:54:06,55,101578,0.171966368474828,"45484",[],"['10', '11', '12', '13', '14', '15', '16', '17', '18', '19']",28307.027,168.247,133.316,63878406627812.195,7446.926,86.296,65.342,56.78,"55_2021_08_23_11_51_20_408069.json","55_2021_08_23_11_53_05_444855.json"
282,2021-08-23 11:54:46,69,63290,0.565103239719681,"30",[],"['10', '11', '12', '13', '14', '15', '16', '17', '18', '19']",15289.381,123.65,88.448,49.822,12756.612,112.945,91.084,55.859,"69_2021_08_23_11_54_17_701540.json","69_2021_08_23_11_54_34_813687.json"
283,2021-08-23 11:55:13,69,63290,0.565103239719681,"7",[],"['10', '11', '12', '13', '14', '15', '16', '17', '18', '19']",164329.299,405.376,394.286,89.28,51019.903,225.876,211.218,240.268,"69_2021_08_23_11_54_50_628437.json","69_2021_08_23_11_55_03_694754.json"
284,2021-08-23 11:59:11,69,63290,0.565103239719681,"25894",[],"['10', '11', '12', '13', '14', '15', '16', '17', '18', '19']",23375.395,152.89,119.442,1647574345084.95,3003.181,54.801,43.808,108.937,"69_2021_08_23_11_57_30_072103.json","69_2021_08_23_11_58_30_636122.json"
285,2021-08-23 11:59:49,68,57913,0.326160619237253,"30",[],"['10', '11', '12', '13', '14', '15', '16', '17', '18', '19']",3479557.595,1865.357,679.462,59.433,43026.869,207.429,169.082,55.822,"68_2021_08_23_11_59_22_541017.json","68_2021_08_23_11_59_38_157100.json"
286,2021-08-23 12:00:19,68,57913,0.326160619237253,"7",[],"['10', '11', '12', '13', '14', '15', '16', '17', '18', '19']",814581.344,902.542,834.326,633.786,267751.021,517.447,488.152,400.097,"68_2021_08_23_11_59_53_952777.json","68_2021_08_23_12_00_09_347688.json"
287,2021-08-23 12:04:14,68,57913,0.326160619237253,"22997",[],"['10', '11', '12', '13', '14', '15', '16', '17', '18', '19']",111387.363,333.747,248.73,80749799378485.02,12477.274,111.702,83.775,109.102,"68_2021_08_23_12_02_28_404401.json","68_2021_08_23_12_03_30_802140.json"
288,2021-08-23 12:05:03,54,101544,0.715378885126368,"30",[10 11 12 13 14 18 19 20],"['10', '11', '12', '13', '14', '15', '16', '17', '18', '19']",1064291821.403,32623.486,22914.837,15843.226,13014.907,114.083,94.4,47.026,"54_2021_08_23_12_04_32_885628.json","54_2021_08_23_12_04_51_003351.json"
289,2021-08-23 12:05:31,54,101544,0.715378885126368,"7",[10 11 12 13 14 18 19 20],"['10', '11', '12', '13', '14', '15', '16', '17', '18', '19']",13637077.472,3692.841,2668.222,3824.192,11068.551,105.207,89.545,117.993,"54_2021_08_23_12_05_08_214558.json","54_2021_08_23_12_05_21_698943.json"
290,2021-08-23 12:12:07,54,101544,0.715378885126368,"35981",[10 11 12 13 14 18 19 20],"['10', '11', '12', '13', '14', '15', '16', '17', '18', '19']",43505.858,208.581,139.976,16883066213812.168,24756.601,157.342,133.741,67.512,"54_2021_08_23_12_09_43_403507.json","54_2021_08_23_12_11_20_302856.json"
291,2021-08-23 12:12:54,40,101578,0.121925167026997,"30",[10 11 12 13 14],"['10', '11', '12', '13', '14', '15', '16', '17', '18', '19']",623906.054,789.877,334.997,174.855,5160.569,71.837,55.069,32.065,"40_2021_08_23_12_12_20_809648.json","40_2021_08_23_12_12_40_819661.json"
292,2021-08-23 12:13:23,40,101578,0.121925167026997,"7",[10 11 12 13 14],"['10', '11', '12', '13', '14', '15', '16', '17', '18', '19']",705800.021,840.119,235.239,61.262,10000.488,100.002,81.946,57.595,"40_2021_08_23_12_12_58_763284.json","40_2021_08_23_12_13_12_935144.json"
293,2021-08-23 12:19:49,40,101578,0.121925167026997,"46452",[10 11 12 13 14],"['10', '11', '12', '13', '14', '15', '16', '17', '18', '19']",20702.714,143.884,83.219,23662344712199.992,4587.756,67.733,52.714,45.525,"40_2021_08_23_12_16_58_431491.json","40_2021_08_23_12_18_47_166066.json"
294,2021-08-23 12:20:26,4938,2798,0.881439234762503,"30",[ 9 10 11 12 13 14 15],"['10', '11', '12', '13', '14', '15', '16', '17', '18', '19']",10859.799,104.21,82.994,137.325,1124.906,33.54,26.84,50.583,"4938_2021_08_23_12_19_58_539766.json","4938_2021_08_23_12_20_13_595834.json"
295,2021-08-23 12:20:55,4938,2798,0.881439234762503,"7",[ 9 10 11 12 13 14 15],"['10', '11', '12', '13', '14', '15', '16', '17', '18', '19']",176388.726,419.987,343.881,516.558,4378.105,66.167,57.353,60.884,"4938_2021_08_23_12_20_29_767846.json","4938_2021_08_23_12_20_43_761963.json"
296,2021-08-23 12:21:36,4938,2798,0.881439234762503,"1248",[ 9 10 11 12 13 14 15],"['10', '11', '12', '13', '14', '15', '16', '17', '18', '19']",1912.418,43.731,28.747,3446657081168.254,651.072,25.516,19.974,82.323,"4938_2021_08_23_12_21_06_682656.json","4938_2021_08_23_12_21_23_178197.json"
297,2021-08-23 12:22:21,50,101544,0.63992778161778,"30",[10 11 12 13 14],"['10', '11', '12', '13', '14', '15', '16', '17', '18', '19']",65527.971,255.984,180.112,56.057,16445.019,128.238,106.053,44.783,"50_2021_08_23_12_21_49_232568.json","50_2021_08_23_12_22_07_448764.json"
298,2021-08-23 12:22:50,50,101544,0.63992778161778,"7",[10 11 12 13 14],"['10', '11', '12', '13', '14', '15', '16', '17', '18', '19']",13570.993,116.495,80.72,51.185,12490.188,111.76,92.349,70.941,"50_2021_08_23_12_22_25_186333.json","50_2021_08_23_12_22_39_898862.json"
299,2021-08-23 12:29:15,50,101544,0.63992778161778,"43614",[10 11 12 13 14],"['10', '11', '12', '13', '14', '15', '16', '17', '18', '19']",11763.417,108.459,75.38,29142610016478.09,11409.289,106.814,88.922,94.008,"50_2021_08_23_12_26_36_984714.json","50_2021_08_23_12_28_15_168044.json"
300,2021-08-23 12:30:04,51,101544,0.601454658113577,"30",[10 11 12 13 14 15 16 17 18 19 20],"['10', '11', '12', '13', '14', '15', '16', '17', '18', '19']",153433.347,391.706,132.824,33.78,260503.723,510.396,403.063,170.239,"51_2021_08_23_12_29_31_138008.json","51_2021_08_23_12_29_51_861260.json"
301,2021-08-23 12:30:35,51,101544,0.601454658113577,"7",[10 11 12 13 14 15 16 17 18 19 20],"['10', '11', '12', '13', '14', '15', '16', '17', '18', '19']",20459.554,143.037,96.604,38.688,14896.291,122.05,89.919,40.902,"51_2021_08_23_12_30_08_915993.json","51_2021_08_23_12_30_24_057532.json"
302,2021-08-23 12:37:01,51,101544,0.601454658113577,"43850",[10 11 12 13 14 15 16 17 18 19 20],"['10', '11', '12', '13', '14', '15', '16', '17', '18', '19']",13858.564,117.722,83.637,40610369175466.51,121362.512,348.371,304.816,208.224,"51_2021_08_23_12_34_24_126448.json","51_2021_08_23_12_36_05_205703.json"
303,2021-08-23 12:37:57,45,101544,0.669547682483184,"30",[],"['10', '11', '12', '13', '14', '15', '16', '17', '18', '19']",17060338723.292,130615.232,90953.762,60169.694,5046.022,71.035,55.203,36.197,"45_2021_08_23_12_37_22_013729.json","45_2021_08_23_12_37_44_160000.json"
304,2021-08-23 12:38:26,45,101544,0.669547682483184,"7",[],"['10', '11', '12', '13', '14', '15', '16', '17', '18', '19']",158203973.109,12577.916,9442.852,18557.423,4583.16,67.699,51.27,107.208,"45_2021_08_23_12_38_01_241608.json","45_2021_08_23_12_38_15_914780.json"
305,2021-08-23 12:46:05,45,101544,0.669547682483184,"39800",[],"['10', '11', '12', '13', '14', '15', '16', '17', '18', '19']",49676.965,222.883,136.991,20596707603779.586,23880.294,154.533,126.993,166.52,"45_2021_08_23_12_43_38_797164.json","45_2021_08_23_12_45_13_463595.json"
306,2021-08-23 12:46:39,4939,3517,0.870064446694635,"30",[ 9 10 11 12 13 14 15 16 17 18 19 20],"['10', '11', '12', '13', '14', '15', '16', '17', '18', '19']",3660.867,60.505,42.845,71.158,1409.743,37.547,29.451,50.489,"4939_2021_08_23_12_46_14_561729.json","4939_2021_08_23_12_46_28_748318.json"
307,2021-08-23 12:47:10,4939,3517,0.870064446694635,"7",[ 9 10 11 12 13 14 15 16 17 18 19 20],"['10', '11', '12', '13', '14', '15', '16', '17', '18', '19']",143760.227,379.157,316.761,390.06,4280.326,65.424,57.194,80.703,"4939_2021_08_23_12_46_43_521657.json","4939_2021_08_23_12_47_00_176825.json"
308,2021-08-23 12:47:55,4939,3517,0.870064446694635,"1477",[ 9 10 11 12 13 14 15 16 17 18 19 20],"['10', '11', '12', '13', '14', '15', '16', '17', '18', '19']",2185.681,46.751,32.886,4884003938496.479,1482.584,38.504,29.709,58.328,"4939_2021_08_23_12_47_23_912887.json","4939_2021_08_23_12_47_41_355751.json"
309,2021-08-23 12:48:47,53,101544,0.343330604303612,"30",[10 11 12 13 14 15 16 17 18 19],"['10', '11', '12', '13', '14', '15', '16', '17', '18', '19']",19740482708.744,140500.828,97682.455,66475.104,20267.768,142.365,120.35,52.486,"53_2021_08_23_12_48_14_797423.json","53_2021_08_23_12_48_34_621127.json"
310,2021-08-23 12:49:16,53,101544,0.343330604303612,"7",[10 11 12 13 14 15 16 17 18 19],"['10', '11', '12', '13', '14', '15', '16', '17', '18', '19']",241736905.313,15547.891,11226.655,6653.38,7763.522,88.111,73.865,57.885,"53_2021_08_23_12_48_51_690820.json","53_2021_08_23_12_49_05_684614.json"
311,2021-08-23 12:56:44,53,101544,0.343330604303612,"41590",[10 11 12 13 14 15 16 17 18 19],"['10', '11', '12', '13', '14', '15', '16', '17', '18', '19']",22537.862,150.126,110.188,32915606415683.156,10123.528,100.616,84.199,120.597,"53_2021_08_23_12_54_12_964782.json","53_2021_08_23_12_55_46_749523.json"
312,2021-08-23 12:57:21,46,43079,0.4297464468655,"30",[ 9 10 11 12 13 14 17 18 19 20],"['10', '11', '12', '13', '14', '15', '16', '17', '18', '19']",3856607.179,1963.825,527.036,55.21,6271.682,79.194,65.969,52.588,"46_2021_08_23_12_56_54_960854.json","46_2021_08_23_12_57_10_133352.json"
313,2021-08-23 12:57:48,46,43079,0.4297464468655,"7",[ 9 10 11 12 13 14 17 18 19 20],"['10', '11', '12', '13', '14', '15', '16', '17', '18', '19']",51850.955,227.708,60.404,93.725,1970.172,44.387,34.025,59.133,"46_2021_08_23_12_57_24_658495.json","46_2021_08_23_12_57_37_345825.json"
314,2021-08-23 13:00:38,46,43079,0.4297464468655,"13615",[ 9 10 11 12 13 14 17 18 19 20],"['10', '11', '12', '13', '14', '15', '16', '17', '18', '19']",4079277.057,2019.722,141.886,24013685754437.117,2562.344,50.62,39.961,42.957,"46_2021_08_23_12_59_27_316796.json","46_2021_08_23_13_00_06_644284.json"
315,2021-08-23 13:01:29,52,101543,0.838511608132233,"30",[ 9 10 11 12 13 14 15 16 17 18 19 20],"['10', '11', '12', '13', '14', '15', '16', '17', '18', '19']",30888970216.421,175752.582,121965.097,65249.589,48033.676,219.166,182.533,59.641,"52_2021_08_23_13_00_56_715758.json","52_2021_08_23_13_01_16_305834.json"
316,2021-08-23 13:01:58,52,101543,0.838511608132233,"7",[ 9 10 11 12 13 14 15 16 17 18 19 20],"['10', '11', '12', '13', '14', '15', '16', '17', '18', '19']",446897099.554,21139.941,15440.282,13772.842,30227.457,173.86,149.129,160.42,"52_2021_08_23_13_01_33_228938.json","52_2021_08_23_13_01_47_389945.json"
317,2021-08-23 13:09:26,52,101543,0.838511608132233,"39136",[ 9 10 11 12 13 14 15 16 17 18 19 20],"['10', '11', '12', '13', '14', '15', '16', '17', '18', '19']",165196.673,406.444,331.526,185214935640687.12,173814.924,416.911,371.062,409.481,"52_2021_08_23_13_07_04_956046.json","52_2021_08_23_13_08_38_186130.json"
318,2021-08-23 13:09:59,2393,24695,0.840220414685532,"30",[10 11 12 13 17 18 19],"['10', '11', '12', '13', '14', '15', '16', '17', '18', '19']",3134.169,55.984,39.676,60.441,2117.808,46.02,35.321,61.478,"2393_2021_08_23_13_09_34_865719.json","2393_2021_08_23_13_09_48_284464.json"
319,2021-08-23 13:10:26,2393,24695,0.840220414685532,"7",[10 11 12 13 17 18 19],"['10', '11', '12', '13', '14', '15', '16', '17', '18', '19']",5386.83,73.395,70.179,57.67,3645.625,60.379,47.865,77.254,"2393_2021_08_23_13_10_03_219545.json","2393_2021_08_23_13_10_16_548338.json"
320,2021-08-23 13:12:14,2393,24695,0.840220414685532,"6174",[10 11 12 13 17 18 19],"['10', '11', '12', '13', '14', '15', '16', '17', '18', '19']",16426.029,128.164,92.708,5300375416669.739,4318.844,65.718,51.225,102.705,"2393_2021_08_23_13_11_25_563743.json","2393_2021_08_23_13_11_52_906513.json"
321,2021-08-23 13:12:47,1275,46170,0.523427656861551,"30",[10 11 12 13],"['10', '11', '12', '13', '14', '15', '16', '17', '18', '19']",10715555.397,3273.462,2364.107,2418.101,9792.469,98.957,81.959,593.46,"1275_2021_08_23_13_12_24_882086.json","1275_2021_08_23_13_12_38_304159.json"
