ds,sales,n_clients,year,month,day,halfhour
2020-08-21 09:00:00,33.42,8,2020,08,21,18
2020-08-21 09:30:00,69.99,15,2020,08,21,19
2020-08-21 10:00:00,144.39,22,2020,08,21,20
2020-08-21 10:30:00,156.49,27,2020,08,21,21
2020-08-21 11:00:00,163.72,24,2020,08,21,22
2020-08-21 11:30:00,167.75,25,2020,08,21,23
2020-08-21 12:00:00,152.24,23,2020,08,21,24
2020-08-21 12:30:00,277.19,34,2020,08,21,25
2020-08-21 13:00:00,259.88,41,2020,08,21,26
2020-08-21 13:30:00,275.53,33,2020,08,21,27
2020-08-21 14:00:00,80.50999999999999,20,2020,08,21,28
2020-08-21 14:30:00,35.6,11,2020,08,21,29
2020-08-21 15:00:00,85.85,10,2020,08,21,30
2020-08-21 15:30:00,20.369999999999997,5,2020,08,21,31
2020-08-21 16:00:00,37.87,6,2020,08,21,32
2020-08-21 16:30:00,21.0,6,2020,08,21,33
2020-08-21 17:00:00,111.39,12,2020,08,21,34
2020-08-21 17:30:00,112.43,18,2020,08,21,35
2020-08-21 18:00:00,142.39,14,2020,08,21,36
2020-08-21 18:30:00,175.51,22,2020,08,21,37
2020-08-21 19:00:00,116.0,21,2020,08,21,38
2020-08-21 19:30:00,82.64,13,2020,08,21,39
2020-08-21 20:00:00,142.5,17,2020,08,21,40
2020-08-21 20:30:00,133.57,22,2020,08,21,41
2020-08-21 21:00:00,108.28,14,2020,08,21,42
2020-08-22 09:00:00,58.69,4,2020,08,22,18
2020-08-22 09:30:00,60.400000000000006,12,2020,08,22,19
2020-08-22 10:00:00,155.26,21,2020,08,22,20
2020-08-22 10:30:00,83.1,18,2020,08,22,21
2020-08-22 11:00:00,143.32999999999998,17,2020,08,22,22
2020-08-22 11:30:00,185.81,25,2020,08,22,23
2020-08-22 12:00:00,162.37,29,2020,08,22,24
2020-08-22 12:30:00,249.17000000000002,34,2020,08,22,25
2020-08-22 13:00:00,143.45999999999998,23,2020,08,22,26
2020-08-22 13:30:00,110.21000000000001,21,2020,08,22,27
2020-08-22 14:00:00,129.19,19,2020,08,22,28
2020-08-22 14:30:00,86.41,18,2020,08,22,29
2020-08-22 15:00:00,48.1,6,2020,08,22,30
2020-08-22 15:30:00,36.010000000000005,8,2020,08,22,31
2020-08-22 16:00:00,61.92,8,2020,08,22,32
2020-08-22 16:30:00,4.0,2,2020,08,22,33
2020-08-22 17:00:00,48.0,6,2020,08,22,34
2020-08-22 17:30:00,136.87,15,2020,08,22,35
2020-08-22 18:00:00,77.33,16,2020,08,22,36
2020-08-22 18:30:00,65.84,16,2020,08,22,37
2020-08-22 19:00:00,69.36,10,2020,08,22,38
2020-08-22 19:30:00,76.53,12,2020,08,22,39
2020-08-22 20:00:00,94.17,24,2020,08,22,40
2020-08-22 20:30:00,181.47,25,2020,08,22,41
2020-08-22 21:00:00,60.96,7,2020,08,22,42
2020-08-23 09:00:00,19.0,6,2020,08,23,18
2020-08-23 09:30:00,51.94,11,2020,08,23,19
2020-08-23 10:00:00,48.1,10,2020,08,23,20
2020-08-23 10:30:00,76.55,17,2020,08,23,21
2020-08-23 11:00:00,106.6,17,2020,08,23,22
2020-08-23 11:30:00,116.9,26,2020,08,23,23
2020-08-23 12:00:00,96.66,19,2020,08,23,24
2020-08-23 12:30:00,163.19,30,2020,08,23,25
2020-08-23 13:00:00,171.26999999999998,35,2020,08,23,26
2020-08-23 13:30:00,142.2,28,2020,08,23,27
2020-08-23 14:00:00,49.0,10,2020,08,23,28
2020-08-23 14:30:00,82.05,7,2020,08,23,29
2020-08-23 15:00:00,27.27,8,2020,08,23,30
2020-08-23 15:30:00,6.0,1,2020,08,23,31
2020-08-24 09:00:00,56.6,10,2020,08,24,18
2020-08-24 09:30:00,152.57,14,2020,08,24,19
2020-08-24 10:00:00,156.2,26,2020,08,24,20
2020-08-24 10:30:00,48.019999999999996,16,2020,08,24,21
2020-08-24 11:00:00,94.18,20,2020,08,24,22
2020-08-24 11:30:00,129.23000000000002,26,2020,08,24,23
2020-08-24 12:00:00,164.78,27,2020,08,24,24
2020-08-24 12:30:00,217.35,22,2020,08,24,25
2020-08-24 13:00:00,153.5,29,2020,08,24,26
2020-08-24 13:30:00,121.25,20,2020,08,24,27
2020-08-24 14:00:00,90.94,20,2020,08,24,28
2020-08-24 14:30:00,85.7,18,2020,08,24,29
2020-08-24 15:00:00,24.0,5,2020,08,24,30
2020-08-24 15:30:00,26.52,5,2020,08,24,31
2020-08-24 16:00:00,68.42,8,2020,08,24,32
2020-08-24 16:30:00,31.62,9,2020,08,24,33
2020-08-24 17:00:00,85.75,13,2020,08,24,34
2020-08-24 17:30:00,75.0,15,2020,08,24,35
2020-08-24 18:00:00,54.0,12,2020,08,24,36
2020-08-24 18:30:00,100.75999999999999,11,2020,08,24,37
2020-08-24 19:00:00,133.16,18,2020,08,24,38
2020-08-24 19:30:00,67.47,15,2020,08,24,39
2020-08-24 20:00:00,111.66999999999999,17,2020,08,24,40
2020-08-24 20:30:00,34.0,6,2020,08,24,41
2020-08-24 21:00:00,54.959999999999994,13,2020,08,24,42
2020-08-25 09:00:00,76.0,11,2020,08,25,18
2020-08-25 09:30:00,71.24000000000001,14,2020,08,25,19
2020-08-25 10:00:00,72.03999999999999,14,2020,08,25,20
2020-08-25 10:30:00,93.84,17,2020,08,25,21
2020-08-25 11:00:00,169.96,23,2020,08,25,22
2020-08-25 11:30:00,101.16,18,2020,08,25,23
2020-08-25 12:00:00,181.82999999999998,24,2020,08,25,24
2020-08-25 12:30:00,179.64,31,2020,08,25,25
2020-08-25 13:00:00,157.73000000000002,22,2020,08,25,26
2020-08-25 13:30:00,148.82999999999998,22,2020,08,25,27
2020-08-25 14:00:00,36.53,7,2020,08,25,28
2020-08-25 14:30:00,128.04,12,2020,08,25,29
2020-08-25 15:00:00,36.39,6,2020,08,25,30
2020-08-25 15:30:00,53.37,7,2020,08,25,31
2020-08-25 16:00:00,26.0,5,2020,08,25,32
2020-08-25 16:30:00,40.43,7,2020,08,25,33
2020-08-25 17:00:00,46.47,6,2020,08,25,34
2020-08-25 17:30:00,66.0,10,2020,08,25,35
2020-08-25 18:00:00,69.21000000000001,12,2020,08,25,36
2020-08-25 18:30:00,49.76,7,2020,08,25,37
2020-08-25 19:00:00,177.32,15,2020,08,25,38
2020-08-25 19:30:00,89.75999999999999,15,2020,08,25,39
2020-08-25 20:00:00,110.59,19,2020,08,25,40
2020-08-25 20:30:00,102.52,17,2020,08,25,41
2020-08-25 21:00:00,80.69,13,2020,08,25,42
2020-08-26 09:00:00,78.13,13,2020,08,26,18
2020-08-26 09:30:00,65.35,11,2020,08,26,19
2020-08-26 10:00:00,60.76,11,2020,08,26,20
2020-08-26 10:30:00,106.89,13,2020,08,26,21
2020-08-26 11:00:00,108.23,19,2020,08,26,22
2020-08-26 11:30:00,153.55,25,2020,08,26,23
2020-08-26 12:00:00,134.85,21,2020,08,26,24
2020-08-26 12:30:00,162.18,26,2020,08,26,25
2020-08-26 13:00:00,140.94,25,2020,08,26,26
2020-08-26 13:30:00,175.4,23,2020,08,26,27
2020-08-26 14:00:00,186.26999999999998,28,2020,08,26,28
2020-08-26 14:30:00,58.92,11,2020,08,26,29
2020-08-26 15:00:00,11.0,4,2020,08,26,30
2020-08-26 15:30:00,19.39,5,2020,08,26,31
2020-08-26 16:00:00,30.68,4,2020,08,26,32
2020-08-26 16:30:00,27.0,7,2020,08,26,33
2020-08-26 17:00:00,40.18,4,2020,08,26,34
2020-08-26 17:30:00,105.31,11,2020,08,26,35
2020-08-26 18:00:00,46.94,9,2020,08,26,36
2020-08-26 18:30:00,84.53999999999999,11,2020,08,26,37
2020-08-26 19:00:00,113.0,19,2020,08,26,38
2020-08-26 19:30:00,132.31,17,2020,08,26,39
2020-08-26 20:00:00,73.12,12,2020,08,26,40
2020-08-26 20:30:00,17.17,6,2020,08,26,41
2020-08-26 21:00:00,31.0,7,2020,08,26,42
2020-08-27 09:00:00,93.39,13,2020,08,27,18
2020-08-27 09:30:00,44.58,11,2020,08,27,19
2020-08-27 10:00:00,76.98,16,2020,08,27,20
2020-08-27 10:30:00,130.08,17,2020,08,27,21
2020-08-27 11:00:00,90.11,24,2020,08,27,22
2020-08-27 11:30:00,114.03,20,2020,08,27,23
2020-08-27 12:00:00,113.83000000000001,25,2020,08,27,24
2020-08-27 12:30:00,122.32000000000001,20,2020,08,27,25
2020-08-27 13:00:00,130.93,27,2020,08,27,26
2020-08-27 13:30:00,174.79000000000002,28,2020,08,27,27
2020-08-27 14:00:00,119.56,13,2020,08,27,28
2020-08-27 14:30:00,72.53999999999999,11,2020,08,27,29
2020-08-27 15:00:00,20.240000000000002,9,2020,08,27,30
2020-08-27 15:30:00,6.0,3,2020,08,27,31
2020-08-27 16:00:00,29.0,7,2020,08,27,32
2020-08-27 16:30:00,43.0,7,2020,08,27,33
2020-08-27 17:00:00,53.61,8,2020,08,27,34
2020-08-27 17:30:00,59.0,6,2020,08,27,35
2020-08-27 18:00:00,46.5,7,2020,08,27,36
2020-08-27 18:30:00,151.44,12,2020,08,27,37
2020-08-27 19:00:00,88.08000000000001,15,2020,08,27,38
2020-08-27 19:30:00,66.0,15,2020,08,27,39
2020-08-27 20:00:00,93.4,14,2020,08,27,40
2020-08-27 20:30:00,125.33,15,2020,08,27,41
2020-08-27 21:00:00,20.59,7,2020,08,27,42
2020-08-28 09:00:00,31.0,8,2020,08,28,18
2020-08-28 09:30:00,14.35,4,2020,08,28,19
2020-08-28 10:00:00,64.44,7,2020,08,28,20
2020-08-28 10:30:00,116.43,16,2020,08,28,21
2020-08-28 11:00:00,100.96000000000001,15,2020,08,28,22
2020-08-28 11:30:00,169.36,20,2020,08,28,23
2020-08-28 12:00:00,154.65,22,2020,08,28,24
2020-08-28 12:30:00,168.06,25,2020,08,28,25
2020-08-28 13:00:00,81.33,19,2020,08,28,26
2020-08-28 13:30:00,149.76,19,2020,08,28,27
2020-08-28 14:00:00,113.71000000000001,16,2020,08,28,28
2020-08-28 14:30:00,52.28,15,2020,08,28,29
2020-08-28 15:00:00,9.0,6,2020,08,28,30
2020-08-28 15:30:00,21.53,4,2020,08,28,31
2020-08-28 16:00:00,18.38,4,2020,08,28,32
2020-08-28 16:30:00,34.0,6,2020,08,28,33
2020-08-28 17:00:00,46.8,10,2020,08,28,34
2020-08-28 17:30:00,40.0,8,2020,08,28,35
2020-08-28 18:00:00,68.63,14,2020,08,28,36
2020-08-28 18:30:00,65.16,9,2020,08,28,37
2020-08-28 19:00:00,84.96000000000001,19,2020,08,28,38
2020-08-28 19:30:00,60.209999999999994,12,2020,08,28,39
2020-08-28 20:00:00,65.92,12,2020,08,28,40
2020-08-28 20:30:00,97.36,12,2020,08,28,41
2020-08-28 21:00:00,27.0,6,2020,08,28,42
2020-08-29 09:00:00,14.0,4,2020,08,29,18
2020-08-29 09:30:00,15.15,4,2020,08,29,19
2020-08-29 10:00:00,81.77000000000001,12,2020,08,29,20
2020-08-29 10:30:00,48.56,10,2020,08,29,21
2020-08-29 11:00:00,123.25999999999999,20,2020,08,29,22
2020-08-29 11:30:00,83.3,17,2020,08,29,23
2020-08-29 12:00:00,134.72,17,2020,08,29,24
2020-08-29 12:30:00,115.61,21,2020,08,29,25
2020-08-29 13:00:00,104.83,20,2020,08,29,26
2020-08-29 13:30:00,157.49,21,2020,08,29,27
2020-08-29 14:00:00,102.59,15,2020,08,29,28
2020-08-29 14:30:00,81.74000000000001,14,2020,08,29,29
2020-08-29 15:00:00,9.0,3,2020,08,29,30
2020-08-29 15:30:00,102.25,6,2020,08,29,31
2020-08-29 16:00:00,43.91,5,2020,08,29,32
2020-08-29 17:00:00,12.16,4,2020,08,29,34
2020-08-29 17:30:00,132.75,9,2020,08,29,35
2020-08-29 18:00:00,32.879999999999995,7,2020,08,29,36
2020-08-29 18:30:00,50.68,13,2020,08,29,37
2020-08-29 19:00:00,83.59,14,2020,08,29,38
2020-08-29 19:30:00,87.38,13,2020,08,29,39
2020-08-29 20:00:00,53.0,9,2020,08,29,40
2020-08-29 20:30:00,99.59,13,2020,08,29,41
2020-08-29 21:00:00,51.76,9,2020,08,29,42
2020-08-30 09:00:00,26.78,5,2020,08,30,18
2020-08-30 09:30:00,32.41,10,2020,08,30,19
2020-08-30 10:00:00,55.99,14,2020,08,30,20
2020-08-30 10:30:00,22.0,7,2020,08,30,21
2020-08-30 11:00:00,94.35,18,2020,08,30,22
2020-08-30 11:30:00,67.39,13,2020,08,30,23
2020-08-30 12:00:00,162.72,32,2020,08,30,24
2020-08-30 12:30:00,154.2,31,2020,08,30,25
2020-08-30 13:00:00,152.25,30,2020,08,30,26
2020-08-30 13:30:00,150.48000000000002,24,2020,08,30,27
2020-08-30 14:00:00,103.44,19,2020,08,30,28
2020-08-30 14:30:00,116.35,16,2020,08,30,29
2020-08-30 15:00:00,24.22,5,2020,08,30,30
2020-08-31 09:00:00,21.0,4,2020,08,31,18
2020-08-31 09:30:00,73.8,13,2020,08,31,19
2020-08-31 10:00:00,84.92,16,2020,08,31,20
2020-08-31 10:30:00,71.28,11,2020,08,31,21
2020-08-31 11:00:00,93.25999999999999,20,2020,08,31,22
2020-08-31 11:30:00,135.68,16,2020,08,31,23
2020-08-31 12:00:00,153.16000000000003,26,2020,08,31,24
2020-08-31 12:30:00,187.45,28,2020,08,31,25
2020-08-31 13:00:00,116.78,23,2020,08,31,26
2020-08-31 13:30:00,138.35,24,2020,08,31,27
2020-08-31 14:00:00,60.53,15,2020,08,31,28
2020-08-31 14:30:00,66.0,12,2020,08,31,29
2020-08-31 15:00:00,24.58,5,2020,08,31,30
2020-08-31 15:30:00,76.79,12,2020,08,31,31
2020-08-31 16:00:00,25.0,6,2020,08,31,32
2020-08-31 16:30:00,24.0,3,2020,08,31,33
2020-08-31 17:00:00,83.0,6,2020,08,31,34
2020-08-31 17:30:00,46.36,14,2020,08,31,35
2020-08-31 18:00:00,38.21,10,2020,08,31,36
2020-08-31 18:30:00,53.35,13,2020,08,31,37
2020-08-31 19:00:00,143.92000000000002,20,2020,08,31,38
2020-08-31 19:30:00,69.13,18,2020,08,31,39
2020-08-31 20:00:00,97.85,17,2020,08,31,40
2020-08-31 20:30:00,97.75,19,2020,08,31,41
2020-08-31 21:00:00,43.94,7,2020,08,31,42
2020-09-01 09:00:00,28.86,6,2020,09,01,18
2020-09-01 09:30:00,63.0,13,2020,09,01,19
2020-09-01 10:00:00,45.44,11,2020,09,01,20
2020-09-01 10:30:00,92.31,19,2020,09,01,21
2020-09-01 11:00:00,82.11,19,2020,09,01,22
2020-09-01 11:30:00,75.78,19,2020,09,01,23
2020-09-01 12:00:00,105.09,20,2020,09,01,24
2020-09-01 12:30:00,130.51,24,2020,09,01,25
2020-09-01 13:00:00,145.1,23,2020,09,01,26
2020-09-01 13:30:00,76.36,14,2020,09,01,27
2020-09-01 14:00:00,98.87,23,2020,09,01,28
2020-09-01 14:30:00,37.0,13,2020,09,01,29
2020-09-01 15:00:00,38.09,8,2020,09,01,30
2020-09-01 15:30:00,14.0,6,2020,09,01,31
2020-09-01 16:00:00,24.05,5,2020,09,01,32
2020-09-01 16:30:00,8.0,4,2020,09,01,33
2020-09-01 17:00:00,1.4,1,2020,09,01,34
2020-09-01 17:30:00,54.0,10,2020,09,01,35
2020-09-01 18:00:00,46.0,9,2020,09,01,36
2020-09-01 18:30:00,105.5,19,2020,09,01,37
2020-09-01 19:00:00,126.17999999999999,17,2020,09,01,38
2020-09-01 19:30:00,83.24000000000001,19,2020,09,01,39
2020-09-01 20:00:00,124.76,22,2020,09,01,40
2020-09-01 20:30:00,85.11,16,2020,09,01,41
2020-09-01 21:00:00,26.0,5,2020,09,01,42
2020-09-02 09:00:00,12.0,3,2020,09,02,18
2020-09-02 09:30:00,51.6,8,2020,09,02,19
2020-09-02 10:00:00,80.69999999999999,19,2020,09,02,20
2020-09-02 10:30:00,71.59,12,2020,09,02,21
2020-09-02 11:00:00,104.37,18,2020,09,02,22
2020-09-02 11:30:00,81.7,17,2020,09,02,23
2020-09-02 12:00:00,104.5,21,2020,09,02,24
2020-09-02 12:30:00,93.87,22,2020,09,02,25
2020-09-02 13:00:00,126.03999999999999,20,2020,09,02,26
2020-09-02 13:30:00,183.01999999999998,25,2020,09,02,27
2020-09-02 14:00:00,126.03,24,2020,09,02,28
2020-09-02 14:30:00,32.17,9,2020,09,02,29
2020-09-02 15:00:00,40.33,4,2020,09,02,30
2020-09-02 15:30:00,56.24,13,2020,09,02,31
2020-09-02 16:00:00,70.78,11,2020,09,02,32
2020-09-02 16:30:00,19.21,4,2020,09,02,33
2020-09-02 17:00:00,45.22,9,2020,09,02,34
2020-09-02 17:30:00,49.96,7,2020,09,02,35
2020-09-02 18:00:00,52.0,12,2020,09,02,36
2020-09-02 18:30:00,60.66,12,2020,09,02,37
2020-09-02 19:00:00,72.6,14,2020,09,02,38
2020-09-02 19:30:00,89.0,17,2020,09,02,39
2020-09-02 20:00:00,254.74,29,2020,09,02,40
2020-09-02 20:30:00,83.88,14,2020,09,02,41
2020-09-02 21:00:00,49.94,11,2020,09,02,42
2020-09-03 09:00:00,32.239999999999995,7,2020,09,03,18
2020-09-03 09:30:00,36.63,10,2020,09,03,19
2020-09-03 10:00:00,20.35,6,2020,09,03,20
2020-09-03 10:30:00,29.62,7,2020,09,03,21
2020-09-03 11:00:00,50.63,13,2020,09,03,22
2020-09-03 11:30:00,101.07,18,2020,09,03,23
2020-09-03 12:00:00,92.03999999999999,20,2020,09,03,24
2020-09-03 12:30:00,76.33,19,2020,09,03,25
2020-09-03 13:00:00,142.04000000000002,32,2020,09,03,26
2020-09-03 13:30:00,88.62,22,2020,09,03,27
2020-09-03 14:00:00,71.53,17,2020,09,03,28
2020-09-03 14:30:00,32.620000000000005,12,2020,09,03,29
2020-09-03 15:00:00,25.1,7,2020,09,03,30
2020-09-03 15:30:00,19.54,6,2020,09,03,31
2020-09-03 16:00:00,43.0,6,2020,09,03,32
2020-09-03 16:30:00,14.0,3,2020,09,03,33
2020-09-03 17:00:00,22.0,8,2020,09,03,34
2020-09-03 17:30:00,18.0,5,2020,09,03,35
2020-09-03 18:00:00,72.57,9,2020,09,03,36
2020-09-03 18:30:00,85.0,15,2020,09,03,37
2020-09-03 19:00:00,50.730000000000004,9,2020,09,03,38
2020-09-03 19:30:00,112.84,18,2020,09,03,39
2020-09-03 20:00:00,57.34,12,2020,09,03,40
2020-09-03 20:30:00,77.87,16,2020,09,03,41
2020-09-03 21:00:00,78.35,17,2020,09,03,42
2020-09-04 09:00:00,49.0,6,2020,09,04,18
2020-09-04 09:30:00,78.31,9,2020,09,04,19
2020-09-04 10:00:00,44.18,9,2020,09,04,20
2020-09-04 10:30:00,87.66,14,2020,09,04,21
2020-09-04 11:00:00,63.94,16,2020,09,04,22
2020-09-04 11:30:00,67.72999999999999,15,2020,09,04,23
2020-09-04 12:00:00,104.78999999999999,20,2020,09,04,24
2020-09-04 12:30:00,100.4,24,2020,09,04,25
2020-09-04 13:00:00,189.88,30,2020,09,04,26
2020-09-04 13:30:00,120.38999999999999,25,2020,09,04,27
2020-09-04 14:00:00,73.9,13,2020,09,04,28
2020-09-04 14:30:00,48.3,12,2020,09,04,29
2020-09-04 15:00:00,9.0,5,2020,09,04,30
2020-09-04 15:30:00,32.72,5,2020,09,04,31
2020-09-04 16:00:00,19.0,4,2020,09,04,32
2020-09-04 16:30:00,7.0,3,2020,09,04,33
2020-09-04 17:00:00,14.0,4,2020,09,04,34
2020-09-04 17:30:00,41.0,12,2020,09,04,35
2020-09-04 18:00:00,35.56,10,2020,09,04,36
2020-09-04 18:30:00,76.31,10,2020,09,04,37
2020-09-04 19:00:00,107.6,13,2020,09,04,38
2020-09-04 19:30:00,34.14,9,2020,09,04,39
2020-09-04 20:00:00,117.22999999999999,18,2020,09,04,40
2020-09-04 20:30:00,74.12,10,2020,09,04,41
2020-09-04 21:00:00,70.41,11,2020,09,04,42
2020-09-06 09:00:00,19.259999999999998,4,2020,09,06,18
2020-09-06 09:30:00,35.0,8,2020,09,06,19
2020-09-06 10:00:00,44.15,14,2020,09,06,20
2020-09-06 10:30:00,48.57,11,2020,09,06,21
2020-09-06 11:00:00,88.34,16,2020,09,06,22
2020-09-06 11:30:00,125.25999999999999,23,2020,09,06,23
2020-09-06 12:00:00,162.85000000000002,33,2020,09,06,24
2020-09-06 12:30:00,128.42,31,2020,09,06,25
2020-09-06 13:00:00,154.87,25,2020,09,06,26
2020-09-06 13:30:00,115.84,33,2020,09,06,27
2020-09-06 14:00:00,143.14,25,2020,09,06,28
2020-09-06 14:30:00,76.25999999999999,15,2020,09,06,29
2020-09-06 15:00:00,61.38,16,2020,09,06,30
2020-09-06 15:30:00,5.0,1,2020,09,06,31
2020-09-07 09:00:00,6.0,3,2020,09,07,18
2020-09-07 09:30:00,43.489999999999995,10,2020,09,07,19
2020-09-07 10:00:00,35.34,5,2020,09,07,20
2020-09-07 10:30:00,44.44,11,2020,09,07,21
2020-09-07 11:00:00,97.32,15,2020,09,07,22
2020-09-07 11:30:00,99.0,19,2020,09,07,23
2020-09-07 12:00:00,164.06,24,2020,09,07,24
2020-09-07 12:30:00,165.63,20,2020,09,07,25
2020-09-07 13:00:00,81.83,17,2020,09,07,26
2020-09-07 13:30:00,145.25,26,2020,09,07,27
2020-09-07 14:00:00,26.0,11,2020,09,07,28
2020-09-07 14:30:00,58.489999999999995,13,2020,09,07,29
2020-09-07 15:00:00,26.35,8,2020,09,07,30
2020-09-07 15:30:00,35.959999999999994,7,2020,09,07,31
2020-09-07 16:00:00,24.0,5,2020,09,07,32
2020-09-07 16:30:00,47.0,7,2020,09,07,33
2020-09-07 17:00:00,22.0,3,2020,09,07,34
2020-09-07 17:30:00,45.0,8,2020,09,07,35
2020-09-07 18:00:00,72.78999999999999,11,2020,09,07,36
2020-09-07 18:30:00,65.2,17,2020,09,07,37
2020-09-07 19:00:00,79.03,15,2020,09,07,38
2020-09-07 19:30:00,87.47999999999999,19,2020,09,07,39
2020-09-07 20:00:00,66.33,16,2020,09,07,40
2020-09-07 20:30:00,155.61,27,2020,09,07,41
2020-09-07 21:00:00,107.36999999999999,15,2020,09,07,42
2020-09-08 09:00:00,63.84,11,2020,09,08,18
2020-09-08 09:30:00,22.0,6,2020,09,08,19
2020-09-08 10:00:00,121.52000000000001,26,2020,09,08,20
2020-09-08 10:30:00,58.67,14,2020,09,08,21
2020-09-08 11:00:00,163.89,31,2020,09,08,22
2020-09-08 11:30:00,149.7,31,2020,09,08,23
2020-09-08 12:00:00,182.11,44,2020,09,08,24
2020-09-08 12:30:00,167.11,35,2020,09,08,25
2020-09-08 13:00:00,222.24,35,2020,09,08,26
2020-09-08 13:30:00,107.92,33,2020,09,08,27
2020-09-08 14:00:00,146.72,23,2020,09,08,28
2020-09-08 14:30:00,77.28999999999999,10,2020,09,08,29
2020-09-08 15:00:00,62.0,9,2020,09,08,30
2020-09-08 15:30:00,19.49,3,2020,09,08,31
2020-09-09 09:00:00,16.0,5,2020,09,09,18
2020-09-09 09:30:00,26.05,7,2020,09,09,19
2020-09-09 10:00:00,52.11,8,2020,09,09,20
2020-09-09 10:30:00,44.92,10,2020,09,09,21
2020-09-09 11:00:00,63.58,14,2020,09,09,22
2020-09-09 11:30:00,110.48,21,2020,09,09,23
2020-09-09 12:00:00,107.14,20,2020,09,09,24
2020-09-09 12:30:00,89.09,24,2020,09,09,25
2020-09-09 13:00:00,75.78,19,2020,09,09,26
2020-09-09 13:30:00,142.78,26,2020,09,09,27
2020-09-09 14:00:00,54.0,17,2020,09,09,28
2020-09-09 14:30:00,63.75,11,2020,09,09,29
2020-09-09 15:00:00,39.96,6,2020,09,09,30
2020-09-09 15:30:00,40.0,6,2020,09,09,31
2020-09-09 16:00:00,26.439999999999998,7,2020,09,09,32
2020-09-09 16:30:00,9.0,2,2020,09,09,33
2020-09-09 17:00:00,67.82,9,2020,09,09,34
2020-09-09 17:30:00,33.0,7,2020,09,09,35
2020-09-09 18:00:00,44.010000000000005,9,2020,09,09,36
2020-09-09 18:30:00,96.61,17,2020,09,09,37
2020-09-09 19:00:00,85.0,14,2020,09,09,38
2020-09-09 19:30:00,49.46,15,2020,09,09,39
2020-09-09 20:00:00,86.03,15,2020,09,09,40
2020-09-09 20:30:00,82.39,19,2020,09,09,41
2020-09-09 21:00:00,40.129999999999995,9,2020,09,09,42
2020-09-10 09:00:00,39.81,6,2020,09,10,18
2020-09-10 09:30:00,75.0,11,2020,09,10,19
2020-09-10 10:00:00,107.78999999999999,14,2020,09,10,20
2020-09-10 10:30:00,68.41,11,2020,09,10,21
2020-09-10 11:00:00,87.28999999999999,14,2020,09,10,22
2020-09-10 11:30:00,150.35000000000002,23,2020,09,10,23
2020-09-10 12:00:00,158.41,27,2020,09,10,24
2020-09-10 12:30:00,120.65,17,2020,09,10,25
2020-09-10 13:00:00,137.23000000000002,23,2020,09,10,26
2020-09-10 13:30:00,124.55,20,2020,09,10,27
2020-09-10 14:00:00,133.70999999999998,22,2020,09,10,28
2020-09-10 14:30:00,55.6,12,2020,09,10,29
2020-09-10 15:00:00,62.0,10,2020,09,10,30
2020-09-10 15:30:00,11.0,6,2020,09,10,31
2020-09-10 16:00:00,9.0,5,2020,09,10,32
2020-09-10 16:30:00,32.31,6,2020,09,10,33
2020-09-10 17:00:00,52.0,7,2020,09,10,34
2020-09-10 17:30:00,43.0,6,2020,09,10,35
2020-09-10 18:00:00,46.739999999999995,9,2020,09,10,36
2020-09-10 18:30:00,53.95,9,2020,09,10,37
2020-09-10 19:00:00,95.06,17,2020,09,10,38
2020-09-10 19:30:00,158.52,21,2020,09,10,39
2020-09-10 20:00:00,126.22999999999999,27,2020,09,10,40
2020-09-10 20:30:00,52.0,12,2020,09,10,41
2020-09-10 21:00:00,53.03,11,2020,09,10,42
2020-09-11 09:00:00,40.62,4,2020,09,11,18
2020-09-11 09:30:00,67.94,12,2020,09,11,19
2020-09-11 10:00:00,47.0,13,2020,09,11,20
2020-09-11 10:30:00,78.67,17,2020,09,11,21
2020-09-11 11:00:00,47.129999999999995,11,2020,09,11,22
2020-09-11 11:30:00,63.42,17,2020,09,11,23
2020-09-11 12:00:00,64.0,15,2020,09,11,24
2020-09-11 12:30:00,142.08999999999997,23,2020,09,11,25
2020-09-11 13:00:00,109.59,18,2020,09,11,26
2020-09-11 13:30:00,133.25,22,2020,09,11,27
2020-09-11 14:00:00,73.28,14,2020,09,11,28
2020-09-11 14:30:00,66.0,16,2020,09,11,29
2020-09-11 15:00:00,52.24,14,2020,09,11,30
2020-09-11 15:30:00,19.6,6,2020,09,11,31
2020-09-11 16:00:00,28.810000000000002,8,2020,09,11,32
2020-09-11 16:30:00,26.0,7,2020,09,11,33
2020-09-11 17:00:00,26.0,6,2020,09,11,34
2020-09-11 17:30:00,42.0,8,2020,09,11,35
2020-09-11 18:00:00,62.75,7,2020,09,11,36
2020-09-11 18:30:00,75.77,22,2020,09,11,37
2020-09-11 19:00:00,98.27000000000001,13,2020,09,11,38
2020-09-11 19:30:00,79.0,16,2020,09,11,39
2020-09-11 20:00:00,128.69,19,2020,09,11,40
2020-09-11 20:30:00,120.97999999999999,16,2020,09,11,41
2020-09-11 21:00:00,33.0,8,2020,09,11,42
2020-09-12 09:00:00,43.08,5,2020,09,12,18
2020-09-12 09:30:00,43.650000000000006,7,2020,09,12,19
2020-09-12 10:00:00,44.34,8,2020,09,12,20
2020-09-12 10:30:00,57.0,14,2020,09,12,21
2020-09-12 11:00:00,131.29,20,2020,09,12,22
2020-09-12 11:30:00,176.0,26,2020,09,12,23
2020-09-12 12:00:00,169.73000000000002,27,2020,09,12,24
2020-09-12 12:30:00,151.64,23,2020,09,12,25
2020-09-12 13:00:00,99.28999999999999,15,2020,09,12,26
2020-09-12 13:30:00,116.92999999999999,22,2020,09,12,27
2020-09-12 14:00:00,79.18,18,2020,09,12,28
2020-09-12 14:30:00,75.0,13,2020,09,12,29
2020-09-12 15:00:00,54.75,4,2020,09,12,30
2020-09-12 15:30:00,12.0,4,2020,09,12,31
2020-09-12 16:00:00,13.63,2,2020,09,12,32
2020-09-12 16:30:00,25.56,2,2020,09,12,33
2020-09-12 17:00:00,53.019999999999996,13,2020,09,12,34
2020-09-12 17:30:00,29.35,9,2020,09,12,35
2020-09-12 18:00:00,43.31,6,2020,09,12,36
2020-09-12 18:30:00,32.980000000000004,8,2020,09,12,37
2020-09-12 19:00:00,48.0,9,2020,09,12,38
2020-09-12 19:30:00,125.81,16,2020,09,12,39
2020-09-12 20:00:00,50.08,12,2020,09,12,40
2020-09-12 20:30:00,69.34,13,2020,09,12,41
2020-09-12 21:00:00,44.16,8,2020,09,12,42
2020-09-13 09:00:00,35.0,9,2020,09,13,18
2020-09-13 09:30:00,59.69,14,2020,09,13,19
2020-09-13 10:00:00,87.88,19,2020,09,13,20
2020-09-13 10:30:00,122.00999999999999,21,2020,09,13,21
2020-09-13 11:00:00,176.79,24,2020,09,13,22
2020-09-13 11:30:00,180.16,29,2020,09,13,23
2020-09-13 12:00:00,180.34,38,2020,09,13,24
2020-09-13 12:30:00,128.11,26,2020,09,13,25
2020-09-13 13:00:00,93.55000000000001,25,2020,09,13,26
2020-09-13 13:30:00,135.68,36,2020,09,13,27
2020-09-13 14:00:00,93.94,24,2020,09,13,28
2020-09-13 14:30:00,65.78999999999999,13,2020,09,13,29
2020-09-13 15:00:00,37.379999999999995,13,2020,09,13,30
2020-09-14 09:00:00,27.4,6,2020,09,14,18
2020-09-14 09:30:00,36.44,7,2020,09,14,19
2020-09-14 10:00:00,42.3,12,2020,09,14,20
2020-09-14 10:30:00,68.92,14,2020,09,14,21
2020-09-14 11:00:00,79.69,14,2020,09,14,22
2020-09-14 11:30:00,114.69,24,2020,09,14,23
2020-09-14 12:00:00,88.99000000000001,20,2020,09,14,24
2020-09-14 12:30:00,153.32,24,2020,09,14,25
2020-09-14 13:00:00,111.17,20,2020,09,14,26
2020-09-14 13:30:00,127.45,25,2020,09,14,27
2020-09-14 14:00:00,38.0,15,2020,09,14,28
2020-09-14 14:30:00,39.0,10,2020,09,14,29
2020-09-14 15:00:00,1.0,1,2020,09,14,30
2020-09-14 17:00:00,42.0,9,2020,09,14,34
2020-09-14 17:30:00,49.86,11,2020,09,14,35
2020-09-14 18:00:00,25.83,7,2020,09,14,36
2020-09-14 18:30:00,49.17,14,2020,09,14,37
2020-09-14 19:00:00,159.53,20,2020,09,14,38
2020-09-14 19:30:00,132.26,23,2020,09,14,39
2020-09-14 20:00:00,150.95999999999998,20,2020,09,14,40
2020-09-14 20:30:00,110.27,12,2020,09,14,41
2020-09-14 21:00:00,20.0,4,2020,09,14,42
2020-09-15 09:00:00,50.32,11,2020,09,15,18
2020-09-15 09:30:00,69.22999999999999,15,2020,09,15,19
2020-09-15 10:00:00,79.78,10,2020,09,15,20
2020-09-15 10:30:00,64.12,12,2020,09,15,21
2020-09-15 11:00:00,87.42,19,2020,09,15,22
2020-09-15 11:30:00,134.85999999999999,22,2020,09,15,23
2020-09-15 12:00:00,108.4,20,2020,09,15,24
2020-09-15 12:30:00,133.24,23,2020,09,15,25
2020-09-15 13:00:00,141.07,26,2020,09,15,26
2020-09-15 13:30:00,130.06,14,2020,09,15,27
2020-09-15 14:00:00,111.0,22,2020,09,15,28
2020-09-15 14:30:00,99.83,19,2020,09,15,29
2020-09-15 15:00:00,49.09,8,2020,09,15,30
2020-09-15 15:30:00,40.85,4,2020,09,15,31
2020-09-15 16:00:00,50.489999999999995,11,2020,09,15,32
2020-09-15 16:30:00,29.0,6,2020,09,15,33
2020-09-15 17:00:00,20.36,5,2020,09,15,34
2020-09-15 17:30:00,20.02,5,2020,09,15,35
2020-09-15 18:00:00,59.629999999999995,13,2020,09,15,36
2020-09-15 18:30:00,29.0,8,2020,09,15,37
2020-09-15 19:00:00,111.17,14,2020,09,15,38
2020-09-15 19:30:00,74.0,19,2020,09,15,39
2020-09-15 20:00:00,51.0,14,2020,09,15,40
2020-09-15 20:30:00,116.72,16,2020,09,15,41
2020-09-15 21:00:00,8.469999999999999,4,2020,09,15,42
2020-09-16 09:00:00,35.0,7,2020,09,16,18
2020-09-16 09:30:00,30.0,5,2020,09,16,19
2020-09-16 10:00:00,50.57,11,2020,09,16,20
2020-09-16 10:30:00,92.22,15,2020,09,16,21
2020-09-16 11:00:00,50.0,14,2020,09,16,22
2020-09-16 11:30:00,158.91,26,2020,09,16,23
2020-09-16 12:00:00,161.9,21,2020,09,16,24
2020-09-16 12:30:00,100.51,22,2020,09,16,25
2020-09-16 13:00:00,147.37,28,2020,09,16,26
2020-09-16 13:30:00,112.22,20,2020,09,16,27
2020-09-16 14:00:00,71.55,14,2020,09,16,28
2020-09-16 14:30:00,66.89,21,2020,09,16,29
2020-09-16 15:00:00,33.56,7,2020,09,16,30
2020-09-16 15:30:00,34.410000000000004,4,2020,09,16,31
2020-09-16 16:00:00,40.81,7,2020,09,16,32
2020-09-16 16:30:00,9.0,4,2020,09,16,33
2020-09-16 17:00:00,8.0,3,2020,09,16,34
2020-09-16 17:30:00,97.62,11,2020,09,16,35
2020-09-16 18:00:00,39.18,9,2020,09,16,36
2020-09-16 18:30:00,80.36,14,2020,09,16,37
2020-09-16 19:00:00,52.92,16,2020,09,16,38
2020-09-16 19:30:00,65.0,11,2020,09,16,39
2020-09-16 20:00:00,117.05000000000001,19,2020,09,16,40
2020-09-16 20:30:00,117.1,16,2020,09,16,41
2020-09-16 21:00:00,9.28,3,2020,09,16,42
2020-09-17 09:00:00,16.0,4,2020,09,17,18
2020-09-17 09:30:00,14.02,2,2020,09,17,19
2020-09-17 10:00:00,37.0,7,2020,09,17,20
2020-09-17 10:30:00,90.2,16,2020,09,17,21
2020-09-17 11:00:00,125.60000000000001,17,2020,09,17,22
2020-09-17 11:30:00,86.41,22,2020,09,17,23
2020-09-17 12:00:00,148.72,22,2020,09,17,24
2020-09-17 12:30:00,96.53999999999999,21,2020,09,17,25
2020-09-17 13:00:00,157.16000000000003,29,2020,09,17,26
2020-09-17 13:30:00,77.50999999999999,17,2020,09,17,27
2020-09-17 14:00:00,113.64999999999999,25,2020,09,17,28
2020-09-17 14:30:00,110.96000000000001,17,2020,09,17,29
2020-09-17 15:00:00,17.0,4,2020,09,17,30
2020-09-17 15:30:00,28.92,8,2020,09,17,31
2020-09-17 16:00:00,14.0,2,2020,09,17,32
2020-09-17 16:30:00,34.0,4,2020,09,17,33
2020-09-17 17:00:00,46.0,4,2020,09,17,34
2020-09-17 17:30:00,37.83,8,2020,09,17,35
2020-09-17 18:00:00,45.07,10,2020,09,17,36
2020-09-17 18:30:00,63.0,11,2020,09,17,37
2020-09-17 19:00:00,128.43,17,2020,09,17,38
2020-09-17 19:30:00,79.0,14,2020,09,17,39
2020-09-17 20:00:00,98.62,13,2020,09,17,40
2020-09-17 20:30:00,95.96000000000001,22,2020,09,17,41
2020-09-17 21:00:00,43.0,12,2020,09,17,42
2020-09-17 21:30:00,3.0,1,2020,09,17,43
2020-09-18 09:00:00,39.92,6,2020,09,18,18
2020-09-18 09:30:00,20.630000000000003,7,2020,09,18,19
2020-09-18 10:00:00,51.79,9,2020,09,18,20
2020-09-18 10:30:00,56.540000000000006,13,2020,09,18,21
2020-09-18 11:00:00,98.47,20,2020,09,18,22
2020-09-18 11:30:00,80.0,17,2020,09,18,23
2020-09-18 12:00:00,103.72,22,2020,09,18,24
2020-09-18 12:30:00,101.92,19,2020,09,18,25
2020-09-18 13:00:00,137.5,24,2020,09,18,26
2020-09-18 13:30:00,170.17000000000002,25,2020,09,18,27
2020-09-18 14:00:00,162.05,22,2020,09,18,28
2020-09-18 14:30:00,123.38,17,2020,09,18,29
2020-09-18 15:00:00,33.15,3,2020,09,18,30
2020-09-18 15:30:00,2.0,2,2020,09,18,31
2020-09-18 16:00:00,13.0,4,2020,09,18,32
2020-09-18 16:30:00,20.0,2,2020,09,18,33
2020-09-18 17:00:00,48.66,13,2020,09,18,34
2020-09-18 17:30:00,53.0,8,2020,09,18,35
2020-09-18 18:00:00,51.08,9,2020,09,18,36
2020-09-18 18:30:00,94.15,13,2020,09,18,37
2020-09-18 19:00:00,83.83,17,2020,09,18,38
2020-09-18 19:30:00,94.37,19,2020,09,18,39
2020-09-18 20:00:00,127.50999999999999,14,2020,09,18,40
2020-09-18 20:30:00,100.99,17,2020,09,18,41
2020-09-18 21:00:00,35.89,9,2020,09,18,42
2020-09-19 09:00:00,18.0,5,2020,09,19,18
2020-09-19 09:30:00,44.0,6,2020,09,19,19
2020-09-19 10:00:00,39.59,7,2020,09,19,20
2020-09-19 10:30:00,78.21,13,2020,09,19,21
2020-09-19 11:00:00,93.78999999999999,17,2020,09,19,22
2020-09-19 11:30:00,69.5,13,2020,09,19,23
2020-09-19 12:00:00,94.62,18,2020,09,19,24
2020-09-19 12:30:00,66.41,14,2020,09,19,25
2020-09-19 13:00:00,128.26,18,2020,09,19,26
2020-09-19 13:30:00,91.91000000000001,20,2020,09,19,27
2020-09-19 14:00:00,67.38,14,2020,09,19,28
2020-09-19 14:30:00,49.19,9,2020,09,19,29
2020-09-19 15:00:00,48.0,8,2020,09,19,30
2020-09-19 15:30:00,61.57,5,2020,09,19,31
2020-09-19 16:00:00,32.0,7,2020,09,19,32
2020-09-19 16:30:00,10.0,7,2020,09,19,33
2020-09-19 17:00:00,54.64,7,2020,09,19,34
2020-09-19 17:30:00,30.0,5,2020,09,19,35
2020-09-19 18:00:00,51.63,8,2020,09,19,36
2020-09-19 18:30:00,45.0,7,2020,09,19,37
2020-09-19 19:00:00,101.73,13,2020,09,19,38
2020-09-19 19:30:00,29.92,6,2020,09,19,39
2020-09-19 20:00:00,73.53,14,2020,09,19,40
2020-09-19 20:30:00,105.09,15,2020,09,19,41
2020-09-19 21:00:00,75.92,9,2020,09,19,42
2020-09-20 09:00:00,18.45,6,2020,09,20,18
2020-09-20 09:30:00,34.54,8,2020,09,20,19
2020-09-20 10:00:00,81.24000000000001,15,2020,09,20,20
2020-09-20 10:30:00,81.69999999999999,18,2020,09,20,21
2020-09-20 11:00:00,56.519999999999996,14,2020,09,20,22
2020-09-20 11:30:00,199.41,33,2020,09,20,23
2020-09-20 12:00:00,124.53,27,2020,09,20,24
2020-09-20 12:30:00,210.95999999999998,37,2020,09,20,25
2020-09-20 13:00:00,161.2,33,2020,09,20,26
2020-09-20 13:30:00,176.17,36,2020,09,20,27
2020-09-20 14:00:00,121.00999999999999,29,2020,09,20,28
2020-09-20 14:30:00,143.23,27,2020,09,20,29
2020-09-20 15:00:00,62.739999999999995,16,2020,09,20,30
2020-09-21 09:00:00,26.939999999999998,6,2020,09,21,18
2020-09-21 09:30:00,41.0,9,2020,09,21,19
2020-09-21 10:00:00,48.0,11,2020,09,21,20
2020-09-21 10:30:00,61.45,12,2020,09,21,21
2020-09-21 11:00:00,130.32999999999998,24,2020,09,21,22
2020-09-21 11:30:00,102.96000000000001,17,2020,09,21,23
2020-09-21 12:00:00,147.17,24,2020,09,21,24
2020-09-21 12:30:00,132.82999999999998,30,2020,09,21,25
2020-09-21 13:00:00,104.25,22,2020,09,21,26
2020-09-21 13:30:00,132.31,28,2020,09,21,27
2020-09-21 14:00:00,52.589999999999996,14,2020,09,21,28
2020-09-21 14:30:00,42.41,12,2020,09,21,29
2020-09-21 15:00:00,19.0,6,2020,09,21,30
2020-09-21 15:30:00,31.0,4,2020,09,21,31
2020-09-21 16:00:00,27.0,5,2020,09,21,32
2020-09-21 16:30:00,34.0,7,2020,09,21,33
2020-09-21 17:00:00,12.0,3,2020,09,21,34
2020-09-21 17:30:00,60.0,8,2020,09,21,35
2020-09-21 18:00:00,24.82,8,2020,09,21,36
2020-09-21 18:30:00,64.81,9,2020,09,21,37
2020-09-21 19:00:00,74.56,16,2020,09,21,38
2020-09-21 19:30:00,93.22,19,2020,09,21,39
2020-09-21 20:00:00,89.53,11,2020,09,21,40
2020-09-21 20:30:00,68.0,16,2020,09,21,41
2020-09-21 21:00:00,22.89,7,2020,09,21,42
2020-09-22 09:00:00,38.239999999999995,10,2020,09,22,18
2020-09-22 09:30:00,71.55,11,2020,09,22,19
2020-09-22 10:00:00,51.45,13,2020,09,22,20
2020-09-22 10:30:00,39.39,7,2020,09,22,21
2020-09-22 11:00:00,85.46000000000001,18,2020,09,22,22
2020-09-22 11:30:00,101.69999999999999,20,2020,09,22,23
2020-09-22 12:00:00,104.08,19,2020,09,22,24
2020-09-22 12:30:00,90.75,18,2020,09,22,25
2020-09-22 13:00:00,141.56,27,2020,09,22,26
2020-09-22 13:30:00,179.25,28,2020,09,22,27
2020-09-22 14:00:00,93.89,23,2020,09,22,28
2020-09-22 14:30:00,48.18,12,2020,09,22,29
2020-09-22 15:00:00,9.0,4,2020,09,22,30
2020-09-22 15:30:00,32.96,6,2020,09,22,31
2020-09-22 16:00:00,12.0,3,2020,09,22,32
2020-09-22 16:30:00,8.34,3,2020,09,22,33
2020-09-22 17:00:00,49.99,7,2020,09,22,34
2020-09-22 17:30:00,51.16,9,2020,09,22,35
2020-09-22 18:00:00,52.92,13,2020,09,22,36
2020-09-22 18:30:00,44.67,9,2020,09,22,37
2020-09-22 19:00:00,105.51,21,2020,09,22,38
2020-09-22 19:30:00,97.89,18,2020,09,22,39
2020-09-22 20:00:00,80.21000000000001,20,2020,09,22,40
2020-09-22 20:30:00,71.44,16,2020,09,22,41
2020-09-22 21:00:00,25.0,6,2020,09,22,42
2020-09-22 21:30:00,4.0,2,2020,09,22,43
2020-09-23 09:00:00,25.0,6,2020,09,23,18
2020-09-23 09:30:00,16.0,5,2020,09,23,19
2020-09-23 10:00:00,46.12,9,2020,09,23,20
2020-09-23 10:30:00,89.35,16,2020,09,23,21
2020-09-23 11:00:00,81.64,13,2020,09,23,22
2020-09-23 11:30:00,42.33,14,2020,09,23,23
2020-09-23 12:00:00,120.03,20,2020,09,23,24
2020-09-23 12:30:00,84.24000000000001,17,2020,09,23,25
2020-09-23 13:00:00,157.39,29,2020,09,23,26
2020-09-23 13:30:00,120.87,30,2020,09,23,27
2020-09-23 14:00:00,73.0,19,2020,09,23,28
2020-09-23 14:30:00,38.83,12,2020,09,23,29
2020-09-23 15:00:00,38.0,10,2020,09,23,30
2020-09-23 15:30:00,15.79,3,2020,09,23,31
2020-09-23 16:00:00,20.0,3,2020,09,23,32
2020-09-23 16:30:00,55.87,8,2020,09,23,33
2020-09-23 17:00:00,35.85,10,2020,09,23,34
2020-09-23 17:30:00,46.989999999999995,6,2020,09,23,35
2020-09-23 18:00:00,92.0,19,2020,09,23,36
2020-09-23 18:30:00,88.28999999999999,14,2020,09,23,37
2020-09-23 19:00:00,163.70999999999998,17,2020,09,23,38
2020-09-23 19:30:00,95.87,22,2020,09,23,39
2020-09-23 20:00:00,83.39,16,2020,09,23,40
2020-09-23 20:30:00,65.38,16,2020,09,23,41
2020-09-23 21:00:00,56.0,9,2020,09,23,42
2020-09-24 09:00:00,43.68,9,2020,09,24,18
2020-09-24 09:30:00,76.86,12,2020,09,24,19
2020-09-24 10:00:00,44.769999999999996,9,2020,09,24,20
2020-09-24 10:30:00,46.93000000000001,7,2020,09,24,21
2020-09-24 11:00:00,94.87,21,2020,09,24,22
2020-09-24 11:30:00,85.66,21,2020,09,24,23
2020-09-24 12:00:00,98.37,17,2020,09,24,24
2020-09-24 12:30:00,104.54,23,2020,09,24,25
2020-09-24 13:00:00,75.34,19,2020,09,24,26
2020-09-24 13:30:00,89.31,23,2020,09,24,27
2020-09-24 14:00:00,64.08,17,2020,09,24,28
2020-09-24 14:30:00,35.379999999999995,10,2020,09,24,29
2020-09-24 15:00:00,32.06,8,2020,09,24,30
2020-09-24 15:30:00,20.0,6,2020,09,24,31
2020-09-24 16:00:00,7.0,5,2020,09,24,32
2020-09-24 16:30:00,66.38,9,2020,09,24,33
2020-09-24 17:00:00,29.0,6,2020,09,24,34
2020-09-24 17:30:00,22.41,8,2020,09,24,35
2020-09-24 18:00:00,34.0,7,2020,09,24,36
2020-09-24 18:30:00,122.93,14,2020,09,24,37
2020-09-24 19:00:00,51.480000000000004,13,2020,09,24,38
2020-09-24 19:30:00,69.0,13,2020,09,24,39
2020-09-24 20:00:00,86.83,19,2020,09,24,40
2020-09-24 20:30:00,92.38,13,2020,09,24,41
2020-09-24 21:00:00,30.51,5,2020,09,24,42
2020-09-24 21:30:00,2.0,1,2020,09,24,43
2020-09-25 09:00:00,18.86,4,2020,09,25,18
2020-09-25 09:30:00,21.0,5,2020,09,25,19
2020-09-25 10:00:00,55.0,11,2020,09,25,20
2020-09-25 10:30:00,100.07,15,2020,09,25,21
2020-09-25 11:00:00,76.31,14,2020,09,25,22
2020-09-25 11:30:00,60.040000000000006,15,2020,09,25,23
2020-09-25 12:00:00,125.19999999999999,23,2020,09,25,24
2020-09-25 12:30:00,178.66,24,2020,09,25,25
2020-09-25 13:00:00,66.0,14,2020,09,25,26
2020-09-25 13:30:00,71.50999999999999,18,2020,09,25,27
2020-09-25 14:00:00,72.41999999999999,18,2020,09,25,28
2020-09-25 14:30:00,49.76,13,2020,09,25,29
2020-09-25 15:00:00,41.0,6,2020,09,25,30
2020-09-25 15:30:00,11.0,5,2020,09,25,31
2020-09-25 16:00:00,3.0,2,2020,09,25,32
2020-09-25 16:30:00,37.0,6,2020,09,25,33
2020-09-25 17:00:00,90.9,13,2020,09,25,34
2020-09-25 17:30:00,43.82,9,2020,09,25,35
2020-09-25 18:00:00,63.69,10,2020,09,25,36
2020-09-25 18:30:00,70.89,10,2020,09,25,37
2020-09-25 19:00:00,87.00999999999999,13,2020,09,25,38
2020-09-25 19:30:00,106.67,14,2020,09,25,39
2020-09-25 20:00:00,56.849999999999994,14,2020,09,25,40
2020-09-25 20:30:00,60.55,9,2020,09,25,41
2020-09-25 21:00:00,32.0,5,2020,09,25,42
2020-09-26 09:00:00,11.0,3,2020,09,26,18
2020-09-26 09:30:00,54.0,8,2020,09,26,19
2020-09-26 10:00:00,24.0,4,2020,09,26,20
2020-09-26 10:30:00,19.02,7,2020,09,26,21
2020-09-26 11:00:00,104.26,14,2020,09,26,22
2020-09-26 11:30:00,161.4,19,2020,09,26,23
2020-09-26 12:00:00,179.45999999999998,27,2020,09,26,24
2020-09-26 12:30:00,111.04,22,2020,09,26,25
2020-09-26 13:00:00,177.23000000000002,23,2020,09,26,26
2020-09-26 13:30:00,83.48,19,2020,09,26,27
2020-09-26 14:00:00,153.18,26,2020,09,26,28
2020-09-26 14:30:00,34.0,10,2020,09,26,29
2020-09-26 15:00:00,19.0,5,2020,09,26,30
2020-09-26 15:30:00,60.61,5,2020,09,26,31
2020-09-26 16:00:00,15.0,4,2020,09,26,32
2020-09-26 16:30:00,33.0,4,2020,09,26,33
2020-09-26 17:00:00,56.71,10,2020,09,26,34
2020-09-26 17:30:00,36.0,10,2020,09,26,35
2020-09-26 18:00:00,57.0,8,2020,09,26,36
2020-09-26 18:30:00,55.39,10,2020,09,26,37
2020-09-26 19:00:00,20.62,5,2020,09,26,38
2020-09-26 19:30:00,32.72,5,2020,09,26,39
2020-09-26 20:00:00,66.58,14,2020,09,26,40
2020-09-26 20:30:00,39.0,8,2020,09,26,41
2020-09-26 21:00:00,13.98,4,2020,09,26,42
2020-09-27 09:00:00,13.0,3,2020,09,27,18
2020-09-27 09:30:00,20.98,9,2020,09,27,19
2020-09-27 10:00:00,131.74,24,2020,09,27,20
2020-09-27 10:30:00,112.71,19,2020,09,27,21
2020-09-27 11:00:00,146.69,29,2020,09,27,22
2020-09-27 11:30:00,187.67000000000002,32,2020,09,27,23
2020-09-27 12:00:00,203.82,38,2020,09,27,24
2020-09-27 12:30:00,189.67000000000002,42,2020,09,27,25
2020-09-27 13:00:00,223.4,39,2020,09,27,26
2020-09-27 13:30:00,220.99,44,2020,09,27,27
2020-09-27 14:00:00,139.76999999999998,28,2020,09,27,28
2020-09-27 14:30:00,47.78,14,2020,09,27,29
2020-09-27 15:00:00,36.0,8,2020,09,27,30
2020-09-28 09:00:00,12.0,5,2020,09,28,18
2020-09-28 09:30:00,47.12,6,2020,09,28,19
2020-09-28 10:00:00,35.0,10,2020,09,28,20
2020-09-28 10:30:00,39.2,11,2020,09,28,21
2020-09-28 11:00:00,58.09,12,2020,09,28,22
2020-09-28 11:30:00,77.0,13,2020,09,28,23
2020-09-28 12:00:00,97.25,21,2020,09,28,24
2020-09-28 12:30:00,100.52000000000001,26,2020,09,28,25
2020-09-28 13:00:00,113.8,21,2020,09,28,26
2020-09-28 13:30:00,63.97,19,2020,09,28,27
2020-09-28 14:00:00,61.46,22,2020,09,28,28
2020-09-28 14:30:00,50.459999999999994,13,2020,09,28,29
2020-09-28 15:00:00,49.05,7,2020,09,28,30
2020-09-28 15:30:00,26.0,6,2020,09,28,31
2020-09-28 16:00:00,2.0,1,2020,09,28,32
2020-09-28 16:30:00,14.0,5,2020,09,28,33
2020-09-28 17:00:00,30.0,8,2020,09,28,34
2020-09-28 17:30:00,18.0,4,2020,09,28,35
2020-09-28 18:00:00,40.02,15,2020,09,28,36
2020-09-28 18:30:00,100.99,17,2020,09,28,37
2020-09-28 19:00:00,67.85,19,2020,09,28,38
2020-09-28 19:30:00,84.84,14,2020,09,28,39
2020-09-28 20:00:00,66.5,18,2020,09,28,40
2020-09-28 20:30:00,72.64,13,2020,09,28,41
2020-09-28 21:00:00,23.0,5,2020,09,28,42
2020-09-29 08:30:00,1.0,1,2020,09,29,17
2020-09-29 09:00:00,62.64,14,2020,09,29,18
2020-09-29 09:30:00,42.83,6,2020,09,29,19
2020-09-29 10:00:00,61.43,15,2020,09,29,20
2020-09-29 10:30:00,67.19,12,2020,09,29,21
2020-09-29 11:00:00,52.85,11,2020,09,29,22
2020-09-29 11:30:00,60.0,16,2020,09,29,23
2020-09-29 12:00:00,79.37,16,2020,09,29,24
2020-09-29 12:30:00,82.53,16,2020,09,29,25
2020-09-29 13:00:00,122.76,24,2020,09,29,26
2020-09-29 13:30:00,68.32,22,2020,09,29,27
2020-09-29 14:00:00,97.37,22,2020,09,29,28
2020-09-29 14:30:00,40.480000000000004,11,2020,09,29,29
2020-09-29 15:00:00,28.74,4,2020,09,29,30
2020-09-29 15:30:00,34.65,7,2020,09,29,31
2020-09-29 16:00:00,24.0,4,2020,09,29,32
2020-09-29 16:30:00,34.0,8,2020,09,29,33
2020-09-29 17:00:00,11.469999999999999,3,2020,09,29,34
2020-09-29 17:30:00,50.02,9,2020,09,29,35
2020-09-29 18:00:00,64.76,12,2020,09,29,36
2020-09-29 18:30:00,62.86,15,2020,09,29,37
2020-09-29 19:00:00,90.49000000000001,17,2020,09,29,38
2020-09-29 19:30:00,60.0,14,2020,09,29,39
2020-09-29 20:00:00,122.24,19,2020,09,29,40
2020-09-29 20:30:00,34.9,7,2020,09,29,41
2020-09-29 21:00:00,28.270000000000003,9,2020,09,29,42
2020-09-30 09:00:00,65.17,6,2020,09,30,18
2020-09-30 09:30:00,57.95,8,2020,09,30,19
2020-09-30 10:00:00,79.97999999999999,12,2020,09,30,20
2020-09-30 10:30:00,39.129999999999995,10,2020,09,30,21
2020-09-30 11:00:00,73.14,14,2020,09,30,22
2020-09-30 11:30:00,61.11,18,2020,09,30,23
2020-09-30 12:00:00,76.24,14,2020,09,30,24
2020-09-30 12:30:00,123.57,25,2020,09,30,25
2020-09-30 13:00:00,122.58000000000001,26,2020,09,30,26
2020-09-30 13:30:00,86.74000000000001,17,2020,09,30,27
2020-09-30 14:00:00,82.58,26,2020,09,30,28
2020-09-30 14:30:00,40.0,9,2020,09,30,29
2020-09-30 15:00:00,36.36,7,2020,09,30,30
2020-09-30 15:30:00,64.0,11,2020,09,30,31
2020-09-30 16:00:00,4.0,3,2020,09,30,32
2020-09-30 16:30:00,27.49,6,2020,09,30,33
2020-09-30 17:00:00,3.0,3,2020,09,30,34
2020-09-30 17:30:00,67.37,9,2020,09,30,35
2020-09-30 18:00:00,42.55,10,2020,09,30,36
2020-09-30 18:30:00,52.21,12,2020,09,30,37
2020-09-30 19:00:00,53.42,18,2020,09,30,38
2020-09-30 19:30:00,101.55,13,2020,09,30,39
2020-09-30 20:00:00,40.85,9,2020,09,30,40
2020-09-30 20:30:00,122.73,18,2020,09,30,41
2020-09-30 21:00:00,25.0,5,2020,09,30,42
2020-10-01 09:00:00,78.6,13,2020,10,01,18
2020-10-01 09:30:00,26.68,8,2020,10,01,19
2020-10-01 10:00:00,45.0,10,2020,10,01,20
2020-10-01 10:30:00,29.47,6,2020,10,01,21
2020-10-01 11:00:00,33.69,12,2020,10,01,22
2020-10-01 11:30:00,124.83,19,2020,10,01,23
2020-10-01 12:00:00,98.75,19,2020,10,01,24
2020-10-01 12:30:00,111.42,18,2020,10,01,25
2020-10-01 13:00:00,87.33,26,2020,10,01,26
2020-10-01 13:30:00,93.07,21,2020,10,01,27
2020-10-01 14:00:00,42.760000000000005,18,2020,10,01,28
2020-10-01 14:30:00,22.0,7,2020,10,01,29
2020-10-01 15:00:00,34.61,8,2020,10,01,30
2020-10-01 15:30:00,32.0,7,2020,10,01,31
2020-10-01 16:00:00,43.65,6,2020,10,01,32
2020-10-01 16:30:00,19.0,3,2020,10,01,33
2020-10-01 17:00:00,48.58,6,2020,10,01,34
2020-10-01 17:30:00,18.03,5,2020,10,01,35
2020-10-01 18:00:00,45.71,10,2020,10,01,36
2020-10-01 18:30:00,58.78,15,2020,10,01,37
2020-10-01 19:00:00,87.0,9,2020,10,01,38
2020-10-01 19:30:00,55.28,13,2020,10,01,39
2020-10-01 20:00:00,50.82,9,2020,10,01,40
2020-10-01 20:30:00,57.76,16,2020,10,01,41
2020-10-01 21:00:00,9.469999999999999,2,2020,10,01,42
2020-10-02 09:00:00,5.9,1,2020,10,02,18
2020-10-02 09:30:00,70.94,8,2020,10,02,19
2020-10-02 10:00:00,61.55,12,2020,10,02,20
2020-10-02 10:30:00,96.73,13,2020,10,02,21
2020-10-02 11:00:00,61.0,11,2020,10,02,22
2020-10-02 11:30:00,44.0,9,2020,10,02,23
2020-10-02 12:00:00,36.510000000000005,9,2020,10,02,24
2020-10-02 12:30:00,74.24,12,2020,10,02,25
2020-10-02 13:00:00,49.29,13,2020,10,02,26
2020-10-02 13:30:00,66.15,16,2020,10,02,27
2020-10-02 14:00:00,70.0,16,2020,10,02,28
2020-10-02 14:30:00,97.24000000000001,13,2020,10,02,29
2020-10-02 15:00:00,2.0,1,2020,10,02,30
2020-10-02 15:30:00,9.51,3,2020,10,02,31
2020-10-02 16:00:00,4.0,2,2020,10,02,32
2020-10-02 16:30:00,9.65,2,2020,10,02,33
2020-10-02 17:00:00,11.0,3,2020,10,02,34
2020-10-02 17:30:00,13.99,4,2020,10,02,35
2020-10-02 18:00:00,37.379999999999995,7,2020,10,02,36
2020-10-02 18:30:00,23.0,6,2020,10,02,37
2020-10-02 19:00:00,66.78,13,2020,10,02,38
2020-10-02 19:30:00,124.05,20,2020,10,02,39
2020-10-02 20:00:00,31.64,6,2020,10,02,40
2020-10-02 20:30:00,31.0,5,2020,10,02,41
2020-10-02 21:00:00,48.16,8,2020,10,02,42
2020-10-03 09:00:00,16.0,3,2020,10,03,18
2020-10-03 09:30:00,22.64,5,2020,10,03,19
2020-10-03 10:00:00,48.42,11,2020,10,03,20
2020-10-03 10:30:00,42.0,10,2020,10,03,21
2020-10-03 11:00:00,39.0,8,2020,10,03,22
2020-10-03 11:30:00,106.22,18,2020,10,03,23
2020-10-03 12:00:00,68.00999999999999,16,2020,10,03,24
2020-10-03 12:30:00,145.49,22,2020,10,03,25
2020-10-03 13:00:00,67.34,12,2020,10,03,26
2020-10-03 13:30:00,98.59,19,2020,10,03,27
2020-10-03 14:00:00,58.91,14,2020,10,03,28
2020-10-03 14:30:00,73.58,12,2020,10,03,29
2020-10-03 15:00:00,19.0,4,2020,10,03,30
2020-10-03 15:30:00,29.0,7,2020,10,03,31
2020-10-03 16:00:00,6.0,3,2020,10,03,32
2020-10-03 16:30:00,18.0,4,2020,10,03,33
2020-10-03 17:00:00,20.99,5,2020,10,03,34
2020-10-03 17:30:00,7.0,4,2020,10,03,35
2020-10-03 18:00:00,30.55,5,2020,10,03,36
2020-10-03 18:30:00,25.0,6,2020,10,03,37
2020-10-03 19:00:00,22.0,9,2020,10,03,38
2020-10-03 19:30:00,37.01,6,2020,10,03,39
2020-10-03 20:00:00,126.89,12,2020,10,03,40
2020-10-03 20:30:00,66.25999999999999,14,2020,10,03,41
2020-10-03 21:00:00,43.79,5,2020,10,03,42
2020-10-03 21:30:00,1.0,1,2020,10,03,43
2020-10-04 09:00:00,19.58,6,2020,10,04,18
2020-10-04 09:30:00,33.57,6,2020,10,04,19
2020-10-04 10:00:00,70.68,11,2020,10,04,20
2020-10-04 10:30:00,140.75,21,2020,10,04,21
2020-10-04 11:00:00,132.41,18,2020,10,04,22
2020-10-04 11:30:00,208.51,38,2020,10,04,23
2020-10-04 12:00:00,160.69,33,2020,10,04,24
2020-10-04 12:30:00,283.31,45,2020,10,04,25
2020-10-04 13:00:00,195.36,37,2020,10,04,26
2020-10-04 13:30:00,256.46,43,2020,10,04,27
2020-10-04 14:00:00,209.06,37,2020,10,04,28
2020-10-04 14:30:00,113.42,22,2020,10,04,29
2020-10-04 15:00:00,26.51,6,2020,10,04,30
2020-10-05 09:00:00,63.66,12,2020,10,05,18
2020-10-05 09:30:00,44.0,9,2020,10,05,19
2020-10-05 10:00:00,45.0,6,2020,10,05,20
2020-10-05 10:30:00,37.15,10,2020,10,05,21
2020-10-05 11:00:00,29.310000000000002,8,2020,10,05,22
2020-10-05 11:30:00,53.0,15,2020,10,05,23
2020-10-05 12:00:00,56.599999999999994,13,2020,10,05,24
2020-10-05 12:30:00,86.32,20,2020,10,05,25
2020-10-05 13:00:00,64.06,13,2020,10,05,26
2020-10-05 13:30:00,63.04,18,2020,10,05,27
2020-10-05 14:00:00,102.56,25,2020,10,05,28
2020-10-05 14:30:00,38.14,11,2020,10,05,29
2020-10-05 15:00:00,13.0,6,2020,10,05,30
2020-10-05 15:30:00,17.52,2,2020,10,05,31
2020-10-05 16:00:00,17.32,3,2020,10,05,32
2020-10-05 16:30:00,33.0,6,2020,10,05,33
2020-10-05 17:00:00,41.95,6,2020,10,05,34
2020-10-05 17:30:00,30.0,7,2020,10,05,35
2020-10-05 18:00:00,94.15,16,2020,10,05,36
2020-10-05 18:30:00,97.79,17,2020,10,05,37
2020-10-05 19:00:00,79.78,18,2020,10,05,38
2020-10-05 19:30:00,63.0,15,2020,10,05,39
2020-10-05 20:00:00,51.379999999999995,15,2020,10,05,40
2020-10-05 20:30:00,26.0,8,2020,10,05,41
2020-10-05 21:00:00,12.0,5,2020,10,05,42
2020-10-05 21:30:00,1.0,1,2020,10,05,43
2020-10-06 09:00:00,26.63,9,2020,10,06,18
2020-10-06 09:30:00,41.45,7,2020,10,06,19
2020-10-06 10:00:00,19.0,4,2020,10,06,20
2020-10-06 10:30:00,63.08,14,2020,10,06,21
2020-10-06 11:00:00,78.42,15,2020,10,06,22
2020-10-06 11:30:00,89.49000000000001,16,2020,10,06,23
2020-10-06 12:00:00,67.84,13,2020,10,06,24
2020-10-06 12:30:00,85.25,18,2020,10,06,25
2020-10-06 13:00:00,77.66,23,2020,10,06,26
2020-10-06 13:30:00,68.75999999999999,11,2020,10,06,27
2020-10-06 14:00:00,85.29,16,2020,10,06,28
2020-10-06 14:30:00,33.81,7,2020,10,06,29
2020-10-06 15:00:00,11.11,4,2020,10,06,30
2020-10-06 15:30:00,19.67,3,2020,10,06,31
2020-10-06 16:00:00,11.0,3,2020,10,06,32
2020-10-06 16:30:00,15.0,6,2020,10,06,33
2020-10-06 17:00:00,22.35,4,2020,10,06,34
2020-10-06 17:30:00,38.0,6,2020,10,06,35
2020-10-06 18:00:00,31.41,8,2020,10,06,36
2020-10-06 18:30:00,68.9,14,2020,10,06,37
2020-10-06 19:00:00,55.0,10,2020,10,06,38
2020-10-06 19:30:00,78.67,14,2020,10,06,39
2020-10-06 20:00:00,47.83,12,2020,10,06,40
2020-10-06 20:30:00,60.72,12,2020,10,06,41
2020-10-06 21:00:00,34.55,5,2020,10,06,42
2020-10-07 09:00:00,42.040000000000006,9,2020,10,07,18
2020-10-07 09:30:00,20.7,6,2020,10,07,19
2020-10-07 10:00:00,31.34,8,2020,10,07,20
2020-10-07 10:30:00,106.43,17,2020,10,07,21
2020-10-07 11:00:00,91.88999999999999,17,2020,10,07,22
2020-10-07 11:30:00,39.96,13,2020,10,07,23
2020-10-07 12:00:00,49.72,14,2020,10,07,24
2020-10-07 12:30:00,55.91,16,2020,10,07,25
2020-10-07 13:00:00,96.25999999999999,18,2020,10,07,26
2020-10-07 13:30:00,112.87,26,2020,10,07,27
2020-10-07 14:00:00,63.83,17,2020,10,07,28
2020-10-07 14:30:00,12.0,3,2020,10,07,29
2020-10-07 15:00:00,18.32,7,2020,10,07,30
2020-10-07 15:30:00,29.0,8,2020,10,07,31
2020-10-07 16:00:00,26.72,9,2020,10,07,32
2020-10-07 16:30:00,9.0,6,2020,10,07,33
2020-10-07 17:00:00,3.0,2,2020,10,07,34
2020-10-07 17:30:00,28.0,5,2020,10,07,35
2020-10-07 18:00:00,19.0,8,2020,10,07,36
2020-10-07 18:30:00,92.0,17,2020,10,07,37
2020-10-07 19:00:00,52.57,16,2020,10,07,38
2020-10-07 19:30:00,78.0,18,2020,10,07,39
2020-10-07 20:00:00,75.85,13,2020,10,07,40
2020-10-07 20:30:00,77.33,11,2020,10,07,41
2020-10-07 21:00:00,21.46,5,2020,10,07,42
2020-10-08 09:00:00,57.0,11,2020,10,08,18
2020-10-08 09:30:00,52.0,7,2020,10,08,19
2020-10-08 10:00:00,51.53,13,2020,10,08,20
2020-10-08 10:30:00,74.0,12,2020,10,08,21
2020-10-08 11:00:00,41.76,11,2020,10,08,22
2020-10-08 11:30:00,98.22,19,2020,10,08,23
2020-10-08 12:00:00,64.7,20,2020,10,08,24
2020-10-08 12:30:00,84.41,25,2020,10,08,25
2020-10-08 13:00:00,91.66,18,2020,10,08,26
2020-10-08 13:30:00,86.74000000000001,21,2020,10,08,27
2020-10-08 14:00:00,52.629999999999995,20,2020,10,08,28
2020-10-08 14:30:00,23.0,7,2020,10,08,29
2020-10-08 15:00:00,23.0,7,2020,10,08,30
2020-10-08 15:30:00,54.54,9,2020,10,08,31
2020-10-08 16:00:00,28.48,5,2020,10,08,32
2020-10-08 16:30:00,4.0,3,2020,10,08,33
2020-10-08 17:00:00,40.16,7,2020,10,08,34
2020-10-08 17:30:00,40.85,8,2020,10,08,35
2020-10-08 18:00:00,29.0,6,2020,10,08,36
2020-10-08 18:30:00,27.7,11,2020,10,08,37
2020-10-08 19:00:00,40.0,11,2020,10,08,38
2020-10-08 19:30:00,57.69,12,2020,10,08,39
2020-10-08 20:00:00,116.13,20,2020,10,08,40
2020-10-08 20:30:00,44.01,12,2020,10,08,41
2020-10-08 21:00:00,25.0,9,2020,10,08,42
2020-10-09 09:00:00,38.0,7,2020,10,09,18
2020-10-09 09:30:00,49.0,9,2020,10,09,19
2020-10-09 10:00:00,12.0,3,2020,10,09,20
2020-10-09 10:30:00,42.95,12,2020,10,09,21
2020-10-09 11:00:00,71.49000000000001,14,2020,10,09,22
2020-10-09 11:30:00,75.99000000000001,15,2020,10,09,23
2020-10-09 12:00:00,73.47,10,2020,10,09,24
2020-10-09 12:30:00,70.87,16,2020,10,09,25
2020-10-09 13:00:00,70.76,11,2020,10,09,26
2020-10-09 13:30:00,50.519999999999996,16,2020,10,09,27
2020-10-09 14:00:00,61.17,21,2020,10,09,28
2020-10-09 14:30:00,23.21,11,2020,10,09,29
2020-10-09 15:00:00,63.0,7,2020,10,09,30
2020-10-09 15:30:00,31.0,6,2020,10,09,31
2020-10-09 16:00:00,25.0,5,2020,10,09,32
2020-10-09 16:30:00,20.58,9,2020,10,09,33
2020-10-09 17:00:00,23.0,8,2020,10,09,34
2020-10-09 17:30:00,77.09,11,2020,10,09,35
2020-10-09 18:00:00,70.0,8,2020,10,09,36
2020-10-09 18:30:00,75.63,14,2020,10,09,37
2020-10-09 19:00:00,46.0,10,2020,10,09,38
2020-10-09 19:30:00,131.61,20,2020,10,09,39
2020-10-09 20:00:00,56.019999999999996,10,2020,10,09,40
2020-10-09 20:30:00,31.13,9,2020,10,09,41
2020-10-09 21:00:00,21.78,7,2020,10,09,42
2020-10-10 09:00:00,4.0,1,2020,10,10,18
2020-10-10 09:30:00,4.0,1,2020,10,10,19
2020-10-10 10:00:00,55.050000000000004,7,2020,10,10,20
2020-10-10 10:30:00,56.79,8,2020,10,10,21
2020-10-10 11:00:00,23.0,10,2020,10,10,22
2020-10-10 11:30:00,62.71,12,2020,10,10,23
2020-10-10 12:00:00,67.75,13,2020,10,10,24
2020-10-10 12:30:00,91.53,21,2020,10,10,25
2020-10-10 13:00:00,90.50999999999999,16,2020,10,10,26
2020-10-10 13:30:00,80.0,13,2020,10,10,27
2020-10-10 14:00:00,64.9,11,2020,10,10,28
2020-10-10 14:30:00,65.11,11,2020,10,10,29
2020-10-10 15:00:00,69.35,9,2020,10,10,30
2020-10-10 15:30:00,10.22,3,2020,10,10,31
2020-10-10 16:00:00,7.0,2,2020,10,10,32
2020-10-10 16:30:00,23.060000000000002,5,2020,10,10,33
2020-10-10 17:00:00,36.81,9,2020,10,10,34
2020-10-10 17:30:00,69.71000000000001,11,2020,10,10,35
2020-10-10 18:00:00,42.16,9,2020,10,10,36
2020-10-10 18:30:00,22.0,6,2020,10,10,37
2020-10-10 19:00:00,68.69,15,2020,10,10,38
2020-10-10 19:30:00,49.7,14,2020,10,10,39
2020-10-10 20:00:00,105.4,18,2020,10,10,40
2020-10-10 20:30:00,34.519999999999996,11,2020,10,10,41
2020-10-10 21:00:00,46.0,11,2020,10,10,42
2020-10-11 09:00:00,17.0,3,2020,10,11,18
2020-10-11 09:30:00,59.67,16,2020,10,11,19
2020-10-11 10:00:00,61.03,12,2020,10,11,20
2020-10-11 10:30:00,170.18,27,2020,10,11,21
2020-10-11 11:00:00,81.98,20,2020,10,11,22
2020-10-11 11:30:00,110.67,25,2020,10,11,23
2020-10-11 12:00:00,238.19,38,2020,10,11,24
2020-10-11 12:30:00,355.76,51,2020,10,11,25
2020-10-11 13:00:00,199.20999999999998,34,2020,10,11,26
2020-10-11 13:30:00,214.95,47,2020,10,11,27
2020-10-11 14:00:00,114.81,38,2020,10,11,28
2020-10-11 14:30:00,137.78,25,2020,10,11,29
2020-10-11 15:00:00,40.07,9,2020,10,11,30
2020-10-12 09:00:00,60.86,10,2020,10,12,18
2020-10-12 09:30:00,142.27,23,2020,10,12,19
2020-10-12 10:00:00,141.41,30,2020,10,12,20
2020-10-12 10:30:00,128.68,30,2020,10,12,21
2020-10-12 11:00:00,194.22,35,2020,10,12,22
2020-10-12 11:30:00,224.78,47,2020,10,12,23
2020-10-12 12:00:00,330.89,53,2020,10,12,24
2020-10-12 12:30:00,183.22,40,2020,10,12,25
2020-10-12 13:00:00,221.81,46,2020,10,12,26
2020-10-12 13:30:00,284.62,53,2020,10,12,27
2020-10-12 14:00:00,195.43,32,2020,10,12,28
2020-10-12 14:30:00,152.32,29,2020,10,12,29
2020-10-12 15:00:00,57.19,8,2020,10,12,30
2020-10-12 15:30:00,15.0,2,2020,10,12,31
2020-10-13 09:00:00,46.22,10,2020,10,13,18
2020-10-13 09:30:00,18.0,7,2020,10,13,19
2020-10-13 10:00:00,65.05,13,2020,10,13,20
2020-10-13 10:30:00,73.74000000000001,14,2020,10,13,21
2020-10-13 11:00:00,121.42,16,2020,10,13,22
2020-10-13 11:30:00,57.9,12,2020,10,13,23
2020-10-13 12:00:00,37.78,11,2020,10,13,24
2020-10-13 12:30:00,39.15,16,2020,10,13,25
2020-10-13 13:00:00,126.08,25,2020,10,13,26
2020-10-13 13:30:00,118.93,23,2020,10,13,27
2020-10-13 14:00:00,54.87,12,2020,10,13,28
2020-10-13 14:30:00,37.5,10,2020,10,13,29
2020-10-13 15:00:00,30.65,6,2020,10,13,30
2020-10-13 15:30:00,26.0,9,2020,10,13,31
2020-10-13 16:00:00,14.39,6,2020,10,13,32
2020-10-13 16:30:00,75.7,7,2020,10,13,33
2020-10-13 17:00:00,28.0,7,2020,10,13,34
2020-10-13 17:30:00,33.08,8,2020,10,13,35
2020-10-13 18:00:00,37.0,9,2020,10,13,36
2020-10-13 18:30:00,76.0,17,2020,10,13,37
2020-10-13 19:00:00,71.0,11,2020,10,13,38
2020-10-13 19:30:00,95.44,13,2020,10,13,39
2020-10-13 20:00:00,92.35,22,2020,10,13,40
2020-10-13 20:30:00,21.5,8,2020,10,13,41
2020-10-13 21:00:00,22.36,6,2020,10,13,42
2020-10-14 09:00:00,32.11,9,2020,10,14,18
2020-10-14 09:30:00,28.34,3,2020,10,14,19
2020-10-14 10:00:00,57.0,13,2020,10,14,20
2020-10-14 10:30:00,33.65,7,2020,10,14,21
2020-10-14 11:00:00,90.50999999999999,15,2020,10,14,22
2020-10-14 11:30:00,60.290000000000006,10,2020,10,14,23
2020-10-14 12:00:00,27.39,9,2020,10,14,24
2020-10-14 12:30:00,74.47,15,2020,10,14,25
2020-10-14 13:00:00,95.85,19,2020,10,14,26
2020-10-14 13:30:00,60.980000000000004,17,2020,10,14,27
2020-10-14 14:00:00,47.19,15,2020,10,14,28
2020-10-14 14:30:00,52.9,11,2020,10,14,29
2020-10-14 15:00:00,26.0,8,2020,10,14,30
2020-10-14 15:30:00,14.0,3,2020,10,14,31
2020-10-14 16:00:00,48.0,4,2020,10,14,32
2020-10-14 16:30:00,41.0,4,2020,10,14,33
2020-10-14 17:00:00,18.0,6,2020,10,14,34
2020-10-14 17:30:00,19.0,5,2020,10,14,35
2020-10-14 18:00:00,42.0,10,2020,10,14,36
2020-10-14 18:30:00,60.0,10,2020,10,14,37
2020-10-14 19:00:00,62.0,9,2020,10,14,38
2020-10-14 19:30:00,121.97,22,2020,10,14,39
2020-10-14 20:00:00,48.17,14,2020,10,14,40
2020-10-14 20:30:00,24.259999999999998,14,2020,10,14,41
2020-10-14 21:00:00,19.6,5,2020,10,14,42
2020-10-15 09:00:00,77.72999999999999,12,2020,10,15,18
2020-10-15 09:30:00,21.04,4,2020,10,15,19
2020-10-15 10:00:00,16.03,7,2020,10,15,20
2020-10-15 10:30:00,76.32,10,2020,10,15,21
2020-10-15 11:00:00,50.2,7,2020,10,15,22
2020-10-15 11:30:00,26.86,9,2020,10,15,23
2020-10-15 12:00:00,58.91,13,2020,10,15,24
2020-10-15 12:30:00,87.28,20,2020,10,15,25
2020-10-15 13:00:00,87.15,14,2020,10,15,26
2020-10-15 13:30:00,71.8,24,2020,10,15,27
2020-10-15 14:00:00,104.73,18,2020,10,15,28
2020-10-15 14:30:00,35.88,5,2020,10,15,29
2020-10-15 15:00:00,80.07,9,2020,10,15,30
2020-10-15 15:30:00,19.0,2,2020,10,15,31
2020-10-15 16:00:00,7.0,4,2020,10,15,32
2020-10-15 16:30:00,10.0,3,2020,10,15,33
2020-10-15 17:00:00,63.53,9,2020,10,15,34
2020-10-15 17:30:00,29.0,5,2020,10,15,35
2020-10-15 18:00:00,56.36,11,2020,10,15,36
2020-10-15 18:30:00,19.48,7,2020,10,15,37
2020-10-15 19:00:00,69.0,11,2020,10,15,38
2020-10-15 19:30:00,63.0,11,2020,10,15,39
2020-10-15 20:00:00,85.68,19,2020,10,15,40
2020-10-15 20:30:00,72.53999999999999,18,2020,10,15,41
2020-10-15 21:00:00,23.0,4,2020,10,15,42
2020-10-16 09:00:00,33.0,6,2020,10,16,18
2020-10-16 09:30:00,49.61,5,2020,10,16,19
2020-10-16 10:00:00,45.0,10,2020,10,16,20
2020-10-16 10:30:00,68.71000000000001,13,2020,10,16,21
2020-10-16 11:00:00,84.46000000000001,11,2020,10,16,22
2020-10-16 11:30:00,70.03,16,2020,10,16,23
2020-10-16 12:00:00,63.0,10,2020,10,16,24
2020-10-16 12:30:00,76.51,13,2020,10,16,25
2020-10-16 13:00:00,173.17000000000002,24,2020,10,16,26
2020-10-16 13:30:00,133.17000000000002,22,2020,10,16,27
2020-10-16 14:00:00,61.03,18,2020,10,16,28
2020-10-16 14:30:00,17.0,6,2020,10,16,29
2020-10-16 15:00:00,20.82,6,2020,10,16,30
2020-10-16 15:30:00,7.4,6,2020,10,16,31
2020-10-16 16:00:00,12.0,4,2020,10,16,32
2020-10-16 16:30:00,20.2,3,2020,10,16,33
2020-10-16 17:00:00,18.0,4,2020,10,16,34
2020-10-16 17:30:00,42.0,12,2020,10,16,35
2020-10-16 18:00:00,45.22,9,2020,10,16,36
2020-10-16 18:30:00,78.0,13,2020,10,16,37
2020-10-16 19:00:00,38.85,4,2020,10,16,38
2020-10-16 19:30:00,14.74,7,2020,10,16,39
2020-10-16 20:00:00,79.55,13,2020,10,16,40
2020-10-16 20:30:00,61.56,18,2020,10,16,41
2020-10-16 21:00:00,41.41,10,2020,10,16,42
2020-10-17 09:00:00,26.0,7,2020,10,17,18
2020-10-17 09:30:00,34.48,10,2020,10,17,19
2020-10-17 10:00:00,31.59,9,2020,10,17,20
2020-10-17 10:30:00,95.36,13,2020,10,17,21
2020-10-17 11:00:00,26.05,6,2020,10,17,22
2020-10-17 11:30:00,92.25,17,2020,10,17,23
2020-10-17 12:00:00,98.82,20,2020,10,17,24
2020-10-17 12:30:00,121.36,18,2020,10,17,25
2020-10-17 13:00:00,177.9,23,2020,10,17,26
2020-10-17 13:30:00,41.379999999999995,12,2020,10,17,27
2020-10-17 14:00:00,88.05,20,2020,10,17,28
2020-10-17 14:30:00,75.22,13,2020,10,17,29
2020-10-17 15:00:00,32.0,8,2020,10,17,30
2020-10-17 15:30:00,6.0,5,2020,10,17,31
2020-10-17 16:00:00,22.72,5,2020,10,17,32
2020-10-17 17:00:00,13.85,3,2020,10,17,34
2020-10-17 17:30:00,49.75,7,2020,10,17,35
2020-10-17 18:00:00,43.0,6,2020,10,17,36
2020-10-17 18:30:00,64.47,9,2020,10,17,37
2020-10-17 19:00:00,62.32,8,2020,10,17,38
2020-10-17 19:30:00,80.39,18,2020,10,17,39
2020-10-17 20:00:00,53.0,11,2020,10,17,40
2020-10-17 20:30:00,49.16,11,2020,10,17,41
2020-10-17 21:00:00,38.42,9,2020,10,17,42
2020-10-18 09:00:00,34.67,9,2020,10,18,18
2020-10-18 09:30:00,56.3,17,2020,10,18,19
2020-10-18 10:00:00,66.5,17,2020,10,18,20
2020-10-18 10:30:00,81.12,21,2020,10,18,21
2020-10-18 11:00:00,67.44999999999999,20,2020,10,18,22
2020-10-18 11:30:00,237.45,43,2020,10,18,23
2020-10-18 12:00:00,255.89999999999998,48,2020,10,18,24
2020-10-18 12:30:00,186.51,42,2020,10,18,25
2020-10-18 13:00:00,292.34000000000003,46,2020,10,18,26
2020-10-18 13:30:00,226.13,51,2020,10,18,27
2020-10-18 14:00:00,132.29000000000002,34,2020,10,18,28
2020-10-18 14:30:00,111.25999999999999,24,2020,10,18,29
2020-10-18 15:00:00,25.0,7,2020,10,18,30
