Month,Day,Hour,TicketsPrev,Persons
11,1,9,39,2
11,1,10,65,4
11,1,11,91,4
11,1,12,101,4
11,1,13,112,4
11,1,14,92,4
11,1,15,38,2
11,1,16,34,2
11,1,17,37,2
11,1,18,75,4
11,1,19,81,4
11,1,20,71,3
11,1,21,27,2
11,1,22,0,0
11,1,23,0,0
11,2,0,0,0
11,2,1,0,0
11,2,2,0,0
11,2,3,0,0
11,2,4,0,0
11,2,5,0,0
11,2,6,0,0
11,2,7,0,0
11,2,8,0,0
11,2,9,43,2
11,2,10,64,3
11,2,11,89,4
11,2,12,104,4
11,2,13,103,4
11,2,14,80,3
11,2,15,35,2
11,2,16,30,2
11,2,17,47,2
11,2,18,73,3
11,2,19,80,4
11,2,20,66,3
11,2,21,24,2
11,2,22,0,0
11,2,23,0,0
11,3,0,0,0
11,3,1,0,0
11,3,2,0,0
11,3,3,0,0
11,3,4,0,0
11,3,5,0,0
11,3,6,0,0
11,3,7,0,0
11,3,8,0,0
11,3,9,41,2
11,3,10,49,2
11,3,11,82,3
11,3,12,102,4
11,3,13,103,4
11,3,14,82,3
11,3,15,36,2
11,3,16,31,2
11,3,17,37,2
11,3,18,66,3
11,3,19,68,3
11,3,20,70,3
11,3,21,15,1
11,3,22,0,0
11,3,23,0,0
11,4,0,0,0
11,4,1,0,0
11,4,2,0,0
11,4,3,0,0
11,4,4,0,0
11,4,5,0,0
11,4,6,0,0
11,4,7,0,0
11,4,8,0,0
11,4,9,39,2
11,4,10,61,3
11,4,11,86,4
11,4,12,96,4
11,4,13,102,4
11,4,14,83,4
11,4,15,35,2
11,4,16,28,2
11,4,17,44,3
11,4,18,68,4
11,4,19,75,4
11,4,20,73,4
11,4,21,22,2
11,4,22,0,0
11,4,23,0,0
11,5,0,0,0
11,5,1,0,0
11,5,2,0,0
11,5,3,0,0
11,5,4,0,0
11,5,5,0,0
11,5,6,0,0
11,5,7,0,0
11,5,8,0,0
11,5,9,31,2
11,5,10,60,4
11,5,11,87,4
11,5,12,100,4
11,5,13,96,4
11,5,14,87,4
11,5,15,36,3
11,5,16,35,2
11,5,17,33,2
11,5,18,55,3
11,5,19,66,4
11,5,20,59,4
11,5,21,21,2
11,5,22,0,0
11,5,23,0,0
11,6,0,0,0
11,6,1,0,0
11,6,2,0,0
11,6,3,0,0
11,6,4,0,0
11,6,5,0,0
11,6,6,0,0
11,6,7,0,0
11,6,8,0,0
11,6,9,0,0
11,6,10,0,0
11,6,11,0,0
11,6,12,0,0
11,6,13,0,0
11,6,14,0,0
11,6,15,0,0
11,6,16,0,0
11,6,17,0,0
11,6,18,0,0
11,6,19,0,0
11,6,20,0,0
11,6,21,0,0
11,6,22,0,0
11,6,23,0,0
11,0,0,0,0
11,0,1,0,0
11,0,2,0,0
11,0,3,0,0
11,0,4,0,0
11,0,5,0,0
11,0,6,0,0
11,0,7,0,0
11,0,8,0,0
11,0,9,39,2
11,0,10,54,3
11,0,11,86,4
11,0,12,97,4
11,0,13,102,4
11,0,14,84,3
11,0,15,39,2
11,0,16,31,1
11,0,17,50,3
11,0,18,72,3
11,0,19,93,4
11,0,20,77,3
11,0,21,29,3
11,0,22,0,0
11,0,23,0,0
11,1,0,0,0
11,1,1,0,0
11,1,2,0,0
11,1,3,0,0
11,1,4,0,0
11,1,5,0,0
11,1,6,0,0
11,1,7,0,0
11,1,8,0,0
11,1,9,44,2
11,1,10,63,3
11,1,11,86,4
11,1,12,103,4
11,1,13,112,4
11,1,14,86,3
11,1,15,42,2
11,1,16,31,2
11,1,17,33,2
11,1,18,69,3
11,1,19,83,4
11,1,20,64,3
11,1,21,22,2
11,1,22,0,0
11,1,23,0,0
11,2,0,0,0
11,2,1,0,0
11,2,2,0,0
11,2,3,0,0
11,2,4,0,0
11,2,5,0,0
11,2,6,0,0
11,2,7,0,0
11,2,8,0,0
11,2,9,40,2
11,2,10,54,2
11,2,11,88,4
11,2,12,94,4
11,2,13,104,4
11,2,14,88,3
11,2,15,35,2
11,2,16,29,1
11,2,17,41,2
11,2,18,70,3
11,2,19,80,4
11,2,20,72,3
11,2,21,20,2
11,2,22,0,0
11,2,23,0,0
11,3,0,0,0
11,3,1,0,0
11,3,2,0,0
11,3,3,0,0
11,3,4,0,0
11,3,5,0,0
11,3,6,0,0
11,3,7,0,0
11,3,8,0,0
11,3,9,41,2
11,3,10,51,3
11,3,11,75,3
11,3,12,89,4
11,3,13,106,4
11,3,14,78,3
11,3,15,33,2
11,3,16,32,1
11,3,17,41,2
11,3,18,61,3
11,3,19,68,3
11,3,20,73,3
11,3,21,16,1
11,3,22,0,0
11,3,23,0,0
11,4,0,0,0
11,4,1,0,0
11,4,2,0,0
11,4,3,0,0
11,4,4,0,0
11,4,5,0,0
11,4,6,0,0
11,4,7,0,0
11,4,8,0,0
11,4,9,39,2
11,4,10,64,3
11,4,11,84,4
11,4,12,99,4
11,4,13,104,4
11,4,14,88,4
11,4,15,39,2
11,4,16,33,2
11,4,17,38,2
11,4,18,65,4
11,4,19,77,4
11,4,20,71,4
11,4,21,26,3
11,4,22,0,0
11,4,23,0,0
11,5,0,0,0
11,5,1,0,0
11,5,2,0,0
11,5,3,0,0
11,5,4,0,0
11,5,5,0,0
11,5,6,0,0
11,5,7,0,0
11,5,8,0,0
11,5,9,26,2
11,5,10,65,4
11,5,11,91,4
11,5,12,108,4
11,5,13,111,4
11,5,14,85,4
11,5,15,32,2
11,5,16,36,2
11,5,17,33,2
11,5,18,57,3
11,5,19,66,3
11,5,20,66,3
11,5,21,19,1
11,5,22,0,0
11,5,23,0,0
11,6,0,0,0
11,6,1,0,0
11,6,2,0,0
11,6,3,0,0
11,6,4,0,0
11,6,5,0,0
11,6,6,0,0
11,6,7,0,0
11,6,8,0,0
11,6,9,0,0
11,6,10,0,0
11,6,11,0,0
11,6,12,0,0
11,6,13,0,0
11,6,14,0,0
11,6,15,0,0
11,6,16,0,0
11,6,17,0,0
11,6,18,0,0
11,6,19,0,0
11,6,20,0,0
11,6,21,0,0
11,6,22,0,0
11,6,23,0,0
11,0,0,0,0
11,0,1,0,0
11,0,2,0,0
11,0,3,0,0
11,0,4,0,0
11,0,5,0,0
11,0,6,0,0
11,0,7,0,0
11,0,8,0,0
11,0,9,46,2
11,0,10,55,3
11,0,11,82,4
11,0,12,107,4
11,0,13,102,4
11,0,14,85,3
11,0,15,49,2
11,0,16,36,2
11,0,17,49,2
11,0,18,74,3
11,0,19,93,4
11,0,20,73,3
11,0,21,20,1
11,0,22,0,0
11,0,23,0,0
11,1,0,0,0
11,1,1,0,0
11,1,2,0,0
11,1,3,0,0
11,1,4,0,0
11,1,5,0,0
11,1,6,0,0
11,1,7,0,0
11,1,8,0,0
11,1,9,47,2
11,1,10,61,3
11,1,11,86,4
11,1,12,99,4
11,1,13,106,4
11,1,14,86,3
11,1,15,39,2
11,1,16,33,2
11,1,17,43,2
11,1,18,63,3
11,1,19,82,4
11,1,20,76,3
11,1,21,28,2
11,1,22,0,0
11,1,23,0,0
11,2,0,0,0
11,2,1,0,0
11,2,2,0,0
11,2,3,0,0
11,2,4,0,0
11,2,5,0,0
11,2,6,0,0
11,2,7,0,0
11,2,8,0,0
11,2,9,47,2
11,2,10,53,3
11,2,11,83,3
11,2,12,103,4
11,2,13,105,4
11,2,14,84,3
11,2,15,37,2
11,2,16,29,1
11,2,17,41,2
11,2,18,69,3
11,2,19,77,3
11,2,20,66,3
11,2,21,21,2
11,2,22,0,0
11,2,23,0,0
11,3,0,0,0
11,3,1,0,0
11,3,2,0,0
11,3,3,0,0
11,3,4,0,0
11,3,5,0,0
11,3,6,0,0
11,3,7,0,0
11,3,8,0,0
11,3,9,45,2
11,3,10,51,3
11,3,11,80,3
11,3,12,94,4
11,3,13,95,4
11,3,14,85,3
11,3,15,34,2
11,3,16,29,2
11,3,17,42,2
11,3,18,69,3
11,3,19,73,3
11,3,20,67,3
11,3,21,20,2
11,3,22,0,0
11,3,23,0,0
11,4,0,0,0
11,4,1,0,0
11,4,2,0,0
11,4,3,0,0
11,4,4,0,0
11,4,5,0,0
11,4,6,0,0
11,4,7,0,0
11,4,8,0,0
11,4,9,39,2
11,4,10,61,3
11,4,11,90,4
11,4,12,101,4
11,4,13,111,4
11,4,14,88,4
11,4,15,42,2
11,4,16,32,2
11,4,17,43,2
11,4,18,68,4
11,4,19,75,4
11,4,20,69,3
11,4,21,24,2
11,4,22,0,0
11,4,23,0,0
11,5,0,0,0
11,5,1,0,0
11,5,2,0,0
11,5,3,0,0
11,5,4,0,0
11,5,5,0,0
11,5,6,0,0
11,5,7,0,0
11,5,8,0,0
11,5,9,23,2
11,5,10,66,3
11,5,11,90,4
11,5,12,104,4
11,5,13,110,4
11,5,14,88,4
11,5,15,36,2
11,5,16,32,2
11,5,17,40,2
11,5,18,62,3
11,5,19,75,4
11,5,20,66,3
11,5,21,15,1
11,5,22,0,0
11,5,23,0,0
11,6,0,0,0
11,6,1,0,0
11,6,2,0,0
11,6,3,0,0
11,6,4,0,0
11,6,5,0,0
11,6,6,0,0
11,6,7,0,0
11,6,8,0,0
11,6,9,0,0
11,6,10,0,0
11,6,11,0,0
11,6,12,0,0
11,6,13,0,0
11,6,14,0,0
11,6,15,0,0
11,6,16,0,0
11,6,17,0,0
11,6,18,0,0
11,6,19,0,0
11,6,20,0,0
11,6,21,0,0
11,6,22,0,0
11,6,23,0,0
11,0,0,0,0
11,0,1,0,0
11,0,2,0,0
11,0,3,0,0
11,0,4,0,0
11,0,5,0,0
11,0,6,0,0
11,0,7,0,0
11,0,8,0,0
11,0,9,40,2
11,0,10,55,3
11,0,11,74,3
11,0,12,100,4
11,0,13,110,4
11,0,14,90,4
11,0,15,38,2
11,0,16,34,2
11,0,17,43,2
11,0,18,72,3
11,0,19,84,4
11,0,20,73,3
11,0,21,22,2
11,0,22,0,0
11,0,23,0,0
11,1,0,0,0
11,1,1,0,0
11,1,2,0,0
11,1,3,0,0
11,1,4,0,0
11,1,5,0,0
11,1,6,0,0
11,1,7,0,0
11,1,8,0,0
11,1,9,48,2
11,1,10,56,3
11,1,11,82,3
11,1,12,95,4
11,1,13,109,4
11,1,14,84,4
11,1,15,42,2
11,1,16,29,1
11,1,17,35,2
11,1,18,68,3
11,1,19,76,3
11,1,20,67,3
11,1,21,25,2
11,1,22,0,0
11,1,23,0,0
11,2,0,0,0
11,2,1,0,0
11,2,2,0,0
11,2,3,0,0
11,2,4,0,0
11,2,5,0,0
11,2,6,0,0
11,2,7,0,0
11,2,8,0,0
11,2,9,42,2
11,2,10,56,2
11,2,11,81,3
11,2,12,92,4
11,2,13,105,4
11,2,14,82,3
11,2,15,31,2
11,2,16,27,1
11,2,17,44,2
11,2,18,64,2
11,2,19,70,3
11,2,20,71,3
11,2,21,20,1
11,2,22,0,0
11,2,23,0,0
11,3,0,0,0
11,3,1,0,0
11,3,2,0,0
11,3,3,0,0
11,3,4,0,0
11,3,5,0,0
11,3,6,0,0
11,3,7,0,0
11,3,8,0,0
11,3,9,39,2
11,3,10,55,3
11,3,11,73,3
11,3,12,93,4
11,3,13,101,4
11,3,14,75,3
11,3,15,35,2
11,3,16,31,1
11,3,17,42,2
11,3,18,68,3
11,3,19,75,3
11,3,20,65,3
11,3,21,26,2
11,3,22,0,0
11,3,23,0,0
11,4,0,0,0
11,4,1,0,0
11,4,2,0,0
11,4,3,0,0
11,4,4,0,0
11,4,5,0,0
11,4,6,0,0
11,4,7,0,0
11,4,8,0,0
11,4,9,40,2
11,4,10,59,4
11,4,11,83,4
11,4,12,100,4
11,4,13,110,4
11,4,14,90,4
11,4,15,39,2
11,4,16,30,2
11,4,17,43,2
11,4,18,60,3
11,4,19,82,4
11,4,20,64,3
11,4,21,26,2
11,4,22,0,0
11,4,23,0,0
11,5,0,0,0
11,5,1,0,0
11,5,2,0,0
11,5,3,0,0
11,5,4,0,0
11,5,5,0,0
11,5,6,0,0
11,5,7,0,0
11,5,8,0,0
11,5,9,26,1
11,5,10,57,3
11,5,11,80,4
11,5,12,100,4
11,5,13,104,4
11,5,14,86,4
11,5,15,41,3
11,5,16,28,1
11,5,17,36,2
11,5,18,53,3
11,5,19,63,3
11,5,20,62,3
11,5,21,28,2
11,5,22,0,0
11,5,23,0,0
11,6,0,0,0
11,6,1,0,0
11,6,2,0,0
11,6,3,0,0
11,6,4,0,0
11,6,5,0,0
11,6,6,0,0
11,6,7,0,0
11,6,8,0,0
11,6,9,0,0
11,6,10,0,0
11,6,11,0,0
11,6,12,0,0
11,6,13,0,0
11,6,14,0,0
11,6,15,0,0
11,6,16,0,0
11,6,17,0,0
11,6,18,0,0
11,6,19,0,0
11,6,20,0,0
11,6,21,0,0
11,6,22,0,0
11,6,23,0,0
11,0,0,0,0
11,0,1,0,0
11,0,2,0,0
11,0,3,0,0
11,0,4,0,0
11,0,5,0,0
11,0,6,0,0
11,0,7,0,0
11,0,8,0,0
11,0,9,40,2
11,0,10,55,3
11,0,11,74,3
11,0,12,100,4
11,0,13,110,4
11,0,14,90,4
11,0,15,38,2
11,0,16,34,2
11,0,17,43,2
11,0,18,72,3
11,0,19,84,4
11,0,20,73,3
11,0,21,22,2
11,0,22,0,0
11,0,23,0,0
11,1,0,0,0
11,1,1,0,0
11,1,2,0,0
11,1,3,0,0
11,1,4,0,0
11,1,5,0,0
11,1,6,0,0
11,1,7,0,0
11,1,8,0,0
11,1,9,48,2
11,1,10,56,3
11,1,11,82,3
11,1,12,95,4
11,1,13,109,4
11,1,14,84,4
11,1,15,42,2
11,1,16,29,1
11,1,17,35,2
11,1,18,68,3
11,1,19,76,3
11,1,20,67,3
11,1,21,25,2
11,1,22,0,0
11,1,23,0,0
12,2,0,0,0
12,2,1,0,0
12,2,2,0,0
12,2,3,0,0
12,2,4,0,0
12,2,5,0,0
12,2,6,0,0
12,2,7,0,0
12,2,8,0,0
12,2,9,42,2
12,2,10,58,3
12,2,11,89,4
12,2,12,107,4
12,2,13,113,4
12,2,14,92,4
12,2,15,39,2
12,2,16,35,2
12,2,17,51,2
12,2,18,77,3
12,2,19,93,4
12,2,20,90,4
12,2,21,37,4
12,2,22,0,0
12,2,23,0,0
12,3,0,0,0
12,3,1,0,0
12,3,2,0,0
12,3,3,0,0
12,3,4,0,0
12,3,5,0,0
12,3,6,0,0
12,3,7,0,0
12,3,8,0,0
12,3,9,37,2
12,3,10,61,3
12,3,11,87,4
12,3,12,106,4
12,3,13,115,4
12,3,14,85,4
12,3,15,38,2
12,3,16,31,2
12,3,17,45,2
12,3,18,71,3
12,3,19,78,4
12,3,20,81,4
12,3,21,31,4
12,3,22,0,0
12,3,23,0,0
12,4,0,0,0
12,4,1,0,0
12,4,2,0,0
12,4,3,0,0
12,4,4,0,0
12,4,5,0,0
12,4,6,0,0
12,4,7,0,0
12,4,8,0,0
12,4,9,41,2
12,4,10,65,4
12,4,11,82,4
12,4,12,104,4
12,4,13,104,4
12,4,14,88,4
12,4,15,44,3
12,4,16,32,2
12,4,17,45,3
12,4,18,64,3
12,4,19,75,4
12,4,20,68,4
12,4,21,25,2
12,4,22,0,0
12,4,23,0,0
12,5,0,0,0
12,5,1,0,0
12,5,2,0,0
12,5,3,0,0
12,5,4,0,0
12,5,5,0,0
12,5,6,0,0
12,5,7,0,0
12,5,8,0,0
12,5,9,23,1
12,5,10,57,4
12,5,11,91,4
12,5,12,103,4
12,5,13,109,4
12,5,14,78,4
12,5,15,36,3
12,5,16,33,2
12,5,17,33,2
12,5,18,55,3
12,5,19,62,3
12,5,20,68,4
12,5,21,20,2
12,5,22,0,0
12,5,23,0,0
12,6,0,0,0
12,6,1,0,0
12,6,2,0,0
12,6,3,0,0
12,6,4,0,0
12,6,5,0,0
12,6,6,0,0
12,6,7,0,0
12,6,8,0,0
12,6,9,0,0
12,6,10,0,0
12,6,11,0,0
12,6,12,0,0
12,6,13,0,0
12,6,14,0,0
12,6,15,0,0
12,6,16,0,0
12,6,17,0,0
12,6,18,0,0
12,6,19,0,0
12,6,20,0,0
12,6,21,0,0
12,6,22,0,0
12,6,23,0,0
12,0,0,0,0
12,0,1,0,0
12,0,2,0,0
12,0,3,0,0
12,0,4,0,0
12,0,5,0,0
12,0,6,0,0
12,0,7,0,0
12,0,8,0,0
12,0,9,0,0
12,0,10,0,0
12,0,11,0,0
12,0,12,0,0
12,0,13,0,0
12,0,14,0,0
12,0,15,0,0
12,0,16,0,0
12,0,17,0,0
12,0,18,0,0
12,0,19,0,0
12,0,20,0,0
12,0,21,0,0
12,0,22,0,0
12,0,23,0,0
12,1,0,0,0
12,1,1,0,0
12,1,2,0,0
12,1,3,0,0
12,1,4,0,0
12,1,5,0,0
12,1,6,0,0
12,1,7,0,0
12,1,8,0,0
12,1,9,47,2
12,1,10,60,3
12,1,11,89,4
12,1,12,100,4
12,1,13,111,4
12,1,14,98,4
12,1,15,43,2
12,1,16,34,1
12,1,17,50,3
12,1,18,70,3
12,1,19,92,4
12,1,20,89,4
12,1,21,24,2
12,1,22,0,0
12,1,23,0,0
12,2,0,0,0
12,2,1,0,0
12,2,2,0,0
12,2,3,0,0
12,2,4,0,0
12,2,5,0,0
12,2,6,0,0
12,2,7,0,0
12,2,8,0,0
12,2,9,0,0
12,2,10,0,0
12,2,11,0,0
12,2,12,0,0
12,2,13,0,0
12,2,14,0,0
12,2,15,0,0
12,2,16,0,0
12,2,17,0,0
12,2,18,0,0
12,2,19,0,0
12,2,20,0,0
12,2,21,0,0
12,2,22,0,0
12,2,23,0,0
12,3,0,0,0
12,3,1,0,0
12,3,2,0,0
12,3,3,0,0
12,3,4,0,0
12,3,5,0,0
12,3,6,0,0
12,3,7,0,0
12,3,8,0,0
12,3,9,35,2
12,3,10,59,3
12,3,11,81,4
12,3,12,97,4
12,3,13,100,4
12,3,14,84,3
12,3,15,40,2
12,3,16,30,2
12,3,17,44,2
12,3,18,66,3
12,3,19,75,3
12,3,20,70,3
12,3,21,19,2
12,3,22,0,0
12,3,23,0,0
12,4,0,0,0
12,4,1,0,0
12,4,2,0,0
12,4,3,0,0
12,4,4,0,0
12,4,5,0,0
12,4,6,0,0
12,4,7,0,0
12,4,8,0,0
12,4,9,41,2
12,4,10,57,3
12,4,11,92,4
12,4,12,105,4
12,4,13,104,4
12,4,14,95,4
12,4,15,39,2
12,4,16,29,2
12,4,17,45,2
12,4,18,72,4
12,4,19,79,4
12,4,20,74,4
12,4,21,28,3
12,4,22,0,0
12,4,23,0,0
12,5,0,0,0
12,5,1,0,0
12,5,2,0,0
12,5,3,0,0
12,5,4,0,0
12,5,5,0,0
12,5,6,0,0
12,5,7,0,0
12,5,8,0,0
12,5,9,22,1
12,5,10,52,3
12,5,11,86,4
12,5,12,113,4
12,5,13,113,4
12,5,14,86,4
12,5,15,35,3
12,5,16,33,2
12,5,17,35,2
12,5,18,57,3
12,5,19,69,4
12,5,20,63,3
12,5,21,18,2
12,5,22,0,0
12,5,23,0,0
12,6,0,0,0
12,6,1,0,0
12,6,2,0,0
12,6,3,0,0
12,6,4,0,0
12,6,5,0,0
12,6,6,0,0
12,6,7,0,0
12,6,8,0,0
12,6,9,0,0
12,6,10,0,0
12,6,11,0,0
12,6,12,0,0
12,6,13,0,0
12,6,14,0,0
12,6,15,0,0
12,6,16,0,0
12,6,17,0,0
12,6,18,0,0
12,6,19,0,0
12,6,20,0,0
12,6,21,0,0
12,6,22,0,0
12,6,23,0,0
12,0,0,0,0
12,0,1,0,0
12,0,2,0,0
12,0,3,0,0
12,0,4,0,0
12,0,5,0,0
12,0,6,0,0
12,0,7,0,0
12,0,8,0,0
12,0,9,37,2
12,0,10,59,3
12,0,11,95,4
12,0,12,107,4
12,0,13,133,4
12,0,14,93,4
12,0,15,27,2
12,0,16,34,2
12,0,17,48,2
12,0,18,75,4
12,0,19,88,4
12,0,20,82,4
12,0,21,26,2
12,0,22,0,0
12,0,23,0,0
12,1,0,0,0
12,1,1,0,0
12,1,2,0,0
12,1,3,0,0
12,1,4,0,0
12,1,5,0,0
12,1,6,0,0
12,1,7,0,0
12,1,8,0,0
12,1,9,47,2
12,1,10,56,3
12,1,11,87,4
12,1,12,103,4
12,1,13,114,4
12,1,14,99,4
12,1,15,44,2
12,1,16,34,1
12,1,17,48,3
12,1,18,76,4
12,1,19,81,4
12,1,20,80,3
12,1,21,27,2
12,1,22,0,0
12,1,23,0,0
12,2,0,0,0
12,2,1,0,0
12,2,2,0,0
12,2,3,0,0
12,2,4,0,0
12,2,5,0,0
12,2,6,0,0
12,2,7,0,0
12,2,8,0,0
12,2,9,38,2
12,2,10,52,2
12,2,11,83,4
12,2,12,100,4
12,2,13,99,4
12,2,14,86,3
12,2,15,38,2
12,2,16,32,2
12,2,17,41,2
12,2,18,61,3
12,2,19,76,3
12,2,20,73,3
12,2,21,24,2
12,2,22,0,0
12,2,23,0,0
12,3,0,0,0
12,3,1,0,0
12,3,2,0,0
12,3,3,0,0
12,3,4,0,0
12,3,5,0,0
12,3,6,0,0
12,3,7,0,0
12,3,8,0,0
12,3,9,38,2
12,3,10,55,3
12,3,11,74,4
12,3,12,98,4
12,3,13,107,4
12,3,14,83,3
12,3,15,31,2
12,3,16,31,1
12,3,17,36,2
12,3,18,66,3
12,3,19,70,3
12,3,20,70,3
12,3,21,25,2
12,3,22,0,0
12,3,23,0,0
12,4,0,0,0
12,4,1,0,0
12,4,2,0,0
12,4,3,0,0
12,4,4,0,0
12,4,5,0,0
12,4,6,0,0
12,4,7,0,0
12,4,8,0,0
12,4,9,39,2
12,4,10,53,3
12,4,11,85,4
12,4,12,97,4
12,4,13,104,4
12,4,14,86,4
12,4,15,32,2
12,4,16,29,2
12,4,17,45,3
12,4,18,61,3
12,4,19,72,4
12,4,20,67,4
12,4,21,28,2
12,4,22,0,0
12,4,23,0,0
12,5,0,0,0
12,5,1,0,0
12,5,2,0,0
12,5,3,0,0
12,5,4,0,0
12,5,5,0,0
12,5,6,0,0
12,5,7,0,0
12,5,8,0,0
12,5,9,24,1
12,5,10,57,3
12,5,11,76,4
12,5,12,101,4
12,5,13,114,4
12,5,14,85,4
12,5,15,36,2
12,5,16,26,2
12,5,17,34,2
12,5,18,56,3
12,5,19,68,3
12,5,20,65,3
12,5,21,19,1
12,5,22,0,0
12,5,23,0,0
12,6,0,0,0
12,6,1,0,0
12,6,2,0,0
12,6,3,0,0
12,6,4,0,0
12,6,5,0,0
12,6,6,0,0
12,6,7,0,0
12,6,8,0,0
12,6,9,0,0
12,6,10,0,0
12,6,11,0,0
12,6,12,0,0
12,6,13,0,0
12,6,14,0,0
12,6,15,0,0
12,6,16,0,0
12,6,17,0,0
12,6,18,0,0
12,6,19,0,0
12,6,20,0,0
12,6,21,0,0
12,6,22,0,0
12,6,23,0,0
12,0,0,0,0
12,0,1,0,0
12,0,2,0,0
12,0,3,0,0
12,0,4,0,0
12,0,5,0,0
12,0,6,0,0
12,0,7,0,0
12,0,8,0,0
12,0,9,41,2
12,0,10,52,3
12,0,11,82,4
12,0,12,101,4
12,0,13,104,4
12,0,14,84,3
12,0,15,32,2
12,0,16,36,2
12,0,17,43,3
12,0,18,63,3
12,0,19,81,4
12,0,20,71,4
12,0,21,22,2
12,0,22,0,0
12,0,23,0,0
12,1,0,0,0
12,1,1,0,0
12,1,2,0,0
12,1,3,0,0
12,1,4,0,0
12,1,5,0,0
12,1,6,0,0
12,1,7,0,0
12,1,8,0,0
12,1,9,43,2
12,1,10,51,2
12,1,11,85,4
12,1,12,102,4
12,1,13,106,4
12,1,14,83,3
12,1,15,36,2
12,1,16,33,1
12,1,17,41,2
12,1,18,70,3
12,1,19,78,4
12,1,20,77,4
12,1,21,27,2
12,1,22,0,0
12,1,23,0,0
12,2,0,0,0
12,2,1,0,0
12,2,2,0,0
12,2,3,0,0
12,2,4,0,0
12,2,5,0,0
12,2,6,0,0
12,2,7,0,0
12,2,8,0,0
12,2,9,32,2
12,2,10,57,3
12,2,11,85,4
12,2,12,99,4
12,2,13,106,4
12,2,14,78,4
12,2,15,36,2
12,2,16,27,2
12,2,17,41,2
12,2,18,64,3
12,2,19,72,4
12,2,20,67,3
12,2,21,28,2
12,2,22,0,0
12,2,23,0,0
12,3,0,0,0
12,3,1,0,0
12,3,2,0,0
12,3,3,0,0
12,3,4,0,0
12,3,5,0,0
12,3,6,0,0
12,3,7,0,0
12,3,8,0,0
12,3,9,35,2
12,3,10,62,3
12,3,11,82,4
12,3,12,96,4
12,3,13,106,4
12,3,14,79,4
12,3,15,37,2
12,3,16,36,2
12,3,17,45,2
12,3,18,68,3
12,3,19,51,2
12,3,20,64,3
12,3,21,23,2
12,3,22,0,0
12,3,23,0,0
12,4,0,0,0
12,4,1,0,0
12,4,2,0,0
12,4,3,0,0
12,4,4,0,0
12,4,5,0,0
12,4,6,0,0
12,4,7,0,0
12,4,8,0,0
12,4,9,34,2
12,4,10,59,3
12,4,11,90,4
12,4,12,105,4
12,4,13,114,4
12,4,14,93,4
12,4,15,34,2
12,4,16,29,1
12,4,17,40,2
12,4,18,63,3
12,4,19,83,4
12,4,20,0,0
12,4,21,0,0
12,4,22,0,0
12,4,23,0,0
12,5,0,0,0
12,5,1,0,0
12,5,2,0,0
12,5,3,0,0
12,5,4,0,0
12,5,5,0,0
12,5,6,0,0
12,5,7,0,0
12,5,8,0,0
12,5,9,0,0
12,5,10,0,0
12,5,11,0,0
12,5,12,0,0
12,5,13,0,0
12,5,14,0,0
12,5,15,0,0
12,5,16,0,0
12,5,17,0,0
12,5,18,0,0
12,5,19,0,0
12,5,20,0,0
12,5,21,0,0
12,5,22,0,0
12,5,23,0,0
12,6,0,0,0
12,6,1,0,0
12,6,2,0,0
12,6,3,0,0
12,6,4,0,0
12,6,5,0,0
12,6,6,0,0
12,6,7,0,0
12,6,8,0,0
12,6,9,0,0
12,6,10,0,0
12,6,11,0,0
12,6,12,0,0
12,6,13,0,0
12,6,14,0,0
12,6,15,0,0
12,6,16,0,0
12,6,17,0,0
12,6,18,0,0
12,6,19,0,0
12,6,20,0,0
12,6,21,0,0
12,6,22,0,0
12,6,23,0,0
12,0,0,0,0
12,0,1,0,0
12,0,2,0,0
12,0,3,0,0
12,0,4,0,0
12,0,5,0,0
12,0,6,0,0
12,0,7,0,0
12,0,8,0,0
12,0,9,39,2
12,0,10,68,3
12,0,11,98,4
12,0,12,122,4
12,0,13,133,4
12,0,14,100,4
12,0,15,45,3
12,0,16,47,2
12,0,17,60,3
12,0,18,86,4
12,0,19,78,3
12,0,20,56,2
12,0,21,28,3
12,0,22,0,0
12,0,23,0,0
12,1,0,0,0
12,1,1,0,0
12,1,2,0,0
12,1,3,0,0
12,1,4,0,0
12,1,5,0,0
12,1,6,0,0
12,1,7,0,0
12,1,8,0,0
12,1,9,33,2
12,1,10,64,3
12,1,11,91,4
12,1,12,106,4
12,1,13,112,4
12,1,14,85,4
12,1,15,44,2
12,1,16,37,2
12,1,17,47,2
12,1,18,74,3
12,1,19,75,3
12,1,20,69,3
12,1,21,25,3
12,1,22,0,0
12,1,23,0,0
12,2,0,0,0
12,2,1,0,0
12,2,2,0,0
12,2,3,0,0
12,2,4,0,0
12,2,5,0,0
12,2,6,0,0
12,2,7,0,0
12,2,8,0,0
12,2,9,32,2
12,2,10,57,3
12,2,11,85,4
12,2,12,99,4
12,2,13,106,4
12,2,14,78,4
12,2,15,36,2
12,2,16,27,2
12,2,17,41,2
12,2,18,64,3
12,2,19,72,4
12,2,20,67,3
12,2,21,28,2
12,2,22,0,0
12,2,23,0,0
12,3,0,0,0
12,3,1,0,0
12,3,2,0,0
12,3,3,0,0
12,3,4,0,0
12,3,5,0,0
12,3,6,0,0
12,3,7,0,0
12,3,8,0,0
12,3,9,35,2
12,3,10,62,3
12,3,11,82,4
12,3,12,96,4
12,3,13,106,4
12,3,14,79,4
12,3,15,37,2
12,3,16,36,2
12,3,17,45,2
12,3,18,68,3
12,3,19,51,2
12,3,20,64,3
12,3,21,23,2
12,3,22,0,0
12,3,23,0,0
12,4,0,0,0
12,4,1,0,0
12,4,2,0,0
12,4,3,0,0
12,4,4,0,0
12,4,5,0,0
12,4,6,0,0
12,4,7,0,0
12,4,8,0,0
12,4,9,34,2
12,4,10,59,3
12,4,11,90,4
12,4,12,105,4
12,4,13,114,4
12,4,14,93,4
12,4,15,34,2
12,4,16,29,1
12,4,17,40,2
12,4,18,63,3
12,4,19,83,4
12,4,20,70,4
12,4,21,0,0
12,4,22,0,0
12,4,23,0,0
1,5,0,0,0
1,5,1,0,0
1,5,2,0,0
1,5,3,0,0
1,5,4,0,0
1,5,5,0,0
1,5,6,0,0
1,5,7,0,0
1,5,8,0,0
1,5,9,0,0
1,5,10,0,0
1,5,11,0,0
1,5,12,0,0
1,5,13,0,0
1,5,14,0,0
1,5,15,0,0
1,5,16,0,0
1,5,17,0,0
1,5,18,0,0
1,5,19,0,0
1,5,20,0,0
1,5,21,0,0
1,5,22,0,0
1,5,23,0,0
1,6,0,0,0
1,6,1,0,0
1,6,2,0,0
1,6,3,0,0
1,6,4,0,0
1,6,5,0,0
1,6,6,0,0
1,6,7,0,0
1,6,8,0,0
1,6,9,0,0
1,6,10,0,0
1,6,11,0,0
1,6,12,0,0
1,6,13,0,0
1,6,14,0,0
1,6,15,0,0
1,6,16,0,0
1,6,17,0,0
1,6,18,0,0
1,6,19,0,0
1,6,20,0,0
1,6,21,0,0
1,6,22,0,0
1,6,23,0,0
1,0,0,0,0
1,0,1,0,0
1,0,2,0,0
1,0,3,0,0
1,0,4,0,0
1,0,5,0,0
1,0,6,0,0
1,0,7,0,0
1,0,8,0,0
1,0,9,33,2
1,0,10,49,3
1,0,11,83,4
1,0,12,89,4
1,0,13,104,4
1,0,14,77,4
1,0,15,33,2
1,0,16,28,2
1,0,17,39,2
1,0,18,65,3
1,0,19,80,4
1,0,20,73,3
1,0,21,21,2
1,0,22,0,0
1,0,23,0,0
1,1,0,0,0
1,1,1,0,0
1,1,2,0,0
1,1,3,0,0
1,1,4,0,0
1,1,5,0,0
1,1,6,0,0
1,1,7,0,0
1,1,8,0,0
1,1,9,29,2
1,1,10,53,3
1,1,11,79,4
1,1,12,98,4
1,1,13,107,4
1,1,14,78,4
1,1,15,31,2
1,1,16,30,2
1,1,17,44,2
1,1,18,73,4
1,1,19,81,4
1,1,20,72,4
1,1,21,19,2
1,1,22,0,0
1,1,23,0,0
1,2,0,0,0
1,2,1,0,0
1,2,2,0,0
1,2,3,0,0
1,2,4,0,0
1,2,5,0,0
1,2,6,0,0
1,2,7,0,0
1,2,8,0,0
1,2,9,29,2
1,2,10,46,2
1,2,11,76,4
1,2,12,91,4
1,2,13,105,4
1,2,14,78,3
1,2,15,22,1
1,2,16,29,1
1,2,17,37,2
1,2,18,54,2
1,2,19,80,4
1,2,20,69,3
1,2,21,24,2
1,2,22,0,0
1,2,23,0,0
1,3,0,0,0
1,3,1,0,0
1,3,2,0,0
1,3,3,0,0
1,3,4,0,0
1,3,5,0,0
1,3,6,0,0
1,3,7,0,0
1,3,8,0,0
1,3,9,0,0
1,3,10,0,0
1,3,11,0,0
1,3,12,0,0
1,3,13,0,0
1,3,14,0,0
1,3,15,0,0
1,3,16,0,0
1,3,17,0,0
1,3,18,0,0
1,3,19,0,0
1,3,20,0,0
1,3,21,0,0
1,3,22,0,0
1,3,23,0,0
1,4,0,0,0
1,4,1,0,0
1,4,2,0,0
1,4,3,0,0
1,4,4,0,0
1,4,5,0,0
1,4,6,0,0
1,4,7,0,0
1,4,8,0,0
1,4,9,29,2
1,4,10,52,3
1,4,11,75,4
1,4,12,92,4
1,4,13,102,4
1,4,14,83,4
1,4,15,29,2
1,4,16,30,2
1,4,17,42,3
1,4,18,60,3
1,4,19,72,4
1,4,20,64,3
1,4,21,32,3
1,4,22,0,0
1,4,23,0,0
1,5,0,0,0
1,5,1,0,0
1,5,2,0,0
1,5,3,0,0
1,5,4,0,0
1,5,5,0,0
1,5,6,0,0
1,5,7,0,0
1,5,8,0,0
1,5,9,22,1
1,5,10,51,3
1,5,11,76,4
1,5,12,99,4
1,5,13,111,4
1,5,14,87,4
1,5,15,27,2
1,5,16,30,2
1,5,17,31,2
1,5,18,48,2
1,5,19,57,3
1,5,20,63,3
1,5,21,23,2
1,5,22,0,0
1,5,23,0,0
1,6,0,0,0
1,6,1,0,0
1,6,2,0,0
1,6,3,0,0
1,6,4,0,0
1,6,5,0,0
1,6,6,0,0
1,6,7,0,0
1,6,8,0,0
1,6,9,0,0
1,6,10,0,0
1,6,11,0,0
1,6,12,0,0
1,6,13,0,0
1,6,14,0,0
1,6,15,0,0
1,6,16,0,0
1,6,17,0,0
1,6,18,0,0
1,6,19,0,0
1,6,20,0,0
1,6,21,0,0
1,6,22,0,0
1,6,23,0,0
1,0,0,0,0
1,0,1,0,0
1,0,2,0,0
1,0,3,0,0
1,0,4,0,0
1,0,5,0,0
1,0,6,0,0
1,0,7,0,0
1,0,8,0,0
1,0,9,36,2
1,0,10,52,3
1,0,11,82,4
1,0,12,93,4
1,0,13,112,4
1,0,14,83,4
1,0,15,35,2
1,0,16,34,2
1,0,17,46,2
1,0,18,71,3
1,0,19,85,4
1,0,20,73,3
1,0,21,21,2
1,0,22,0,0
1,0,23,0,0
1,1,0,0,0
1,1,1,0,0
1,1,2,0,0
1,1,3,0,0
1,1,4,0,0
1,1,5,0,0
1,1,6,0,0
1,1,7,0,0
1,1,8,0,0
1,1,9,37,2
1,1,10,51,3
1,1,11,80,4
1,1,12,102,4
1,1,13,102,4
1,1,14,81,4
1,1,15,35,2
1,1,16,26,2
1,1,17,39,2
1,1,18,71,4
1,1,19,76,4
1,1,20,69,4
1,1,21,21,2
1,1,22,0,0
1,1,23,0,0
1,2,0,0,0
1,2,1,0,0
1,2,2,0,0
1,2,3,0,0
1,2,4,0,0
1,2,5,0,0
1,2,6,0,0
1,2,7,0,0
1,2,8,0,0
1,2,9,35,2
1,2,10,46,2
1,2,11,75,4
1,2,12,93,4
1,2,13,100,4
1,2,14,75,3
1,2,15,22,2
1,2,16,29,1
1,2,17,39,2
1,2,18,57,3
1,2,19,81,3
1,2,20,69,3
1,2,21,23,2
1,2,22,0,0
1,2,23,0,0
1,3,0,0,0
1,3,1,0,0
1,3,2,0,0
1,3,3,0,0
1,3,4,0,0
1,3,5,0,0
1,3,6,0,0
1,3,7,0,0
1,3,8,0,0
1,3,9,34,2
1,3,10,52,3
1,3,11,76,4
1,3,12,87,4
1,3,13,95,4
1,3,14,85,3
1,3,15,37,2
1,3,16,35,2
1,3,17,41,2
1,3,18,59,3
1,3,19,66,3
1,3,20,54,3
1,3,21,22,3
1,3,22,0,0
1,3,23,0,0
1,4,0,0,0
1,4,1,0,0
1,4,2,0,0
1,4,3,0,0
1,4,4,0,0
1,4,5,0,0
1,4,6,0,0
1,4,7,0,0
1,4,8,0,0
1,4,9,32,2
1,4,10,53,3
1,4,11,72,4
1,4,12,91,4
1,4,13,96,4
1,4,14,83,4
1,4,15,31,2
1,4,16,33,2
1,4,17,39,2
1,4,18,58,3
1,4,19,68,4
1,4,20,68,4
1,4,21,35,3
1,4,22,0,0
1,4,23,0,0
1,5,0,0,0
1,5,1,0,0
1,5,2,0,0
1,5,3,0,0
1,5,4,0,0
1,5,5,0,0
1,5,6,0,0
1,5,7,0,0
1,5,8,0,0
1,5,9,21,2
1,5,10,49,3
1,5,11,75,4
1,5,12,94,4
1,5,13,109,4
1,5,14,81,4
1,5,15,27,2
1,5,16,30,2
1,5,17,36,2
1,5,18,53,2
1,5,19,63,3
1,5,20,52,2
1,5,21,21,2
1,5,22,0,0
1,5,23,0,0
1,6,0,0,0
1,6,1,0,0
1,6,2,0,0
1,6,3,0,0
1,6,4,0,0
1,6,5,0,0
1,6,6,0,0
1,6,7,0,0
1,6,8,0,0
1,6,9,0,0
1,6,10,0,0
1,6,11,0,0
1,6,12,0,0
1,6,13,0,0
1,6,14,0,0
1,6,15,0,0
1,6,16,0,0
1,6,17,0,0
1,6,18,0,0
1,6,19,0,0
1,6,20,0,0
1,6,21,0,0
1,6,22,0,0
1,6,23,0,0
1,0,0,0,0
1,0,1,0,0
1,0,2,0,0
1,0,3,0,0
1,0,4,0,0
1,0,5,0,0
1,0,6,0,0
1,0,7,0,0
1,0,8,0,0
1,0,9,38,2
1,0,10,53,3
1,0,11,73,3
1,0,12,94,4
1,0,13,109,4
1,0,14,83,4
1,0,15,29,2
1,0,16,33,2
1,0,17,39,2
1,0,18,73,4
1,0,19,82,4
1,0,20,71,4
1,0,21,21,3
1,0,22,0,0
1,0,23,0,0
1,1,0,0,0
1,1,1,0,0
1,1,2,0,0
1,1,3,0,0
1,1,4,0,0
1,1,5,0,0
1,1,6,0,0
1,1,7,0,0
1,1,8,0,0
1,1,9,36,2
1,1,10,51,2
1,1,11,76,4
1,1,12,92,4
1,1,13,99,4
1,1,14,86,3
1,1,15,34,2
1,1,16,30,2
1,1,17,33,2
1,1,18,54,3
1,1,19,84,4
1,1,20,58,3
1,1,21,23,2
1,1,22,0,0
1,1,23,0,0
1,2,0,0,0
1,2,1,0,0
1,2,2,0,0
1,2,3,0,0
1,2,4,0,0
1,2,5,0,0
1,2,6,0,0
1,2,7,0,0
1,2,8,0,0
1,2,9,32,2
1,2,10,51,2
1,2,11,76,3
1,2,12,87,4
1,2,13,95,4
1,2,14,75,3
1,2,15,29,2
1,2,16,32,1
1,2,17,40,2
1,2,18,65,3
1,2,19,79,4
1,2,20,61,2
1,2,21,20,2
1,2,22,0,0
1,2,23,0,0
1,3,0,0,0
1,3,1,0,0
1,3,2,0,0
1,3,3,0,0
1,3,4,0,0
1,3,5,0,0
1,3,6,0,0
1,3,7,0,0
1,3,8,0,0
1,3,9,37,2
1,3,10,46,2
1,3,11,70,3
1,3,12,90,4
1,3,13,88,4
1,3,14,74,3
1,3,15,30,2
1,3,16,29,1
1,3,17,38,2
1,3,18,58,3
1,3,19,73,3
1,3,20,56,2
1,3,21,21,2
1,3,22,0,0
1,3,23,0,0
1,4,0,0,0
1,4,1,0,0
1,4,2,0,0
1,4,3,0,0
1,4,4,0,0
1,4,5,0,0
1,4,6,0,0
1,4,7,0,0
1,4,8,0,0
1,4,9,40,2
1,4,10,54,3
1,4,11,71,3
1,4,12,90,4
1,4,13,91,4
1,4,14,81,4
1,4,15,28,2
1,4,16,30,2
1,4,17,38,2
1,4,18,62,3
1,4,19,74,4
1,4,20,58,3
1,4,21,23,2
1,4,22,0,0
1,4,23,0,0
1,5,0,0,0
1,5,1,0,0
1,5,2,0,0
1,5,3,0,0
1,5,4,0,0
1,5,5,0,0
1,5,6,0,0
1,5,7,0,0
1,5,8,0,0
1,5,9,27,2
1,5,10,48,3
1,5,11,75,4
1,5,12,95,4
1,5,13,105,4
1,5,14,79,4
1,5,15,31,2
1,5,16,30,2
1,5,17,30,2
1,5,18,55,3
1,5,19,62,4
1,5,20,45,2
1,5,21,20,3
1,5,22,0,0
1,5,23,0,0
1,6,0,0,0
1,6,1,0,0
1,6,2,0,0
1,6,3,0,0
1,6,4,0,0
1,6,5,0,0
1,6,6,0,0
1,6,7,0,0
1,6,8,0,0
1,6,9,0,0
1,6,10,0,0
1,6,11,0,0
1,6,12,0,0
1,6,13,0,0
1,6,14,0,0
1,6,15,0,0
1,6,16,0,0
1,6,17,0,0
1,6,18,0,0
1,6,19,0,0
1,6,20,0,0
1,6,21,0,0
1,6,22,0,0
1,6,23,0,0
1,0,0,0,0
1,0,1,0,0
1,0,2,0,0
1,0,3,0,0
1,0,4,0,0
1,0,5,0,0
1,0,6,0,0
1,0,7,0,0
1,0,8,0,0
1,0,9,40,2
1,0,10,47,2
1,0,11,71,4
1,0,12,90,4
1,0,13,107,4
1,0,14,85,3
1,0,15,33,2
1,0,16,29,2
1,0,17,50,2
1,0,18,68,3
1,0,19,84,4
1,0,20,68,3
1,0,21,19,2
1,0,22,0,0
1,0,23,0,0
1,1,0,0,0
1,1,1,0,0
1,1,2,0,0
1,1,3,0,0
1,1,4,0,0
1,1,5,0,0
1,1,6,0,0
1,1,7,0,0
1,1,8,0,0
1,1,9,35,2
1,1,10,49,2
1,1,11,80,4
1,1,12,91,4
1,1,13,107,4
1,1,14,84,3
1,1,15,34,2
1,1,16,30,1
1,1,17,40,2
1,1,18,56,3
1,1,19,76,3
1,1,20,65,3
1,1,21,19,2
1,1,22,0,0
1,1,23,0,0
1,2,0,0,0
1,2,1,0,0
1,2,2,0,0
1,2,3,0,0
1,2,4,0,0
1,2,5,0,0
1,2,6,0,0
1,2,7,0,0
1,2,8,0,0
1,2,9,40,2
1,2,10,49,2
1,2,11,73,3
1,2,12,89,4
1,2,13,102,4
1,2,14,78,3
1,2,15,36,2
1,2,16,30,1
1,2,17,41,2
1,2,18,57,3
1,2,19,75,3
1,2,20,64,3
1,2,21,20,2
1,2,22,0,0
1,2,23,0,0
1,3,0,0,0
1,3,1,0,0
1,3,2,0,0
1,3,3,0,0
1,3,4,0,0
1,3,5,0,0
1,3,6,0,0
1,3,7,0,0
1,3,8,0,0
1,3,9,41,2
1,3,10,47,2
1,3,11,72,3
1,3,12,88,4
1,3,13,100,4
1,3,14,79,3
1,3,15,29,2
1,3,16,30,1
1,3,17,41,2
1,3,18,60,3
1,3,19,70,3
1,3,20,73,3
1,3,21,19,2
1,3,22,0,0
1,3,23,0,0
1,4,0,0,0
1,4,1,0,0
1,4,2,0,0
1,4,3,0,0
1,4,4,0,0
1,4,5,0,0
1,4,6,0,0
1,4,7,0,0
1,4,8,0,0
1,4,9,35,2
1,4,10,53,3
1,4,11,79,4
1,4,12,95,4
1,4,13,103,4
1,4,14,79,4
1,4,15,41,2
1,4,16,33,2
1,4,17,41,2
1,4,18,58,3
1,4,19,76,4
1,4,20,53,2
1,4,21,15,2
1,4,22,0,0
1,4,23,0,0
1,5,0,0,0
1,5,1,0,0
1,5,2,0,0
1,5,3,0,0
1,5,4,0,0
1,5,5,0,0
1,5,6,0,0
1,5,7,0,0
1,5,8,0,0
1,5,9,27,2
1,5,10,48,3
1,5,11,75,4
1,5,12,95,4
1,5,13,105,4
1,5,14,79,4
1,5,15,31,2
1,5,16,30,2
1,5,17,30,2
1,5,18,55,3
1,5,19,62,4
1,5,20,45,2
1,5,21,20,3
1,5,22,0,0
1,5,23,0,0
1,6,0,0,0
1,6,1,0,0
1,6,2,0,0
1,6,3,0,0
1,6,4,0,0
1,6,5,0,0
1,6,6,0,0
1,6,7,0,0
1,6,8,0,0
1,6,9,0,0
1,6,10,0,0
1,6,11,0,0
1,6,12,0,0
1,6,13,0,0
1,6,14,0,0
1,6,15,0,0
1,6,16,0,0
1,6,17,0,0
1,6,18,0,0
1,6,19,0,0
1,6,20,0,0
1,6,21,0,0
1,6,22,0,0
1,6,23,0,0
1,0,0,0,0
1,0,1,0,0
1,0,2,0,0
1,0,3,0,0
1,0,4,0,0
1,0,5,0,0
1,0,6,0,0
1,0,7,0,0
1,0,8,0,0
1,0,9,40,2
1,0,10,47,2
1,0,11,71,4
1,0,12,90,4
1,0,13,107,4
1,0,14,85,3
1,0,15,33,2
1,0,16,29,2
1,0,17,50,2
1,0,18,68,3
1,0,19,84,4
1,0,20,68,3
1,0,21,19,2
1,0,22,0,0
1,0,23,0,0
2,1,0,0,0
2,1,1,0,0
2,1,2,0,0
2,1,3,0,0
2,1,4,0,0
2,1,5,0,0
2,1,6,0,0
2,1,7,0,0
2,1,8,0,0
2,1,9,39,2
2,1,10,51,2
2,1,11,74,3
2,1,12,93,4
2,1,13,98,4
2,1,14,79,3
2,1,15,29,2
2,1,16,32,1
2,1,17,39,2
2,1,18,53,3
2,1,19,74,3
2,1,20,65,3
2,1,21,19,2
2,1,22,0,0
2,1,23,0,0
2,2,0,0,0
2,2,1,0,0
2,2,2,0,0
2,2,3,0,0
2,2,4,0,0
2,2,5,0,0
2,2,6,0,0
2,2,7,0,0
2,2,8,0,0
2,2,9,40,2
2,2,10,50,2
2,2,11,78,3
2,2,12,93,4
2,2,13,97,4
2,2,14,77,3
2,2,15,34,2
2,2,16,34,1
2,2,17,42,2
2,2,18,57,3
2,2,19,82,4
2,2,20,57,2
2,2,21,14,2
2,2,22,0,0
2,2,23,0,0
2,3,0,0,0
2,3,1,0,0
2,3,2,0,0
2,3,3,0,0
2,3,4,0,0
2,3,5,0,0
2,3,6,0,0
2,3,7,0,0
2,3,8,0,0
2,3,9,37,2
2,3,10,46,2
2,3,11,77,4
2,3,12,87,4
2,3,13,94,4
2,3,14,87,4
2,3,15,32,2
2,3,16,29,1
2,3,17,38,2
2,3,18,58,3
2,3,19,77,4
2,3,20,58,3
2,3,21,20,2
2,3,22,0,0
2,3,23,0,0
2,4,0,0,0
2,4,1,0,0
2,4,2,0,0
2,4,3,0,0
2,4,4,0,0
2,4,5,0,0
2,4,6,0,0
2,4,7,0,0
2,4,8,0,0
2,4,9,34,2
2,4,10,54,3
2,4,11,83,4
2,4,12,92,4
2,4,13,103,4
2,4,14,83,4
2,4,15,39,2
2,4,16,32,2
2,4,17,41,2
2,4,18,60,4
2,4,19,67,4
2,4,20,56,3
2,4,21,24,3
2,4,22,0,0
2,4,23,0,0
2,5,0,0,0
2,5,1,0,0
2,5,2,0,0
2,5,3,0,0
2,5,4,0,0
2,5,5,0,0
2,5,6,0,0
2,5,7,0,0
2,5,8,0,0
2,5,9,23,2
2,5,10,51,3
2,5,11,86,4
2,5,12,106,4
2,5,13,108,4
2,5,14,80,4
2,5,15,34,3
2,5,16,29,2
2,5,17,31,2
2,5,18,43,3
2,5,19,59,3
2,5,20,58,2
2,5,21,19,2
2,5,22,0,0
2,5,23,0,0
2,6,0,0,0
2,6,1,0,0
2,6,2,0,0
2,6,3,0,0
2,6,4,0,0
2,6,5,0,0
2,6,6,0,0
2,6,7,0,0
2,6,8,0,0
2,6,9,0,0
2,6,10,0,0
2,6,11,0,0
2,6,12,0,0
2,6,13,0,0
2,6,14,0,0
2,6,15,0,0
2,6,16,0,0
2,6,17,0,0
2,6,18,0,0
2,6,19,0,0
2,6,20,0,0
2,6,21,0,0
2,6,22,0,0
2,6,23,0,0
2,0,0,0,0
2,0,1,0,0
2,0,2,0,0
2,0,3,0,0
2,0,4,0,0
2,0,5,0,0
2,0,6,0,0
2,0,7,0,0
2,0,8,0,0
2,0,9,35,2
2,0,10,53,3
2,0,11,73,4
2,0,12,98,4
2,0,13,102,4
2,0,14,85,3
2,0,15,35,2
2,0,16,38,2
2,0,17,43,2
2,0,18,67,3
2,0,19,88,4
2,0,20,79,4
2,0,21,17,3
2,0,22,0,0
2,0,23,0,0
2,1,0,0,0
2,1,1,0,0
2,1,2,0,0
2,1,3,0,0
2,1,4,0,0
2,1,5,0,0
2,1,6,0,0
2,1,7,0,0
2,1,8,0,0
2,1,9,36,2
2,1,10,52,2
2,1,11,74,3
2,1,12,96,4
2,1,13,102,4
2,1,14,80,3
2,1,15,28,2
2,1,16,33,2
2,1,17,37,2
2,1,18,58,3
2,1,19,83,4
2,1,20,57,2
2,1,21,23,2
2,1,22,0,0
2,1,23,0,0
2,2,0,0,0
2,2,1,0,0
2,2,2,0,0
2,2,3,0,0
2,2,4,0,0
2,2,5,0,0
2,2,6,0,0
2,2,7,0,0
2,2,8,0,0
2,2,9,37,2
2,2,10,49,3
2,2,11,77,3
2,2,12,85,4
2,2,13,92,4
2,2,14,76,3
2,2,15,39,2
2,2,16,31,1
2,2,17,44,2
2,2,18,58,3
2,2,19,84,4
2,2,20,64,2
2,2,21,19,2
2,2,22,0,0
2,2,23,0,0
2,3,0,0,0
2,3,1,0,0
2,3,2,0,0
2,3,3,0,0
2,3,4,0,0
2,3,5,0,0
2,3,6,0,0
2,3,7,0,0
2,3,8,0,0
2,3,9,39,2
2,3,10,50,2
2,3,11,73,4
2,3,12,88,4
2,3,13,95,4
2,3,14,78,3
2,3,15,28,2
2,3,16,26,1
2,3,17,40,2
2,3,18,61,3
2,3,19,86,4
2,3,20,62,3
2,3,21,22,2
2,3,22,0,0
2,3,23,0,0
2,4,0,0,0
2,4,1,0,0
2,4,2,0,0
2,4,3,0,0
2,4,4,0,0
2,4,5,0,0
2,4,6,0,0
2,4,7,0,0
2,4,8,0,0
2,4,9,37,2
2,4,10,50,3
2,4,11,84,4
2,4,12,88,4
2,4,13,100,4
2,4,14,82,4
2,4,15,32,2
2,4,16,33,2
2,4,17,43,2
2,4,18,57,4
2,4,19,74,4
2,4,20,53,2
2,4,21,26,3
2,4,22,0,0
2,4,23,0,0
2,5,0,0,0
2,5,1,0,0
2,5,2,0,0
2,5,3,0,0
2,5,4,0,0
2,5,5,0,0
2,5,6,0,0
2,5,7,0,0
2,5,8,0,0
2,5,9,23,2
2,5,10,55,3
2,5,11,81,4
2,5,12,101,4
2,5,13,109,4
2,5,14,79,4
2,5,15,29,2
2,5,16,27,2
2,5,17,25,2
2,5,18,42,2
2,5,19,71,4
2,5,20,55,3
2,5,21,23,3
2,5,22,0,0
2,5,23,0,0
2,6,0,0,0
2,6,1,0,0
2,6,2,0,0
2,6,3,0,0
2,6,4,0,0
2,6,5,0,0
2,6,6,0,0
2,6,7,0,0
2,6,8,0,0
2,6,9,0,0
2,6,10,0,0
2,6,11,0,0
2,6,12,0,0
2,6,13,0,0
2,6,14,0,0
2,6,15,0,0
2,6,16,0,0
2,6,17,0,0
2,6,18,0,0
2,6,19,0,0
2,6,20,0,0
2,6,21,0,0
2,6,22,0,0
2,6,23,0,0
2,0,0,0,0
2,0,1,0,0
2,0,2,0,0
2,0,3,0,0
2,0,4,0,0
2,0,5,0,0
2,0,6,0,0
2,0,7,0,0
2,0,8,0,0
2,0,9,38,2
2,0,10,53,3
2,0,11,73,3
2,0,12,86,4
2,0,13,93,4
2,0,14,82,3
2,0,15,38,2
2,0,16,32,2
2,0,17,43,2
2,0,18,69,3
2,0,19,88,4
2,0,20,66,3
2,0,21,17,2
2,0,22,0,0
2,0,23,0,0
2,1,0,0,0
2,1,1,0,0
2,1,2,0,0
2,1,3,0,0
2,1,4,0,0
2,1,5,0,0
2,1,6,0,0
2,1,7,0,0
2,1,8,0,0
2,1,9,40,2
2,1,10,53,2
2,1,11,78,3
2,1,12,97,4
2,1,13,92,4
2,1,14,87,3
2,1,15,26,2
2,1,16,36,2
2,1,17,40,2
2,1,18,52,3
2,1,19,81,3
2,1,20,63,3
2,1,21,16,2
2,1,22,0,0
2,1,23,0,0
2,2,0,0,0
2,2,1,0,0
2,2,2,0,0
2,2,3,0,0
2,2,4,0,0
2,2,5,0,0
2,2,6,0,0
2,2,7,0,0
2,2,8,0,0
2,2,9,36,2
2,2,10,54,3
2,2,11,72,3
2,2,12,89,4
2,2,13,95,4
2,2,14,77,3
2,2,15,35,2
2,2,16,32,1
2,2,17,38,2
2,2,18,60,3
2,2,19,79,4
2,2,20,61,3
2,2,21,21,2
2,2,22,0,0
2,2,23,0,0
2,3,0,0,0
2,3,1,0,0
2,3,2,0,0
2,3,3,0,0
2,3,4,0,0
2,3,5,0,0
2,3,6,0,0
2,3,7,0,0
2,3,8,0,0
2,3,9,37,2
2,3,10,47,2
2,3,11,72,3
2,3,12,91,4
2,3,13,89,4
2,3,14,82,3
2,3,15,26,2
2,3,16,35,2
2,3,17,43,2
2,3,18,63,3
2,3,19,81,4
2,3,20,65,2
2,3,21,15,2
2,3,22,0,0
2,3,23,0,0
2,4,0,0,0
2,4,1,0,0
2,4,2,0,0
2,4,3,0,0
2,4,4,0,0
2,4,5,0,0
2,4,6,0,0
2,4,7,0,0
2,4,8,0,0
2,4,9,42,2
2,4,10,52,3
2,4,11,81,4
2,4,12,90,4
2,4,13,103,4
2,4,14,85,4
2,4,15,34,2
2,4,16,37,2
2,4,17,38,2
2,4,18,56,3
2,4,19,74,4
2,4,20,60,3
2,4,21,18,2
2,4,22,0,0
2,4,23,0,0
2,5,0,0,0
2,5,1,0,0
2,5,2,0,0
2,5,3,0,0
2,5,4,0,0
2,5,5,0,0
2,5,6,0,0
2,5,7,0,0
2,5,8,0,0
2,5,9,29,2
2,5,10,54,3
2,5,11,77,4
2,5,12,97,4
2,5,13,105,4
2,5,14,79,4
2,5,15,35,2
2,5,16,27,2
2,5,17,33,2
2,5,18,46,3
2,5,19,70,4
2,5,20,60,3
2,5,21,18,2
2,5,22,0,0
2,5,23,0,0
2,6,0,0,0
2,6,1,0,0
2,6,2,0,0
2,6,3,0,0
2,6,4,0,0
2,6,5,0,0
2,6,6,0,0
2,6,7,0,0
2,6,8,0,0
2,6,9,0,0
2,6,10,0,0
2,6,11,0,0
2,6,12,0,0
2,6,13,0,0
2,6,14,0,0
2,6,15,0,0
2,6,16,0,0
2,6,17,0,0
2,6,18,0,0
2,6,19,0,0
2,6,20,0,0
2,6,21,0,0
2,6,22,0,0
2,6,23,0,0
2,0,0,0,0
2,0,1,0,0
2,0,2,0,0
2,0,3,0,0
2,0,4,0,0
2,0,5,0,0
2,0,6,0,0
2,0,7,0,0
2,0,8,0,0
2,0,9,36,2
2,0,10,51,2
2,0,11,75,3
2,0,12,90,4
2,0,13,99,4
2,0,14,78,3
2,0,15,31,2
2,0,16,35,2
2,0,17,41,2
2,0,18,60,3
2,0,19,86,4
2,0,20,58,2
2,0,21,24,3
2,0,22,0,0
2,0,23,0,0
2,1,0,0,0
2,1,1,0,0
2,1,2,0,0
2,1,3,0,0
2,1,4,0,0
2,1,5,0,0
2,1,6,0,0
2,1,7,0,0
2,1,8,0,0
2,1,9,38,2
2,1,10,51,3
2,1,11,81,4
2,1,12,93,4
2,1,13,101,4
2,1,14,76,3
2,1,15,36,2
2,1,16,27,1
2,1,17,39,2
2,1,18,55,3
2,1,19,82,4
2,1,20,65,3
2,1,21,12,2
2,1,22,0,0
2,1,23,0,0
2,2,0,0,0
2,2,1,0,0
2,2,2,0,0
2,2,3,0,0
2,2,4,0,0
2,2,5,0,0
2,2,6,0,0
2,2,7,0,0
2,2,8,0,0
2,2,9,41,2
2,2,10,47,2
2,2,11,73,3
2,2,12,94,4
2,2,13,93,4
2,2,14,75,3
2,2,15,31,2
2,2,16,20,1
2,2,17,34,2
2,2,18,55,3
2,2,19,78,4
2,2,20,78,3
2,2,21,18,2
2,2,22,0,0
2,2,23,0,0
2,3,0,0,0
2,3,1,0,0
2,3,2,0,0
2,3,3,0,0
2,3,4,0,0
2,3,5,0,0
2,3,6,0,0
2,3,7,0,0
2,3,8,0,0
2,3,9,40,2
2,3,10,49,2
2,3,11,71,4
2,3,12,85,4
2,3,13,96,4
2,3,14,82,3
2,3,15,30,2
2,3,16,26,1
2,3,17,38,2
2,3,18,60,3
2,3,19,71,3
2,3,20,71,3
2,3,21,16,2
2,3,22,0,0
2,3,23,0,0
2,4,0,0,0
2,4,1,0,0
2,4,2,0,0
2,4,3,0,0
2,4,4,0,0
2,4,5,0,0
2,4,6,0,0
2,4,7,0,0
2,4,8,0,0
2,4,9,39,2
2,4,10,57,3
2,4,11,79,4
2,4,12,92,4
2,4,13,99,4
2,4,14,87,4
2,4,15,30,2
2,4,16,31,1
2,4,17,35,2
2,4,18,57,3
2,4,19,73,4
2,4,20,68,3
2,4,21,16,2
2,4,22,0,0
2,4,23,0,0
2,5,0,0,0
2,5,1,0,0
2,5,2,0,0
2,5,3,0,0
2,5,4,0,0
2,5,5,0,0
2,5,6,0,0
2,5,7,0,0
2,5,8,0,0
2,5,9,24,2
2,5,10,57,3
2,5,11,80,4
2,5,12,96,4
2,5,13,94,4
2,5,14,79,4
2,5,15,34,2
2,5,16,28,2
2,5,17,26,2
2,5,18,41,2
2,5,19,60,3
2,5,20,65,3
2,5,21,17,2
2,5,22,0,0
2,5,23,0,0
2,6,0,0,0
2,6,1,0,0
2,6,2,0,0
2,6,3,0,0
2,6,4,0,0
2,6,5,0,0
2,6,6,0,0
2,6,7,0,0
2,6,8,0,0
2,6,9,0,0
2,6,10,0,0
2,6,11,0,0
2,6,12,0,0
2,6,13,0,0
2,6,14,0,0
2,6,15,0,0
2,6,16,0,0
2,6,17,0,0
2,6,18,0,0
2,6,19,0,0
2,6,20,0,0
2,6,21,0,0
2,6,22,0,0
2,6,23,0,0
2,0,0,0,0
2,0,1,0,0
2,0,2,0,0
2,0,3,0,0
2,0,4,0,0
2,0,5,0,0
2,0,6,0,0
2,0,7,0,0
2,0,8,0,0
2,0,9,40,2
2,0,10,56,3
2,0,11,76,4
2,0,12,93,4
2,0,13,97,4
2,0,14,82,4
2,0,15,30,2
2,0,16,28,2
2,0,17,40,2
2,0,18,62,3
2,0,19,79,4
2,0,20,64,3
2,0,21,18,2
2,0,22,0,0
2,0,23,0,0
3,1,0,0,0
3,1,1,0,0
3,1,2,0,0
3,1,3,0,0
3,1,4,0,0
3,1,5,0,0
3,1,6,0,0
3,1,7,0,0
3,1,8,0,0
3,1,9,39,2
3,1,10,55,3
3,1,11,82,3
3,1,12,97,4
3,1,13,99,4
3,1,14,82,3
3,1,15,31,2
3,1,16,26,2
3,1,17,41,2
3,1,18,50,2
3,1,19,88,4
3,1,20,78,4
3,1,21,15,2
3,1,22,0,0
3,1,23,0,0
3,2,0,0,0
3,2,1,0,0
3,2,2,0,0
3,2,3,0,0
3,2,4,0,0
3,2,5,0,0
3,2,6,0,0
3,2,7,0,0
3,2,8,0,0
3,2,9,42,2
3,2,10,53,2
3,2,11,74,3
3,2,12,92,4
3,2,13,93,4
3,2,14,79,3
3,2,15,34,2
3,2,16,28,1
3,2,17,37,2
3,2,18,58,3
3,2,19,72,3
3,2,20,77,3
3,2,21,18,2
3,2,22,0,0
3,2,23,0,0
3,3,0,0,0
3,3,1,0,0
3,3,2,0,0
3,3,3,0,0
3,3,4,0,0
3,3,5,0,0
3,3,6,0,0
3,3,7,0,0
3,3,8,0,0
3,3,9,40,2
3,3,10,47,2
3,3,11,72,3
3,3,12,86,4
3,3,13,105,4
3,3,14,76,3
3,3,15,33,2
3,3,16,28,1
3,3,17,38,2
3,3,18,55,3
3,3,19,69,3
3,3,20,71,3
3,3,21,17,2
3,3,22,0,0
3,3,23,0,0
3,4,0,0,0
3,4,1,0,0
3,4,2,0,0
3,4,3,0,0
3,4,4,0,0
3,4,5,0,0
3,4,6,0,0
3,4,7,0,0
3,4,8,0,0
3,4,9,41,2
3,4,10,60,3
3,4,11,88,4
3,4,12,93,4
3,4,13,98,4
3,4,14,89,4
3,4,15,35,2
3,4,16,34,2
3,4,17,34,2
3,4,18,54,3
3,4,19,74,4
3,4,20,68,4
3,4,21,14,2
3,4,22,0,0
3,4,23,0,0
3,5,0,0,0
3,5,1,0,0
3,5,2,0,0
3,5,3,0,0
3,5,4,0,0
3,5,5,0,0
3,5,6,0,0
3,5,7,0,0
3,5,8,0,0
3,5,9,26,2
3,5,10,58,3
3,5,11,78,4
3,5,12,96,4
3,5,13,109,4
3,5,14,78,4
3,5,15,25,2
3,5,16,23,2
3,5,17,30,2
3,5,18,44,2
3,5,19,65,3
3,5,20,70,3
3,5,21,14,2
3,5,22,0,0
3,5,23,0,0
3,6,0,0,0
3,6,1,0,0
3,6,2,0,0
3,6,3,0,0
3,6,4,0,0
3,6,5,0,0
3,6,6,0,0
3,6,7,0,0
3,6,8,0,0
3,6,9,0,0
3,6,10,0,0
3,6,11,0,0
3,6,12,0,0
3,6,13,0,0
3,6,14,0,0
3,6,15,0,0
3,6,16,0,0
3,6,17,0,0
3,6,18,0,0
3,6,19,0,0
3,6,20,0,0
3,6,21,0,0
3,6,22,0,0
3,6,23,0,0
3,0,0,0,0
3,0,1,0,0
3,0,2,0,0
3,0,3,0,0
3,0,4,0,0
3,0,5,0,0
3,0,6,0,0
3,0,7,0,0
3,0,8,0,0
3,0,9,41,2
3,0,10,49,2
3,0,11,75,3
3,0,12,84,3
3,0,13,101,4
3,0,14,81,3
3,0,15,33,2
3,0,16,27,1
3,0,17,37,2
3,0,18,57,3
3,0,19,78,4
3,0,20,81,4
3,0,21,19,3
3,0,22,0,0
3,0,23,0,0
3,1,0,0,0
3,1,1,0,0
3,1,2,0,0
3,1,3,0,0
3,1,4,0,0
3,1,5,0,0
3,1,6,0,0
3,1,7,0,0
3,1,8,0,0
3,1,9,44,2
3,1,10,54,2
3,1,11,82,4
3,1,12,98,4
3,1,13,96,4
3,1,14,85,4
3,1,15,36,2
3,1,16,28,1
3,1,17,40,2
3,1,18,54,3
3,1,19,76,4
3,1,20,82,4
3,1,21,18,2
3,1,22,0,0
3,1,23,0,0
3,2,0,0,0
3,2,1,0,0
3,2,2,0,0
3,2,3,0,0
3,2,4,0,0
3,2,5,0,0
3,2,6,0,0
3,2,7,0,0
3,2,8,0,0
3,2,9,45,2
3,2,10,56,3
3,2,11,78,4
3,2,12,93,4
3,2,13,98,4
3,2,14,82,3
3,2,15,37,2
3,2,16,32,2
3,2,17,40,2
3,2,18,58,3
3,2,19,73,4
3,2,20,76,4
3,2,21,14,2
3,2,22,0,0
3,2,23,0,0
3,3,0,0,0
3,3,1,0,0
3,3,2,0,0
3,3,3,0,0
3,3,4,0,0
3,3,5,0,0
3,3,6,0,0
3,3,7,0,0
3,3,8,0,0
3,3,9,44,2
3,3,10,52,3
3,3,11,72,4
3,3,12,92,4
3,3,13,103,4
3,3,14,80,3
3,3,15,34,2
3,3,16,34,2
3,3,17,43,2
3,3,18,56,3
3,3,19,71,4
3,3,20,77,4
3,3,21,18,3
3,3,22,0,0
3,3,23,0,0
3,4,0,0,0
3,4,1,0,0
3,4,2,0,0
3,4,3,0,0
3,4,4,0,0
3,4,5,0,0
3,4,6,0,0
3,4,7,0,0
3,4,8,0,0
3,4,9,48,2
3,4,10,61,4
3,4,11,82,4
3,4,12,96,4
3,4,13,101,4
3,4,14,87,4
3,4,15,44,4
3,4,16,34,3
3,4,17,50,3
3,4,18,60,4
3,4,19,79,4
3,4,20,82,4
3,4,21,25,3
3,4,22,0,0
3,4,23,0,0
3,5,0,0,0
3,5,1,0,0
3,5,2,0,0
3,5,3,0,0
3,5,4,0,0
3,5,5,0,0
3,5,6,0,0
3,5,7,0,0
3,5,8,0,0
3,5,9,42,3
3,5,10,66,4
3,5,11,84,4
3,5,12,100,4
3,5,13,99,4
3,5,14,76,4
3,5,15,36,3
3,5,16,26,2
3,5,17,32,2
3,5,18,42,2
3,5,19,63,3
3,5,20,73,4
3,5,21,15,2
3,5,22,0,0
3,5,23,0,0
3,6,0,0,0
3,6,1,0,0
3,6,2,0,0
3,6,3,0,0
3,6,4,0,0
3,6,5,0,0
3,6,6,0,0
3,6,7,0,0
3,6,8,0,0
3,6,9,0,0
3,6,10,0,0
3,6,11,0,0
3,6,12,0,0
3,6,13,0,0
3,6,14,0,0
3,6,15,0,0
3,6,16,0,0
3,6,17,0,0
3,6,18,0,0
3,6,19,0,0
3,6,20,0,0
3,6,21,0,0
3,6,22,0,0
3,6,23,0,0
3,0,0,0,0
3,0,1,0,0
3,0,2,0,0
3,0,3,0,0
3,0,4,0,0
3,0,5,0,0
3,0,6,0,0
3,0,7,0,0
3,0,8,0,0
3,0,9,44,2
3,0,10,55,3
3,0,11,78,4
3,0,12,91,4
3,0,13,99,4
3,0,14,78,3
3,0,15,38,2
3,0,16,29,2
3,0,17,45,2
3,0,18,59,3
3,0,19,86,4
3,0,20,79,4
3,0,21,22,3
3,0,22,0,0
3,0,23,0,0
3,1,0,0,0
3,1,1,0,0
3,1,2,0,0
3,1,3,0,0
3,1,4,0,0
3,1,5,0,0
3,1,6,0,0
3,1,7,0,0
3,1,8,0,0
3,1,9,40,2
3,1,10,51,3
3,1,11,75,4
3,1,12,85,4
3,1,13,94,4
3,1,14,77,3
3,1,15,30,2
3,1,16,26,2
3,1,17,41,2
3,1,18,50,2
3,1,19,67,4
3,1,20,60,3
3,1,21,9,2
3,1,22,0,0
3,1,23,0,0
3,2,0,0,0
3,2,1,0,0
3,2,2,0,0
3,2,3,0,0
3,2,4,0,0
3,2,5,0,0
3,2,6,0,0
3,2,7,0,0
3,2,8,0,0
3,2,9,46,2
3,2,10,56,3
3,2,11,69,4
3,2,12,91,4
3,2,13,93,4
3,2,14,72,3
3,2,15,33,2
3,2,16,29,2
3,2,17,40,2
3,2,18,50,2
3,2,19,71,3
3,2,20,64,3
3,2,21,19,3
3,2,22,0,0
3,2,23,0,0
3,3,0,0,0
3,3,1,0,0
3,3,2,0,0
3,3,3,0,0
3,3,4,0,0
3,3,5,0,0
3,3,6,0,0
3,3,7,0,0
3,3,8,0,0
3,3,9,42,2
3,3,10,48,3
3,3,11,72,4
3,3,12,81,4
3,3,13,91,4
3,3,14,73,3
3,3,15,24,2
3,3,16,20,1
3,3,17,41,2
3,3,18,57,3
3,3,19,69,3
3,3,20,61,3
3,3,21,16,2
3,3,22,0,0
3,3,23,0,0
3,4,0,0,0
3,4,1,0,0
3,4,2,0,0
3,4,3,0,0
3,4,4,0,0
3,4,5,0,0
3,4,6,0,0
3,4,7,0,0
3,4,8,0,0
3,4,9,44,2
3,4,10,60,4
3,4,11,77,4
3,4,12,86,4
3,4,13,94,4
3,4,14,73,4
3,4,15,26,2
3,4,16,28,2
3,4,17,37,2
3,4,18,54,3
3,4,19,66,3
3,4,20,58,3
3,4,21,14,2
3,4,22,0,0
3,4,23,0,0
3,5,0,0,0
3,5,1,0,0
3,5,2,0,0
3,5,3,0,0
3,5,4,0,0
3,5,5,0,0
3,5,6,0,0
3,5,7,0,0
3,5,8,0,0
3,5,9,32,2
3,5,10,53,3
3,5,11,78,4
3,5,12,90,4
3,5,13,98,4
3,5,14,69,4
3,5,15,25,2
3,5,16,25,2
3,5,17,25,2
3,5,18,40,2
3,5,19,56,3
3,5,20,54,2
3,5,21,16,3
3,5,22,0,0
3,5,23,0,0
3,6,0,0,0
3,6,1,0,0
3,6,2,0,0
3,6,3,0,0
3,6,4,0,0
3,6,5,0,0
3,6,6,0,0
3,6,7,0,0
3,6,8,0,0
3,6,9,0,0
3,6,10,0,0
3,6,11,0,0
3,6,12,0,0
3,6,13,0,0
3,6,14,0,0
3,6,15,0,0
3,6,16,0,0
3,6,17,0,0
3,6,18,0,0
3,6,19,0,0
3,6,20,0,0
3,6,21,0,0
3,6,22,0,0
3,6,23,0,0
3,0,0,0,0
3,0,1,0,0
3,0,2,0,0
3,0,3,0,0
3,0,4,0,0
3,0,5,0,0
3,0,6,0,0
3,0,7,0,0
3,0,8,0,0
3,0,9,44,2
3,0,10,57,3
3,0,11,73,4
3,0,12,83,4
3,0,13,95,4
3,0,14,79,3
3,0,15,34,2
3,0,16,28,2
3,0,17,36,2
3,0,18,58,3
3,0,19,80,4
3,0,20,67,3
3,0,21,13,2
3,0,22,0,0
3,0,23,0,0
3,1,0,0,0
3,1,1,0,0
3,1,2,0,0
3,1,3,0,0
3,1,4,0,0
3,1,5,0,0
3,1,6,0,0
3,1,7,0,0
3,1,8,0,0
3,1,9,32,2
3,1,10,47,3
3,1,11,69,4
3,1,12,77,4
3,1,13,81,4
3,1,14,67,3
3,1,15,31,2
3,1,16,25,2
3,1,17,32,2
3,1,18,48,3
3,1,19,62,3
3,1,20,60,3
3,1,21,14,2
3,1,22,0,0
3,1,23,0,0
3,2,0,0,0
3,2,1,0,0
3,2,2,0,0
3,2,3,0,0
3,2,4,0,0
3,2,5,0,0
3,2,6,0,0
3,2,7,0,0
3,2,8,0,0
3,2,9,36,2
3,2,10,54,3
3,2,11,74,4
3,2,12,88,4
3,2,13,91,4
3,2,14,73,3
3,2,15,27,2
3,2,16,24,1
3,2,17,37,2
3,2,18,50,3
3,2,19,70,4
3,2,20,65,4
3,2,21,11,2
3,2,22,0,0
3,2,23,0,0
3,3,0,0,0
3,3,1,0,0
3,3,2,0,0
3,3,3,0,0
3,3,4,0,0
3,3,5,0,0
3,3,6,0,0
3,3,7,0,0
3,3,8,0,0
3,3,9,33,2
3,3,10,49,3
3,3,11,72,4
3,3,12,89,4
3,3,13,85,4
3,3,14,66,3
3,3,15,22,1
3,3,16,23,2
3,3,17,38,2
3,3,18,51,3
3,3,19,66,3
3,3,20,62,3
3,3,21,13,2
3,3,22,0,0
3,3,23,0,0
3,4,0,0,0
3,4,1,0,0
3,4,2,0,0
3,4,3,0,0
3,4,4,0,0
3,4,5,0,0
3,4,6,0,0
3,4,7,0,0
3,4,8,0,0
3,4,9,40,2
3,4,10,57,4
3,4,11,83,4
3,4,12,86,4
3,4,13,96,4
3,4,14,81,3
3,4,15,31,2
3,4,16,27,2
3,4,17,37,2
3,4,18,53,3
3,4,19,70,4
3,4,20,68,3
3,4,21,23,3
3,4,22,0,0
3,4,23,0,0
3,5,0,0,0
3,5,1,0,0
3,5,2,0,0
3,5,3,0,0
3,5,4,0,0
3,5,5,0,0
3,5,6,0,0
3,5,7,0,0
3,5,8,0,0
3,5,9,28,2
3,5,10,58,4
3,5,11,78,4
3,5,12,94,4
3,5,13,93,4
3,5,14,67,4
3,5,15,28,2
3,5,16,28,2
3,5,17,30,2
3,5,18,37,2
3,5,19,59,3
3,5,20,64,3
3,5,21,13,2
3,5,22,0,0
3,5,23,0,0
3,6,0,0,0
3,6,1,0,0
3,6,2,0,0
3,6,3,0,0
3,6,4,0,0
3,6,5,0,0
3,6,6,0,0
3,6,7,0,0
3,6,8,0,0
3,6,9,0,0
3,6,10,0,0
3,6,11,0,0
3,6,12,0,0
3,6,13,0,0
3,6,14,0,0
3,6,15,0,0
3,6,16,0,0
3,6,17,0,0
3,6,18,0,0
3,6,19,0,0
3,6,20,0,0
3,6,21,0,0
3,6,22,0,0
3,6,23,0,0
3,0,0,0,0
3,0,1,0,0
3,0,2,0,0
3,0,3,0,0
3,0,4,0,0
3,0,5,0,0
3,0,6,0,0
3,0,7,0,0
3,0,8,0,0
3,0,9,33,2
3,0,10,48,3
3,0,11,61,3
3,0,12,86,4
3,0,13,85,4
3,0,14,71,3
3,0,15,32,2
3,0,16,28,2
3,0,17,36,2
3,0,18,49,2
3,0,19,67,4
3,0,20,65,3
3,0,21,18,2
3,0,22,0,0
3,0,23,0,0
3,1,0,0,0
3,1,1,0,0
3,1,2,0,0
3,1,3,0,0
3,1,4,0,0
3,1,5,0,0
3,1,6,0,0
3,1,7,0,0
3,1,8,0,0
3,1,9,32,2
3,1,10,47,3
3,1,11,69,4
3,1,12,77,4
3,1,13,81,4
3,1,14,67,3
3,1,15,31,2
3,1,16,25,2
3,1,17,32,2
3,1,18,48,3
3,1,19,62,3
3,1,20,60,3
3,1,21,14,2
3,1,22,0,0
3,1,23,0,0
3,2,0,0,0
3,2,1,0,0
3,2,2,0,0
3,2,3,0,0
3,2,4,0,0
3,2,5,0,0
3,2,6,0,0
3,2,7,0,0
3,2,8,0,0
3,2,9,36,2
3,2,10,54,3
3,2,11,74,4
3,2,12,88,4
3,2,13,91,4
3,2,14,73,3
3,2,15,27,2
3,2,16,24,1
3,2,17,37,2
3,2,18,50,3
3,2,19,70,4
3,2,20,65,4
3,2,21,11,2
3,2,22,0,0
3,2,23,0,0
3,3,0,0,0
3,3,1,0,0
3,3,2,0,0
3,3,3,0,0
3,3,4,0,0
3,3,5,0,0
3,3,6,0,0
3,3,7,0,0
3,3,8,0,0
3,3,9,33,2
3,3,10,49,3
3,3,11,72,4
3,3,12,89,4
3,3,13,85,4
3,3,14,66,3
3,3,15,22,1
3,3,16,23,2
3,3,17,38,2
3,3,18,51,3
3,3,19,66,3
3,3,20,62,3
3,3,21,13,2
3,3,22,0,0
3,3,23,0,0
4,4,0,0,0
4,4,1,0,0
4,4,2,0,0
4,4,3,0,0
4,4,4,0,0
4,4,5,0,0
4,4,6,0,0
4,4,7,0,0
4,4,8,0,0
4,4,9,30,2
4,4,10,51,4
4,4,11,67,4
4,4,12,76,4
4,4,13,95,4
4,4,14,73,4
4,4,15,31,2
4,4,16,28,2
4,4,17,39,3
4,4,18,43,3
4,4,19,61,4
4,4,20,62,3
4,4,21,17,2
4,4,22,0,0
4,4,23,0,0
4,5,0,0,0
4,5,1,0,0
4,5,2,0,0
4,5,3,0,0
4,5,4,0,0
4,5,5,0,0
4,5,6,0,0
4,5,7,0,0
4,5,8,0,0
4,5,9,27,2
4,5,10,48,3
4,5,11,75,4
4,5,12,83,4
4,5,13,94,4
4,5,14,69,4
4,5,15,26,2
4,5,16,22,2
4,5,17,26,2
4,5,18,39,3
4,5,19,53,3
4,5,20,51,3
4,5,21,16,2
4,5,22,0,0
4,5,23,0,0
4,6,0,0,0
4,6,1,0,0
4,6,2,0,0
4,6,3,0,0
4,6,4,0,0
4,6,5,0,0
4,6,6,0,0
4,6,7,0,0
4,6,8,0,0
4,6,9,0,0
4,6,10,0,0
4,6,11,0,0
4,6,12,0,0
4,6,13,0,0
4,6,14,0,0
4,6,15,0,0
4,6,16,0,0
4,6,17,0,0
4,6,18,0,0
4,6,19,0,0
4,6,20,0,0
4,6,21,0,0
4,6,22,0,0
4,6,23,0,0
4,0,0,0,0
4,0,1,0,0
4,0,2,0,0
4,0,3,0,0
4,0,4,0,0
4,0,5,0,0
4,0,6,0,0
4,0,7,0,0
4,0,8,0,0
4,0,9,37,2
4,0,10,47,3
4,0,11,71,4
4,0,12,79,4
4,0,13,90,4
4,0,14,72,3
4,0,15,26,2
4,0,16,29,2
4,0,17,40,2
4,0,18,50,3
4,0,19,80,4
4,0,20,79,4
4,0,21,19,3
4,0,22,0,0
4,0,23,0,0
4,1,0,0,0
4,1,1,0,0
4,1,2,0,0
4,1,3,0,0
4,1,4,0,0
4,1,5,0,0
4,1,6,0,0
4,1,7,0,0
4,1,8,0,0
4,1,9,30,1
4,1,10,56,3
4,1,11,66,4
4,1,12,82,4
4,1,13,88,4
4,1,14,72,4
4,1,15,28,2
4,1,16,29,2
4,1,17,33,2
4,1,18,60,4
4,1,19,71,4
4,1,20,67,3
4,1,21,20,3
4,1,22,0,0
4,1,23,0,0
4,2,0,0,0
4,2,1,0,0
4,2,2,0,0
4,2,3,0,0
4,2,4,0,0
4,2,5,0,0
4,2,6,0,0
4,2,7,0,0
4,2,8,0,0
4,2,9,36,2
4,2,10,48,3
4,2,11,68,3
4,2,12,84,4
4,2,13,86,4
4,2,14,70,3
4,2,15,25,1
4,2,16,22,2
4,2,17,30,2
4,2,18,45,3
4,2,19,64,3
4,2,20,64,2
4,2,21,15,2
4,2,22,0,0
4,2,23,0,0
4,3,0,0,0
4,3,1,0,0
4,3,2,0,0
4,3,3,0,0
4,3,4,0,0
4,3,5,0,0
4,3,6,0,0
4,3,7,0,0
4,3,8,0,0
4,3,9,30,1
4,3,10,48,3
4,3,11,67,4
4,3,12,77,4
4,3,13,92,4
4,3,14,73,3
4,3,15,25,1
4,3,16,19,1
4,3,17,34,2
4,3,18,43,2
4,3,19,64,3
4,3,20,60,2
4,3,21,23,4
4,3,22,0,0
4,3,23,0,0
4,4,0,0,0
4,4,1,0,0
4,4,2,0,0
4,4,3,0,0
4,4,4,0,0
4,4,5,0,0
4,4,6,0,0
4,4,7,0,0
4,4,8,0,0
4,4,9,36,2
4,4,10,57,4
4,4,11,67,4
4,4,12,78,4
4,4,13,90,4
4,4,14,73,4
4,4,15,29,2
4,4,16,30,2
4,4,17,40,2
4,4,18,43,2
4,4,19,60,4
4,4,20,64,3
4,4,21,14,2
4,4,22,0,0
4,4,23,0,0
4,5,0,0,0
4,5,1,0,0
4,5,2,0,0
4,5,3,0,0
4,5,4,0,0
4,5,5,0,0
4,5,6,0,0
4,5,7,0,0
4,5,8,0,0
4,5,9,29,2
4,5,10,54,3
4,5,11,79,4
4,5,12,88,4
4,5,13,87,4
4,5,14,68,4
4,5,15,27,2
4,5,16,32,2
4,5,17,26,2
4,5,18,38,3
4,5,19,52,3
4,5,20,57,3
4,5,21,22,3
4,5,22,0,0
4,5,23,0,0
4,6,0,0,0
4,6,1,0,0
4,6,2,0,0
4,6,3,0,0
4,6,4,0,0
4,6,5,0,0
4,6,6,0,0
4,6,7,0,0
4,6,8,0,0
4,6,9,0,0
4,6,10,0,0
4,6,11,0,0
4,6,12,0,0
4,6,13,0,0
4,6,14,0,0
4,6,15,0,0
4,6,16,0,0
4,6,17,0,0
4,6,18,0,0
4,6,19,0,0
4,6,20,0,0
4,6,21,0,0
4,6,22,0,0
4,6,23,0,0
4,0,0,0,0
4,0,1,0,0
4,0,2,0,0
4,0,3,0,0
4,0,4,0,0
4,0,5,0,0
4,0,6,0,0
4,0,7,0,0
4,0,8,0,0
4,0,9,39,2
4,0,10,46,3
4,0,11,67,4
4,0,12,84,4
4,0,13,95,4
4,0,14,75,3
4,0,15,29,2
4,0,16,24,2
4,0,17,37,2
4,0,18,50,3
4,0,19,72,4
4,0,20,70,3
4,0,21,19,3
4,0,22,0,0
4,0,23,0,0
4,1,0,0,0
4,1,1,0,0
4,1,2,0,0
4,1,3,0,0
4,1,4,0,0
4,1,5,0,0
4,1,6,0,0
4,1,7,0,0
4,1,8,0,0
4,1,9,35,2
4,1,10,49,3
4,1,11,69,4
4,1,12,80,4
4,1,13,97,4
4,1,14,72,3
4,1,15,28,1
4,1,16,28,2
4,1,17,37,2
4,1,18,46,3
4,1,19,64,3
4,1,20,65,3
4,1,21,20,3
4,1,22,0,0
4,1,23,0,0
4,2,0,0,0
4,2,1,0,0
4,2,2,0,0
4,2,3,0,0
4,2,4,0,0
4,2,5,0,0
4,2,6,0,0
4,2,7,0,0
4,2,8,0,0
4,2,9,34,2
4,2,10,50,3
4,2,11,71,4
4,2,12,81,4
4,2,13,85,4
4,2,14,70,3
4,2,15,31,2
4,2,16,32,3
4,2,17,42,3
4,2,18,49,3
4,2,19,70,4
4,2,20,62,3
4,2,21,21,2
4,2,22,0,0
4,2,23,0,0
4,3,0,0,0
4,3,1,0,0
4,3,2,0,0
4,3,3,0,0
4,3,4,0,0
4,3,5,0,0
4,3,6,0,0
4,3,7,0,0
4,3,8,0,0
4,3,9,0,0
4,3,10,0,0
4,3,11,0,0
4,3,12,0,0
4,3,13,0,0
4,3,14,0,0
4,3,15,0,0
4,3,16,0,0
4,3,17,0,0
4,3,18,0,0
4,3,19,0,0
4,3,20,0,0
4,3,21,0,0
4,3,22,0,0
4,3,23,0,0
4,4,0,0,0
4,4,1,0,0
4,4,2,0,0
4,4,3,0,0
4,4,4,0,0
4,4,5,0,0
4,4,6,0,0
4,4,7,0,0
4,4,8,0,0
4,4,9,0,0
4,4,10,0,0
4,4,11,0,0
4,4,12,0,0
4,4,13,0,0
4,4,14,0,0
4,4,15,0,0
4,4,16,0,0
4,4,17,0,0
4,4,18,0,0
4,4,19,0,0
4,4,20,0,0
4,4,21,0,0
4,4,22,0,0
4,4,23,0,0
4,5,0,0,0
4,5,1,0,0
4,5,2,0,0
4,5,3,0,0
4,5,4,0,0
4,5,5,0,0
4,5,6,0,0
4,5,7,0,0
4,5,8,0,0
4,5,9,29,2
4,5,10,54,3
4,5,11,71,4
4,5,12,81,4
4,5,13,86,4
4,5,14,58,3
4,5,15,24,2
4,5,16,24,2
4,5,17,25,2
4,5,18,38,2
4,5,19,53,3
4,5,20,49,3
4,5,21,21,3
4,5,22,0,0
4,5,23,0,0
4,6,0,0,0
4,6,1,0,0
4,6,2,0,0
4,6,3,0,0
4,6,4,0,0
4,6,5,0,0
4,6,6,0,0
4,6,7,0,0
4,6,8,0,0
4,6,9,0,0
4,6,10,0,0
4,6,11,0,0
4,6,12,0,0
4,6,13,0,0
4,6,14,0,0
4,6,15,0,0
4,6,16,0,0
4,6,17,0,0
4,6,18,0,0
4,6,19,0,0
4,6,20,0,0
4,6,21,0,0
4,6,22,0,0
4,6,23,0,0
4,0,0,0,0
4,0,1,0,0
4,0,2,0,0
4,0,3,0,0
4,0,4,0,0
4,0,5,0,0
4,0,6,0,0
4,0,7,0,0
4,0,8,0,0
4,0,9,35,2
4,0,10,49,3
4,0,11,64,3
4,0,12,87,4
4,0,13,96,4
4,0,14,68,3
4,0,15,24,1
4,0,16,18,1
4,0,17,33,2
4,0,18,53,3
4,0,19,67,4
4,0,20,70,3
4,0,21,20,2
4,0,22,0,0
4,0,23,0,0
4,1,0,0,0
4,1,1,0,0
4,1,2,0,0
4,1,3,0,0
4,1,4,0,0
4,1,5,0,0
4,1,6,0,0
4,1,7,0,0
4,1,8,0,0
4,1,9,39,2
4,1,10,56,3
4,1,11,67,4
4,1,12,83,4
4,1,13,89,4
4,1,14,67,3
4,1,15,28,1
4,1,16,23,1
4,1,17,30,2
4,1,18,50,3
4,1,19,62,3
4,1,20,59,2
4,1,21,20,2
4,1,22,0,0
4,1,23,0,0
4,2,0,0,0
4,2,1,0,0
4,2,2,0,0
4,2,3,0,0
4,2,4,0,0
4,2,5,0,0
4,2,6,0,0
4,2,7,0,0
4,2,8,0,0
4,2,9,37,2
4,2,10,50,3
4,2,11,70,4
4,2,12,81,4
4,2,13,88,4
4,2,14,67,3
4,2,15,32,2
4,2,16,28,2
4,2,17,33,2
4,2,18,47,2
4,2,19,64,3
4,2,20,65,3
4,2,21,24,3
4,2,22,0,0
4,2,23,0,0
4,3,0,0,0
4,3,1,0,0
4,3,2,0,0
4,3,3,0,0
4,3,4,0,0
4,3,5,0,0
4,3,6,0,0
4,3,7,0,0
4,3,8,0,0
4,3,9,31,2
4,3,10,52,2
4,3,11,70,4
4,3,12,82,4
4,3,13,82,4
4,3,14,63,3
4,3,15,22,1
4,3,16,20,2
4,3,17,31,2
4,3,18,49,2
4,3,19,59,3
4,3,20,63,3
4,3,21,18,3
4,3,22,0,0
4,3,23,0,0
4,4,0,0,0
4,4,1,0,0
4,4,2,0,0
4,4,3,0,0
4,4,4,0,0
4,4,5,0,0
4,4,6,0,0
4,4,7,0,0
4,4,8,0,0
4,4,9,40,2
4,4,10,59,4
4,4,11,74,4
4,4,12,88,4
4,4,13,91,4
4,4,14,70,4
4,4,15,37,2
4,4,16,31,2
4,4,17,37,3
4,4,18,51,4
4,4,19,71,4
4,4,20,69,4
4,4,21,19,3
4,4,22,0,0
4,4,23,0,0
4,5,0,0,0
4,5,1,0,0
4,5,2,0,0
4,5,3,0,0
4,5,4,0,0
4,5,5,0,0
4,5,6,0,0
4,5,7,0,0
4,5,8,0,0
4,5,9,29,2
4,5,10,52,3
4,5,11,74,4
4,5,12,91,4
4,5,13,88,4
4,5,14,67,4
4,5,15,28,2
4,5,16,19,1
4,5,17,28,2
4,5,18,35,2
4,5,19,47,3
4,5,20,65,3
4,5,21,16,2
4,5,22,0,0
4,5,23,0,0
4,6,0,0,0
4,6,1,0,0
4,6,2,0,0
4,6,3,0,0
4,6,4,0,0
4,6,5,0,0
4,6,6,0,0
4,6,7,0,0
4,6,8,0,0
4,6,9,0,0
4,6,10,0,0
4,6,11,0,0
4,6,12,0,0
4,6,13,0,0
4,6,14,0,0
4,6,15,0,0
4,6,16,0,0
4,6,17,0,0
4,6,18,0,0
4,6,19,0,0
4,6,20,0,0
4,6,21,0,0
4,6,22,0,0
4,6,23,0,0
4,0,0,0,0
4,0,1,0,0
4,0,2,0,0
4,0,3,0,0
4,0,4,0,0
4,0,5,0,0
4,0,6,0,0
4,0,7,0,0
4,0,8,0,0
4,0,9,40,2
4,0,10,53,3
4,0,11,74,4
4,0,12,87,4
4,0,13,98,4
4,0,14,79,3
4,0,15,32,2
4,0,16,30,2
4,0,17,45,2
4,0,18,55,3
4,0,19,85,4
4,0,20,80,4
4,0,21,28,3
4,0,22,0,0
4,0,23,0,0
4,1,0,0,0
4,1,1,0,0
4,1,2,0,0
4,1,3,0,0
4,1,4,0,0
4,1,5,0,0
4,1,6,0,0
4,1,7,0,0
4,1,8,0,0
4,1,9,37,2
4,1,10,58,3
4,1,11,75,4
4,1,12,90,4
4,1,13,90,4
4,1,14,76,3
4,1,15,41,2
4,1,16,24,2
4,1,17,37,2
4,1,18,51,3
4,1,19,76,4
4,1,20,71,3
4,1,21,30,3
4,1,22,0,0
4,1,23,0,0
4,2,0,0,0
4,2,1,0,0
4,2,2,0,0
4,2,3,0,0
4,2,4,0,0
4,2,5,0,0
4,2,6,0,0
4,2,7,0,0
4,2,8,0,0
4,2,9,40,2
4,2,10,44,3
4,2,11,67,4
4,2,12,78,4
4,2,13,82,4
4,2,14,70,3
4,2,15,25,2
4,2,16,24,2
4,2,17,36,2
4,2,18,50,3
4,2,19,68,4
4,2,20,57,2
4,2,21,20,2
4,2,22,0,0
4,2,23,0,0
4,3,0,0,0
4,3,1,0,0
4,3,2,0,0
4,3,3,0,0
4,3,4,0,0
4,3,5,0,0
4,3,6,0,0
4,3,7,0,0
4,3,8,0,0
4,3,9,40,2
4,3,10,51,3
4,3,11,66,3
4,3,12,82,4
4,3,13,86,4
4,3,14,68,3
4,3,15,26,2
4,3,16,25,2
4,3,17,42,2
4,3,18,47,2
4,3,19,63,4
4,3,20,57,2
4,3,21,20,2
4,3,22,0,0
4,3,23,0,0
4,4,0,0,0
4,4,1,0,0
4,4,2,0,0
4,4,3,0,0
4,4,4,0,0
4,4,5,0,0
4,4,6,0,0
4,4,7,0,0
4,4,8,0,0
4,4,9,40,2
4,4,10,59,4
4,4,11,74,4
4,4,12,88,4
4,4,13,91,4
4,4,14,70,4
4,4,15,37,2
4,4,16,31,2
4,4,17,37,3
4,4,18,51,4
4,4,19,71,4
4,4,20,69,4
4,4,21,19,3
4,4,22,0,0
4,4,23,0,0
4,5,0,0,0
4,5,1,0,0
4,5,2,0,0
4,5,3,0,0
4,5,4,0,0
4,5,5,0,0
4,5,6,0,0
4,5,7,0,0
4,5,8,0,0
4,5,9,29,2
4,5,10,52,3
4,5,11,74,4
4,5,12,91,4
4,5,13,88,4
4,5,14,67,4
4,5,15,28,2
4,5,16,19,1
4,5,17,28,2
4,5,18,35,2
4,5,19,47,3
4,5,20,65,3
4,5,21,16,2
4,5,22,0,0
4,5,23,0,0
5,6,0,0,0
5,6,1,0,0
5,6,2,0,0
5,6,3,0,0
5,6,4,0,0
5,6,5,0,0
5,6,6,0,0
5,6,7,0,0
5,6,8,0,0
5,6,9,0,0
5,6,10,0,0
5,6,11,0,0
5,6,12,0,0
5,6,13,0,0
5,6,14,0,0
5,6,15,0,0
5,6,16,0,0
5,6,17,0,0
5,6,18,0,0
5,6,19,0,0
5,6,20,0,0
5,6,21,0,0
5,6,22,0,0
5,6,23,0,0
5,0,0,0,0
5,0,1,0,0
5,0,2,0,0
5,0,3,0,0
5,0,4,0,0
5,0,5,0,0
5,0,6,0,0
5,0,7,0,0
5,0,8,0,0
5,0,9,0,0
5,0,10,0,0
5,0,11,0,0
5,0,12,0,0
5,0,13,0,0
5,0,14,0,0
5,0,15,0,0
5,0,16,0,0
5,0,17,0,0
5,0,18,0,0
5,0,19,0,0
5,0,20,0,0
5,0,21,0,0
5,0,22,0,0
5,0,23,0,0
5,1,0,0,0
5,1,1,0,0
5,1,2,0,0
5,1,3,0,0
5,1,4,0,0
5,1,5,0,0
5,1,6,0,0
5,1,7,0,0
5,1,8,0,0
5,1,9,43,2
5,1,10,53,3
5,1,11,76,4
5,1,12,88,4
5,1,13,100,4
5,1,14,79,3
5,1,15,31,2
5,1,16,26,1
5,1,17,40,2
5,1,18,52,2
5,1,19,79,4
5,1,20,73,3
5,1,21,17,2
5,1,22,0,0
5,1,23,0,0
5,2,0,0,0
5,2,1,0,0
5,2,2,0,0
5,2,3,0,0
5,2,4,0,0
5,2,5,0,0
5,2,6,0,0
5,2,7,0,0
5,2,8,0,0
5,2,9,41,2
5,2,10,50,3
5,2,11,75,4
5,2,12,87,4
5,2,13,92,4
5,2,14,75,3
5,2,15,37,2
5,2,16,22,1
5,2,17,34,2
5,2,18,49,3
5,2,19,79,4
5,2,20,79,3
5,2,21,18,2
5,2,22,0,0
5,2,23,0,0
5,3,0,0,0
5,3,1,0,0
5,3,2,0,0
5,3,3,0,0
5,3,4,0,0
5,3,5,0,0
5,3,6,0,0
5,3,7,0,0
5,3,8,0,0
5,3,9,39,2
5,3,10,50,3
5,3,11,78,4
5,3,12,88,4
5,3,13,90,4
5,3,14,77,3
5,3,15,30,2
5,3,16,29,2
5,3,17,37,2
5,3,18,50,3
5,3,19,75,4
5,3,20,66,3
5,3,21,24,3
5,3,22,0,0
5,3,23,0,0
5,4,0,0,0
5,4,1,0,0
5,4,2,0,0
5,4,3,0,0
5,4,4,0,0
5,4,5,0,0
5,4,6,0,0
5,4,7,0,0
5,4,8,0,0
5,4,9,38,2
5,4,10,56,3
5,4,11,75,4
5,4,12,88,4
5,4,13,89,4
5,4,14,75,3
5,4,15,29,2
5,4,16,22,2
5,4,17,36,2
5,4,18,50,3
5,4,19,65,4
5,4,20,63,3
5,4,21,26,3
5,4,22,0,0
5,4,23,0,0
5,5,0,0,0
5,5,1,0,0
5,5,2,0,0
5,5,3,0,0
5,5,4,0,0
5,5,5,0,0
5,5,6,0,0
5,5,7,0,0
5,5,8,0,0
5,5,9,30,2
5,5,10,60,3
5,5,11,78,4
5,5,12,92,4
5,5,13,93,4
5,5,14,74,4
5,5,15,27,2
5,5,16,28,2
5,5,17,29,2
5,5,18,45,2
5,5,19,59,3
5,5,20,65,3
5,5,21,20,3
5,5,22,0,0
5,5,23,0,0
5,6,0,0,0
5,6,1,0,0
5,6,2,0,0
5,6,3,0,0
5,6,4,0,0
5,6,5,0,0
5,6,6,0,0
5,6,7,0,0
5,6,8,0,0
5,6,9,0,0
5,6,10,0,0
5,6,11,0,0
5,6,12,0,0
5,6,13,0,0
5,6,14,0,0
5,6,15,0,0
5,6,16,0,0
5,6,17,0,0
5,6,18,0,0
5,6,19,0,0
5,6,20,0,0
5,6,21,0,0
5,6,22,0,0
5,6,23,0,0
5,0,0,0,0
5,0,1,0,0
5,0,2,0,0
5,0,3,0,0
5,0,4,0,0
5,0,5,0,0
5,0,6,0,0
5,0,7,0,0
5,0,8,0,0
5,0,9,36,2
5,0,10,57,3
5,0,11,71,3
5,0,12,82,4
5,0,13,95,4
5,0,14,74,3
5,0,15,34,2
5,0,16,28,1
5,0,17,37,2
5,0,18,63,3
5,0,19,83,4
5,0,20,71,3
5,0,21,22,3
5,0,22,0,0
5,0,23,0,0
5,1,0,0,0
5,1,1,0,0
5,1,2,0,0
5,1,3,0,0
5,1,4,0,0
5,1,5,0,0
5,1,6,0,0
5,1,7,0,0
5,1,8,0,0
5,1,9,43,2
5,1,10,53,3
5,1,11,76,4
5,1,12,83,4
5,1,13,95,4
5,1,14,75,3
5,1,15,35,2
5,1,16,26,1
5,1,17,39,2
5,1,18,52,3
5,1,19,67,3
5,1,20,61,3
5,1,21,19,2
5,1,22,0,0
5,1,23,0,0
5,2,0,0,0
5,2,1,0,0
5,2,2,0,0
5,2,3,0,0
5,2,4,0,0
5,2,5,0,0
5,2,6,0,0
5,2,7,0,0
5,2,8,0,0
5,2,9,41,2
5,2,10,50,2
5,2,11,77,4
5,2,12,80,3
5,2,13,84,4
5,2,14,76,3
5,2,15,37,2
5,2,16,27,2
5,2,17,35,2
5,2,18,47,2
5,2,19,71,3
5,2,20,64,2
5,2,21,20,2
5,2,22,0,0
5,2,23,0,0
5,3,0,0,0
5,3,1,0,0
5,3,2,0,0
5,3,3,0,0
5,3,4,0,0
5,3,5,0,0
5,3,6,0,0
5,3,7,0,0
5,3,8,0,0
5,3,9,41,2
5,3,10,54,2
5,3,11,66,4
5,3,12,80,4
5,3,13,86,4
5,3,14,72,3
5,3,15,30,1
5,3,16,28,2
5,3,17,37,2
5,3,18,51,3
5,3,19,70,3
5,3,20,59,2
5,3,21,17,2
5,3,22,0,0
5,3,23,0,0
5,4,0,0,0
5,4,1,0,0
5,4,2,0,0
5,4,3,0,0
5,4,4,0,0
5,4,5,0,0
5,4,6,0,0
5,4,7,0,0
5,4,8,0,0
5,4,9,38,2
5,4,10,54,3
5,4,11,68,3
5,4,12,79,4
5,4,13,88,4
5,4,14,70,3
5,4,15,36,2
5,4,16,29,2
5,4,17,32,2
5,4,18,46,3
5,4,19,64,4
5,4,20,55,3
5,4,21,23,3
5,4,22,0,0
5,4,23,0,0
5,5,0,0,0
5,5,1,0,0
5,5,2,0,0
5,5,3,0,0
5,5,4,0,0
5,5,5,0,0
5,5,6,0,0
5,5,7,0,0
5,5,8,0,0
5,5,9,32,2
5,5,10,53,4
5,5,11,69,4
5,5,12,88,4
5,5,13,90,4
5,5,14,71,4
5,5,15,25,2
5,5,16,25,2
5,5,17,25,2
5,5,18,40,2
5,5,19,53,3
5,5,20,55,3
5,5,21,29,4
5,5,22,0,0
5,5,23,0,0
5,6,0,0,0
5,6,1,0,0
5,6,2,0,0
5,6,3,0,0
5,6,4,0,0
5,6,5,0,0
5,6,6,0,0
5,6,7,0,0
5,6,8,0,0
5,6,9,0,0
5,6,10,0,0
5,6,11,0,0
5,6,12,0,0
5,6,13,0,0
5,6,14,0,0
5,6,15,0,0
5,6,16,0,0
5,6,17,0,0
5,6,18,0,0
5,6,19,0,0
5,6,20,0,0
5,6,21,0,0
5,6,22,0,0
5,6,23,0,0
5,0,0,0,0
5,0,1,0,0
5,0,2,0,0
5,0,3,0,0
5,0,4,0,0
5,0,5,0,0
5,0,6,0,0
5,0,7,0,0
5,0,8,0,0
5,0,9,40,2
5,0,10,56,3
5,0,11,73,4
5,0,12,86,4
5,0,13,93,4
5,0,14,73,3
5,0,15,30,1
5,0,16,28,2
5,0,17,48,3
5,0,18,58,3
5,0,19,78,4
5,0,20,80,4
5,0,21,27,4
5,0,22,0,0
5,0,23,0,0
5,1,0,0,0
5,1,1,0,0
5,1,2,0,0
5,1,3,0,0
5,1,4,0,0
5,1,5,0,0
5,1,6,0,0
5,1,7,0,0
5,1,8,0,0
5,1,9,45,2
5,1,10,56,3
5,1,11,76,3
5,1,12,82,3
5,1,13,95,4
5,1,14,74,3
5,1,15,32,2
5,1,16,27,1
5,1,17,37,2
5,1,18,50,2
5,1,19,69,3
5,1,20,67,3
5,1,21,18,2
5,1,22,0,0
5,1,23,0,0
5,2,0,0,0
5,2,1,0,0
5,2,2,0,0
5,2,3,0,0
5,2,4,0,0
5,2,5,0,0
5,2,6,0,0
5,2,7,0,0
5,2,8,0,0
5,2,9,38,2
5,2,10,56,3
5,2,11,74,4
5,2,12,82,4
5,2,13,96,4
5,2,14,77,4
5,2,15,30,2
5,2,16,27,2
5,2,17,37,2
5,2,18,54,3
5,2,19,79,4
5,2,20,70,4
5,2,21,20,3
5,2,22,0,0
5,2,23,0,0
5,3,0,0,0
5,3,1,0,0
5,3,2,0,0
5,3,3,0,0
5,3,4,0,0
5,3,5,0,0
5,3,6,0,0
5,3,7,0,0
5,3,8,0,0
5,3,9,39,2
5,3,10,49,2
5,3,11,71,3
5,3,12,87,4
5,3,13,85,4
5,3,14,67,3
5,3,15,30,2
5,3,16,27,2
5,3,17,37,2
5,3,18,49,2
5,3,19,67,3
5,3,20,63,3
5,3,21,25,3
5,3,22,0,0
5,3,23,0,0
5,4,0,0,0
5,4,1,0,0
5,4,2,0,0
5,4,3,0,0
5,4,4,0,0
5,4,5,0,0
5,4,6,0,0
5,4,7,0,0
5,4,8,0,0
5,4,9,37,2
5,4,10,57,3
5,4,11,71,4
5,4,12,84,4
5,4,13,89,4
5,4,14,74,4
5,4,15,32,2
5,4,16,25,2
5,4,17,34,2
5,4,18,49,3
5,4,19,60,4
5,4,20,67,3
5,4,21,20,3
5,4,22,0,0
5,4,23,0,0
5,5,0,0,0
5,5,1,0,0
5,5,2,0,0
5,5,3,0,0
5,5,4,0,0
5,5,5,0,0
5,5,6,0,0
5,5,7,0,0
5,5,8,0,0
5,5,9,28,2
5,5,10,53,3
5,5,11,75,4
5,5,12,86,4
5,5,13,92,4
5,5,14,69,4
5,5,15,24,2
5,5,16,25,2
5,5,17,25,2
5,5,18,44,2
5,5,19,56,3
5,5,20,55,2
5,5,21,21,3
5,5,22,0,0
5,5,23,0,0
5,6,0,0,0
5,6,1,0,0
5,6,2,0,0
5,6,3,0,0
5,6,4,0,0
5,6,5,0,0
5,6,6,0,0
5,6,7,0,0
5,6,8,0,0
5,6,9,0,0
5,6,10,0,0
5,6,11,0,0
5,6,12,0,0
5,6,13,0,0
5,6,14,0,0
5,6,15,0,0
5,6,16,0,0
5,6,17,0,0
5,6,18,0,0
5,6,19,0,0
5,6,20,0,0
5,6,21,0,0
5,6,22,0,0
5,6,23,0,0
5,0,0,0,0
5,0,1,0,0
5,0,2,0,0
5,0,3,0,0
5,0,4,0,0
5,0,5,0,0
5,0,6,0,0
5,0,7,0,0
5,0,8,0,0
5,0,9,39,2
5,0,10,52,3
5,0,11,70,4
5,0,12,83,4
5,0,13,92,4
5,0,14,69,3
5,0,15,27,2
5,0,16,29,2
5,0,17,40,2
5,0,18,57,3
5,0,19,74,4
5,0,20,74,4
5,0,21,20,3
5,0,22,0,0
5,0,23,0,0
5,1,0,0,0
5,1,1,0,0
5,1,2,0,0
5,1,3,0,0
5,1,4,0,0
5,1,5,0,0
5,1,6,0,0
5,1,7,0,0
5,1,8,0,0
5,1,9,40,2
5,1,10,57,3
5,1,11,80,4
5,1,12,84,4
5,1,13,93,4
5,1,14,78,3
5,1,15,29,2
5,1,16,26,1
5,1,17,35,2
5,1,18,50,2
5,1,19,62,3
5,1,20,74,3
5,1,21,16,2
5,1,22,0,0
5,1,23,0,0
5,2,0,0,0
5,2,1,0,0
5,2,2,0,0
5,2,3,0,0
5,2,4,0,0
5,2,5,0,0
5,2,6,0,0
5,2,7,0,0
5,2,8,0,0
5,2,9,0,0
5,2,10,54,3
5,2,11,76,4
5,2,12,89,4
5,2,13,94,4
5,2,14,71,3
5,2,15,32,2
5,2,16,27,1
5,2,17,36,2
5,2,18,50,2
5,2,19,77,4
5,2,20,82,4
5,2,21,24,2
5,2,22,0,0
5,2,23,0,0
5,3,0,0,0
5,3,1,0,0
5,3,2,0,0
5,3,3,0,0
5,3,4,0,0
5,3,5,0,0
5,3,6,0,0
5,3,7,0,0
5,3,8,0,0
5,3,9,44,2
5,3,10,53,2
5,3,11,70,3
5,3,12,84,4
5,3,13,93,4
5,3,14,73,3
5,3,15,32,1
5,3,16,24,1
5,3,17,39,2
5,3,18,50,2
5,3,19,66,3
5,3,20,69,3
5,3,21,20,2
5,3,22,0,0
5,3,23,0,0
5,4,0,0,0
5,4,1,0,0
5,4,2,0,0
5,4,3,0,0
5,4,4,0,0
5,4,5,0,0
5,4,6,0,0
5,4,7,0,0
5,4,8,0,0
5,4,9,39,2
5,4,10,55,3
5,4,11,72,4
5,4,12,84,4
5,4,13,92,4
5,4,14,73,3
5,4,15,31,2
5,4,16,29,2
5,4,17,33,2
5,4,18,46,2
5,4,19,65,4
5,4,20,54,3
5,4,21,21,2
5,4,22,0,0
5,4,23,0,0
5,5,0,0,0
5,5,1,0,0
5,5,2,0,0
5,5,3,0,0
5,5,4,0,0
5,5,5,0,0
5,5,6,0,0
5,5,7,0,0
5,5,8,0,0
5,5,9,29,2
5,5,10,57,3
5,5,11,71,4
5,5,12,86,4
5,5,13,89,4
5,5,14,71,4
5,5,15,25,2
5,5,16,25,2
5,5,17,27,2
5,5,18,36,2
5,5,19,53,3
5,5,20,57,3
5,5,21,18,2
5,5,22,0,0
5,5,23,0,0
5,6,0,0,0
5,6,1,0,0
5,6,2,0,0
5,6,3,0,0
5,6,4,0,0
5,6,5,0,0
5,6,6,0,0
5,6,7,0,0
5,6,8,0,0
5,6,9,0,0
5,6,10,0,0
5,6,11,0,0
5,6,12,0,0
5,6,13,0,0
5,6,14,0,0
5,6,15,0,0
5,6,16,0,0
5,6,17,0,0
5,6,18,0,0
5,6,19,0,0
5,6,20,0,0
5,6,21,0,0
5,6,22,0,0
5,6,23,0,0
5,0,0,0,0
5,0,1,0,0
5,0,2,0,0
5,0,3,0,0
5,0,4,0,0
5,0,5,0,0
5,0,6,0,0
5,0,7,0,0
5,0,8,0,0
5,0,9,39,2
5,0,10,52,3
5,0,11,70,4
5,0,12,83,4
5,0,13,92,4
5,0,14,69,3
5,0,15,27,2
5,0,16,29,2
5,0,17,40,2
5,0,18,57,3
5,0,19,74,4
5,0,20,74,4
5,0,21,20,3
5,0,22,0,0
5,0,23,0,0
5,1,0,0,0
5,1,1,0,0
5,1,2,0,0
5,1,3,0,0
5,1,4,0,0
5,1,5,0,0
5,1,6,0,0
5,1,7,0,0
5,1,8,0,0
5,1,9,40,2
5,1,10,57,3
5,1,11,80,4
5,1,12,84,4
5,1,13,93,4
5,1,14,78,3
5,1,15,29,2
5,1,16,26,1
5,1,17,35,2
5,1,18,50,2
5,1,19,62,3
5,1,20,74,3
5,1,21,16,2
5,1,22,0,0
5,1,23,0,0
6,2,0,0,0
6,2,1,0,0
6,2,2,0,0
6,2,3,0,0
6,2,4,0,0
6,2,5,0,0
6,2,6,0,0
6,2,7,0,0
6,2,8,0,0
6,2,9,36,2
6,2,10,55,2
6,2,11,77,3
6,2,12,91,4
6,2,13,91,4
6,2,14,68,3
6,2,15,38,2
6,2,16,24,1
6,2,17,33,2
6,2,18,51,2
6,2,19,70,3
6,2,20,81,3
6,2,21,15,2
6,2,22,0,0
6,2,23,0,0
6,3,0,0,0
6,3,1,0,0
6,3,2,0,0
6,3,3,0,0
6,3,4,0,0
6,3,5,0,0
6,3,6,0,0
6,3,7,0,0
6,3,8,0,0
6,3,9,40,2
6,3,10,48,2
6,3,11,70,4
6,3,12,82,4
6,3,13,93,4
6,3,14,71,3
6,3,15,26,2
6,3,16,22,1
6,3,17,36,2
6,3,18,49,2
6,3,19,67,3
6,3,20,63,3
6,3,21,15,2
6,3,22,0,0
6,3,23,0,0
6,4,0,0,0
6,4,1,0,0
6,4,2,0,0
6,4,3,0,0
6,4,4,0,0
6,4,5,0,0
6,4,6,0,0
6,4,7,0,0
6,4,8,0,0
6,4,9,40,2
6,4,10,50,3
6,4,11,77,4
6,4,12,82,4
6,4,13,91,4
6,4,14,74,4
6,4,15,38,2
6,4,16,31,2
6,4,17,31,2
6,4,18,49,3
6,4,19,58,3
6,4,20,61,3
6,4,21,19,2
6,4,22,0,0
6,4,23,0,0
6,5,0,0,0
6,5,1,0,0
6,5,2,0,0
6,5,3,0,0
6,5,4,0,0
6,5,5,0,0
6,5,6,0,0
6,5,7,0,0
6,5,8,0,0
6,5,9,26,2
6,5,10,50,3
6,5,11,68,4
6,5,12,97,4
6,5,13,99,4
6,5,14,67,4
6,5,15,26,2
6,5,16,22,1
6,5,17,26,2
6,5,18,35,2
6,5,19,56,3
6,5,20,64,3
6,5,21,17,2
6,5,22,0,0
6,5,23,0,0
6,6,0,0,0
6,6,1,0,0
6,6,2,0,0
6,6,3,0,0
6,6,4,0,0
6,6,5,0,0
6,6,6,0,0
6,6,7,0,0
6,6,8,0,0
6,6,9,0,0
6,6,10,0,0
6,6,11,0,0
6,6,12,0,0
6,6,13,0,0
6,6,14,0,0
6,6,15,0,0
6,6,16,0,0
6,6,17,0,0
6,6,18,0,0
6,6,19,0,0
6,6,20,0,0
6,6,21,0,0
6,6,22,0,0
6,6,23,0,0
6,0,0,0,0
6,0,1,0,0
6,0,2,0,0
6,0,3,0,0
6,0,4,0,0
6,0,5,0,0
6,0,6,0,0
6,0,7,0,0
6,0,8,0,0
6,0,9,43,2
6,0,10,49,2
6,0,11,72,3
6,0,12,92,4
6,0,13,95,4
6,0,14,74,3
6,0,15,37,2
6,0,16,34,2
6,0,17,39,2
6,0,18,53,3
6,0,19,76,4
6,0,20,83,4
6,0,21,20,2
6,0,22,0,0
6,0,23,0,0
6,1,0,0,0
6,1,1,0,0
6,1,2,0,0
6,1,3,0,0
6,1,4,0,0
6,1,5,0,0
6,1,6,0,0
6,1,7,0,0
6,1,8,0,0
6,1,9,0,0
6,1,10,0,0
6,1,11,0,0
6,1,12,0,0
6,1,13,0,0
6,1,14,0,0
6,1,15,0,0
6,1,16,0,0
6,1,17,0,0
6,1,18,0,0
6,1,19,0,0
6,1,20,0,0
6,1,21,0,0
6,1,22,0,0
6,1,23,0,0
6,2,0,0,0
6,2,1,0,0
6,2,2,0,0
6,2,3,0,0
6,2,4,0,0
6,2,5,0,0
6,2,6,0,0
6,2,7,0,0
6,2,8,0,0
6,2,9,39,2
6,2,10,50,2
6,2,11,68,4
6,2,12,82,4
6,2,13,90,4
6,2,14,69,3
6,2,15,42,2
6,2,16,25,1
6,2,17,31,2
6,2,18,44,2
6,2,19,70,3
6,2,20,72,3
6,2,21,18,2
6,2,22,0,0
6,2,23,0,0
6,3,0,0,0
6,3,1,0,0
6,3,2,0,0
6,3,3,0,0
6,3,4,0,0
6,3,5,0,0
6,3,6,0,0
6,3,7,0,0
6,3,8,0,0
6,3,9,43,2
6,3,10,49,2
6,3,11,68,3
6,3,12,78,4
6,3,13,83,4
6,3,14,67,3
6,3,15,30,2
6,3,16,21,1
6,3,17,32,2
6,3,18,47,2
6,3,19,63,3
6,3,20,57,3
6,3,21,21,2
6,3,22,0,0
6,3,23,0,0
6,4,0,0,0
6,4,1,0,0
6,4,2,0,0
6,4,3,0,0
6,4,4,0,0
6,4,5,0,0
6,4,6,0,0
6,4,7,0,0
6,4,8,0,0
6,4,9,36,2
6,4,10,56,3
6,4,11,76,4
6,4,12,91,4
6,4,13,86,4
6,4,14,69,3
6,4,15,30,2
6,4,16,26,1
6,4,17,30,2
6,4,18,51,3
6,4,19,57,3
6,4,20,66,3
6,4,21,22,2
6,4,22,0,0
6,4,23,0,0
6,5,0,0,0
6,5,1,0,0
6,5,2,0,0
6,5,3,0,0
6,5,4,0,0
6,5,5,0,0
6,5,6,0,0
6,5,7,0,0
6,5,8,0,0
6,5,9,30,2
6,5,10,54,3
6,5,11,77,4
6,5,12,88,4
6,5,13,94,4
6,5,14,70,4
6,5,15,31,2
6,5,16,23,1
6,5,17,25,2
6,5,18,36,2
6,5,19,48,2
6,5,20,56,3
6,5,21,18,3
6,5,22,0,0
6,5,23,0,0
6,6,0,0,0
6,6,1,0,0
6,6,2,0,0
6,6,3,0,0
6,6,4,0,0
6,6,5,0,0
6,6,6,0,0
6,6,7,0,0
6,6,8,0,0
6,6,9,0,0
6,6,10,0,0
6,6,11,0,0
6,6,12,0,0
6,6,13,0,0
6,6,14,0,0
6,6,15,0,0
6,6,16,0,0
6,6,17,0,0
6,6,18,0,0
6,6,19,0,0
6,6,20,0,0
6,6,21,0,0
6,6,22,0,0
6,6,23,0,0
6,0,0,0,0
6,0,1,0,0
6,0,2,0,0
6,0,3,0,0
6,0,4,0,0
6,0,5,0,0
6,0,6,0,0
6,0,7,0,0
6,0,8,0,0
6,0,9,39,2
6,0,10,55,3
6,0,11,69,3
6,0,12,90,4
6,0,13,95,4
6,0,14,76,3
6,0,15,40,2
6,0,16,28,2
6,0,17,40,2
6,0,18,50,2
6,0,19,83,4
6,0,20,87,4
6,0,21,24,3
6,0,22,0,0
6,0,23,0,0
6,1,0,0,0
6,1,1,0,0
6,1,2,0,0
6,1,3,0,0
6,1,4,0,0
6,1,5,0,0
6,1,6,0,0
6,1,7,0,0
6,1,8,0,0
6,1,9,39,2
6,1,10,54,2
6,1,11,73,4
6,1,12,86,4
6,1,13,87,4
6,1,14,70,3
6,1,15,33,2
6,1,16,21,1
6,1,17,32,1
6,1,18,48,2
6,1,19,63,3
6,1,20,67,3
6,1,21,21,2
6,1,22,0,0
6,1,23,0,0
6,2,0,0,0
6,2,1,0,0
6,2,2,0,0
6,2,3,0,0
6,2,4,0,0
6,2,5,0,0
6,2,6,0,0
6,2,7,0,0
6,2,8,0,0
6,2,9,38,2
6,2,10,51,3
6,2,11,72,3
6,2,12,83,4
6,2,13,92,4
6,2,14,70,3
6,2,15,30,2
6,2,16,26,1
6,2,17,30,1
6,2,18,46,2
6,2,19,74,3
6,2,20,66,3
6,2,21,22,2
6,2,22,0,0
6,2,23,0,0
6,3,0,0,0
6,3,1,0,0
6,3,2,0,0
6,3,3,0,0
6,3,4,0,0
6,3,5,0,0
6,3,6,0,0
6,3,7,0,0
6,3,8,0,0
6,3,9,37,2
6,3,10,45,2
6,3,11,65,3
6,3,12,83,4
6,3,13,90,4
6,3,14,67,3
6,3,15,30,2
6,3,16,24,1
6,3,17,33,2
6,3,18,47,2
6,3,19,66,3
6,3,20,67,3
6,3,21,16,2
6,3,22,0,0
6,3,23,0,0
6,4,0,0,0
6,4,1,0,0
6,4,2,0,0
6,4,3,0,0
6,4,4,0,0
6,4,5,0,0
6,4,6,0,0
6,4,7,0,0
6,4,8,0,0
6,4,9,36,2
6,4,10,56,3
6,4,11,74,4
6,4,12,88,4
6,4,13,89,4
6,4,14,73,3
6,4,15,35,2
6,4,16,34,2
6,4,17,31,2
6,4,18,45,2
6,4,19,63,3
6,4,20,67,3
6,4,21,19,2
6,4,22,0,0
6,4,23,0,0
6,5,0,0,0
6,5,1,0,0
6,5,2,0,0
6,5,3,0,0
6,5,4,0,0
6,5,5,0,0
6,5,6,0,0
6,5,7,0,0
6,5,8,0,0
6,5,9,26,2
6,5,10,56,3
6,5,11,77,4
6,5,12,88,4
6,5,13,92,4
6,5,14,63,4
6,5,15,27,2
6,5,16,23,1
6,5,17,29,1
6,5,18,39,2
6,5,19,49,2
6,5,20,66,3
6,5,21,20,3
6,5,22,0,0
6,5,23,0,0
6,6,0,0,0
6,6,1,0,0
6,6,2,0,0
6,6,3,0,0
6,6,4,0,0
6,6,5,0,0
6,6,6,0,0
6,6,7,0,0
6,6,8,0,0
6,6,9,0,0
6,6,10,0,0
6,6,11,0,0
6,6,12,0,0
6,6,13,0,0
6,6,14,0,0
6,6,15,0,0
6,6,16,0,0
6,6,17,0,0
6,6,18,0,0
6,6,19,0,0
6,6,20,0,0
6,6,21,0,0
6,6,22,0,0
6,6,23,0,0
6,0,0,0,0
6,0,1,0,0
6,0,2,0,0
6,0,3,0,0
6,0,4,0,0
6,0,5,0,0
6,0,6,0,0
6,0,7,0,0
6,0,8,0,0
6,0,9,40,2
6,0,10,55,2
6,0,11,75,3
6,0,12,86,4
6,0,13,90,4
6,0,14,69,3
6,0,15,35,2
6,0,16,29,1
6,0,17,39,2
6,0,18,56,3
6,0,19,78,4
6,0,20,80,4
6,0,21,21,3
6,0,22,0,0
6,0,23,0,0
6,1,0,0,0
6,1,1,0,0
6,1,2,0,0
6,1,3,0,0
6,1,4,0,0
6,1,5,0,0
6,1,6,0,0
6,1,7,0,0
6,1,8,0,0
6,1,9,41,2
6,1,10,62,3
6,1,11,72,3
6,1,12,89,4
6,1,13,89,4
6,1,14,73,3
6,1,15,37,1
6,1,16,18,1
6,1,17,34,2
6,1,18,43,2
6,1,19,64,3
6,1,20,75,4
6,1,21,20,2
6,1,22,0,0
6,1,23,0,0
6,2,0,0,0
6,2,1,0,0
6,2,2,0,0
6,2,3,0,0
6,2,4,0,0
6,2,5,0,0
6,2,6,0,0
6,2,7,0,0
6,2,8,0,0
6,2,9,34,2
6,2,10,47,2
6,2,11,68,3
6,2,12,82,4
6,2,13,82,4
6,2,14,67,3
6,2,15,29,2
6,2,16,20,1
6,2,17,30,2
6,2,18,41,2
6,2,19,59,3
6,2,20,71,3
6,2,21,18,2
6,2,22,0,0
6,2,23,0,0
6,3,0,0,0
6,3,1,0,0
6,3,2,0,0
6,3,3,0,0
6,3,4,0,0
6,3,5,0,0
6,3,6,0,0
6,3,7,0,0
6,3,8,0,0
6,3,9,31,2
6,3,10,48,2
6,3,11,64,3
6,3,12,81,4
6,3,13,88,4
6,3,14,63,3
6,3,15,36,2
6,3,16,23,1
6,3,17,31,1
6,3,18,45,2
6,3,19,56,3
6,3,20,71,4
6,3,21,19,2
6,3,22,0,0
6,3,23,0,0
6,4,0,0,0
6,4,1,0,0
6,4,2,0,0
6,4,3,0,0
6,4,4,0,0
6,4,5,0,0
6,4,6,0,0
6,4,7,0,0
6,4,8,0,0
6,4,9,32,2
6,4,10,55,3
6,4,11,73,4
6,4,12,88,4
6,4,13,92,4
6,4,14,74,3
6,4,15,31,2
6,4,16,28,1
6,4,17,33,2
6,4,18,43,2
6,4,19,59,3
6,4,20,66,3
6,4,21,21,3
6,4,22,0,0
6,4,23,0,0
6,5,0,0,0
6,5,1,0,0
6,5,2,0,0
6,5,3,0,0
6,5,4,0,0
6,5,5,0,0
6,5,6,0,0
6,5,7,0,0
6,5,8,0,0
6,5,9,30,2
6,5,10,52,3
6,5,11,71,4
6,5,12,92,4
6,5,13,87,4
6,5,14,69,4
6,5,15,30,2
6,5,16,26,2
6,5,17,25,2
6,5,18,35,2
6,5,19,51,2
6,5,20,60,3
6,5,21,22,3
6,5,22,0,0
6,5,23,0,0
6,6,0,0,0
6,6,1,0,0
6,6,2,0,0
6,6,3,0,0
6,6,4,0,0
6,6,5,0,0
6,6,6,0,0
6,6,7,0,0
6,6,8,0,0
6,6,9,0,0
6,6,10,0,0
6,6,11,0,0
6,6,12,0,0
6,6,13,0,0
6,6,14,0,0
6,6,15,0,0
6,6,16,0,0
6,6,17,0,0
6,6,18,0,0
6,6,19,0,0
6,6,20,0,0
6,6,21,0,0
6,6,22,0,0
6,6,23,0,0
6,0,0,0,0
6,0,1,0,0
6,0,2,0,0
6,0,3,0,0
6,0,4,0,0
6,0,5,0,0
6,0,6,0,0
6,0,7,0,0
6,0,8,0,0
6,0,9,30,2
6,0,10,46,2
6,0,11,68,3
6,0,12,84,4
6,0,13,86,4
6,0,14,76,3
6,0,15,29,2
6,0,16,27,1
6,0,17,37,2
6,0,18,50,3
6,0,19,68,3
6,0,20,70,3
6,0,21,30,4
6,0,22,0,0
6,0,23,0,0
6,1,0,0,0
6,1,1,0,0
6,1,2,0,0
6,1,3,0,0
6,1,4,0,0
6,1,5,0,0
6,1,6,0,0
6,1,7,0,0
6,1,8,0,0
6,1,9,34,2
6,1,10,49,3
6,1,11,71,3
6,1,12,78,3
6,1,13,85,4
6,1,14,67,3
6,1,15,34,2
6,1,16,23,1
6,1,17,28,1
6,1,18,44,2
6,1,19,57,3
6,1,20,68,3
6,1,21,19,2
6,1,22,0,0
6,1,23,0,0
6,2,0,0,0
6,2,1,0,0
6,2,2,0,0
6,2,3,0,0
6,2,4,0,0
6,2,5,0,0
6,2,6,0,0
6,2,7,0,0
6,2,8,0,0
6,2,9,34,2
6,2,10,47,2
6,2,11,68,3
6,2,12,82,4
6,2,13,82,4
6,2,14,67,3
6,2,15,29,2
6,2,16,20,1
6,2,17,30,2
6,2,18,41,2
6,2,19,59,3
6,2,20,71,3
6,2,21,18,2
6,2,22,0,0
6,2,23,0,0
6,3,0,0,0
6,3,1,0,0
6,3,2,0,0
6,3,3,0,0
6,3,4,0,0
6,3,5,0,0
6,3,6,0,0
6,3,7,0,0
6,3,8,0,0
6,3,9,31,2
6,3,10,48,2
6,3,11,64,3
6,3,12,81,4
6,3,13,88,4
6,3,14,63,3
6,3,15,36,2
6,3,16,23,1
6,3,17,31,1
6,3,18,45,2
6,3,19,56,3
6,3,20,71,4
6,3,21,19,2
6,3,22,0,0
6,3,23,0,0
7,4,0,0,0
7,4,1,0,0
7,4,2,0,0
7,4,3,0,0
7,4,4,0,0
7,4,5,0,0
7,4,6,0,0
7,4,7,0,0
7,4,8,0,0
7,4,9,34,2
7,4,10,49,2
7,4,11,67,4
7,4,12,84,4
7,4,13,86,4
7,4,14,71,3
7,4,15,33,2
7,4,16,28,2
7,4,17,33,2
7,4,18,41,2
7,4,19,60,3
7,4,20,54,3
7,4,21,25,3
7,4,22,0,0
7,4,23,0,0
7,5,0,0,0
7,5,1,0,0
7,5,2,0,0
7,5,3,0,0
7,5,4,0,0
7,5,5,0,0
7,5,6,0,0
7,5,7,0,0
7,5,8,0,0
7,5,9,27,2
7,5,10,53,3
7,5,11,69,4
7,5,12,82,4
7,5,13,82,4
7,5,14,59,3
7,5,15,25,1
7,5,16,23,2
7,5,17,29,2
7,5,18,35,2
7,5,19,44,2
7,5,20,59,3
7,5,21,19,2
7,5,22,0,0
7,5,23,0,0
7,6,0,0,0
7,6,1,0,0
7,6,2,0,0
7,6,3,0,0
7,6,4,0,0
7,6,5,0,0
7,6,6,0,0
7,6,7,0,0
7,6,8,0,0
7,6,9,0,0
7,6,10,0,0
7,6,11,0,0
7,6,12,0,0
7,6,13,0,0
7,6,14,0,0
7,6,15,0,0
7,6,16,0,0
7,6,17,0,0
7,6,18,0,0
7,6,19,0,0
7,6,20,0,0
7,6,21,0,0
7,6,22,0,0
7,6,23,0,0
7,0,0,0,0
7,0,1,0,0
7,0,2,0,0
7,0,3,0,0
7,0,4,0,0
7,0,5,0,0
7,0,6,0,0
7,0,7,0,0
7,0,8,0,0
7,0,9,34,2
7,0,10,48,3
7,0,11,70,3
7,0,12,82,4
7,0,13,86,4
7,0,14,66,3
7,0,15,38,2
7,0,16,26,1
7,0,17,32,2
7,0,18,52,3
7,0,19,62,3
7,0,20,70,3
7,0,21,20,2
7,0,22,0,0
7,0,23,0,0
7,1,0,0,0
7,1,1,0,0
7,1,2,0,0
7,1,3,0,0
7,1,4,0,0
7,1,5,0,0
7,1,6,0,0
7,1,7,0,0
7,1,8,0,0
7,1,9,29,1
7,1,10,48,2
7,1,11,68,3
7,1,12,84,4
7,1,13,85,4
7,1,14,65,3
7,1,15,36,2
7,1,16,23,1
7,1,17,28,1
7,1,18,45,3
7,1,19,53,2
7,1,20,69,3
7,1,21,24,2
7,1,22,0,0
7,1,23,0,0
7,2,0,0,0
7,2,1,0,0
7,2,2,0,0
7,2,3,0,0
7,2,4,0,0
7,2,5,0,0
7,2,6,0,0
7,2,7,0,0
7,2,8,0,0
7,2,9,30,1
7,2,10,45,2
7,2,11,65,3
7,2,12,82,4
7,2,13,80,4
7,2,14,62,3
7,2,15,35,2
7,2,16,24,1
7,2,17,27,1
7,2,18,46,2
7,2,19,58,2
7,2,20,66,4
7,2,21,27,3
7,2,22,0,0
7,2,23,0,0
7,3,0,0,0
7,3,1,0,0
7,3,2,0,0
7,3,3,0,0
7,3,4,0,0
7,3,5,0,0
7,3,6,0,0
7,3,7,0,0
7,3,8,0,0
7,3,9,31,2
7,3,10,46,2
7,3,11,58,3
7,3,12,75,3
7,3,13,84,4
7,3,14,68,3
7,3,15,25,2
7,3,16,25,1
7,3,17,29,2
7,3,18,52,3
7,3,19,62,3
7,3,20,62,3
7,3,21,23,2
7,3,22,0,0
7,3,23,0,0
7,4,0,0,0
7,4,1,0,0
7,4,2,0,0
7,4,3,0,0
7,4,4,0,0
7,4,5,0,0
7,4,6,0,0
7,4,7,0,0
7,4,8,0,0
7,4,9,0,0
7,4,10,0,0
7,4,11,0,0
7,4,12,0,0
7,4,13,0,0
7,4,14,0,0
7,4,15,0,0
7,4,16,0,0
7,4,17,0,0
7,4,18,0,0
7,4,19,0,0
7,4,20,0,0
7,4,21,0,0
7,4,22,0,0
7,4,23,0,0
7,5,0,0,0
7,5,1,0,0
7,5,2,0,0
7,5,3,0,0
7,5,4,0,0
7,5,5,0,0
7,5,6,0,0
7,5,7,0,0
7,5,8,0,0
7,5,9,29,2
7,5,10,48,3
7,5,11,65,4
7,5,12,70,4
7,5,13,76,4
7,5,14,57,3
7,5,15,29,2
7,5,16,22,1
7,5,17,23,1
7,5,18,32,2
7,5,19,47,2
7,5,20,52,3
7,5,21,24,2
7,5,22,0,0
7,5,23,0,0
7,6,0,0,0
7,6,1,0,0
7,6,2,0,0
7,6,3,0,0
7,6,4,0,0
7,6,5,0,0
7,6,6,0,0
7,6,7,0,0
7,6,8,0,0
7,6,9,0,0
7,6,10,0,0
7,6,11,0,0
7,6,12,0,0
7,6,13,0,0
7,6,14,0,0
7,6,15,0,0
7,6,16,0,0
7,6,17,0,0
7,6,18,0,0
7,6,19,0,0
7,6,20,0,0
7,6,21,0,0
7,6,22,0,0
7,6,23,0,0
7,0,0,0,0
7,0,1,0,0
7,0,2,0,0
7,0,3,0,0
7,0,4,0,0
7,0,5,0,0
7,0,6,0,0
7,0,7,0,0
7,0,8,0,0
7,0,9,31,2
7,0,10,51,2
7,0,11,69,3
7,0,12,79,4
7,0,13,78,4
7,0,14,69,3
7,0,15,36,2
7,0,16,23,1
7,0,17,31,1
7,0,18,46,2
7,0,19,60,3
7,0,20,69,3
7,0,21,26,3
7,0,22,0,0
7,0,23,0,0
7,1,0,0,0
7,1,1,0,0
7,1,2,0,0
7,1,3,0,0
7,1,4,0,0
7,1,5,0,0
7,1,6,0,0
7,1,7,0,0
7,1,8,0,0
7,1,9,34,2
7,1,10,46,2
7,1,11,74,4
7,1,12,78,4
7,1,13,84,4
7,1,14,67,3
7,1,15,28,2
7,1,16,20,1
7,1,17,28,1
7,1,18,42,2
7,1,19,53,2
7,1,20,71,4
7,1,21,19,2
7,1,22,0,0
7,1,23,0,0
7,2,0,0,0
7,2,1,0,0
7,2,2,0,0
7,2,3,0,0
7,2,4,0,0
7,2,5,0,0
7,2,6,0,0
7,2,7,0,0
7,2,8,0,0
7,2,9,28,1
7,2,10,45,2
7,2,11,61,3
7,2,12,77,3
7,2,13,86,4
7,2,14,67,3
7,2,15,29,2
7,2,16,22,1
7,2,17,26,1
7,2,18,33,2
7,2,19,59,3
7,2,20,66,3
7,2,21,26,2
7,2,22,0,0
7,2,23,0,0
7,3,0,0,0
7,3,1,0,0
7,3,2,0,0
7,3,3,0,0
7,3,4,0,0
7,3,5,0,0
7,3,6,0,0
7,3,7,0,0
7,3,8,0,0
7,3,9,30,1
7,3,10,44,2
7,3,11,67,3
7,3,12,67,3
7,3,13,78,4
7,3,14,57,2
7,3,15,32,2
7,3,16,19,1
7,3,17,30,1
7,3,18,38,2
7,3,19,53,3
7,3,20,68,3
7,3,21,24,3
7,3,22,0,0
7,3,23,0,0
7,4,0,0,0
7,4,1,0,0
7,4,2,0,0
7,4,3,0,0
7,4,4,0,0
7,4,5,0,0
7,4,6,0,0
7,4,7,0,0
7,4,8,0,0
7,4,9,32,2
7,4,10,41,2
7,4,11,72,4
7,4,12,81,4
7,4,13,79,4
7,4,14,65,3
7,4,15,33,2
7,4,16,25,1
7,4,17,30,2
7,4,18,38,2
7,4,19,48,2
7,4,20,57,3
7,4,21,22,2
7,4,22,0,0
7,4,23,0,0
7,5,0,0,0
7,5,1,0,0
7,5,2,0,0
7,5,3,0,0
7,5,4,0,0
7,5,5,0,0
7,5,6,0,0
7,5,7,0,0
7,5,8,0,0
7,5,9,29,2
7,5,10,55,3
7,5,11,67,4
7,5,12,73,4
7,5,13,74,4
7,5,14,51,3
7,5,15,24,1
7,5,16,17,1
7,5,17,20,1
7,5,18,30,2
7,5,19,43,2
7,5,20,51,2
7,5,21,20,2
7,5,22,0,0
7,5,23,0,0
7,6,0,0,0
7,6,1,0,0
7,6,2,0,0
7,6,3,0,0
7,6,4,0,0
7,6,5,0,0
7,6,6,0,0
7,6,7,0,0
7,6,8,0,0
7,6,9,0,0
7,6,10,0,0
7,6,11,0,0
7,6,12,0,0
7,6,13,0,0
7,6,14,0,0
7,6,15,0,0
7,6,16,0,0
7,6,17,0,0
7,6,18,0,0
7,6,19,0,0
7,6,20,0,0
7,6,21,0,0
7,6,22,0,0
7,6,23,0,0
7,0,0,0,0
7,0,1,0,0
7,0,2,0,0
7,0,3,0,0
7,0,4,0,0
7,0,5,0,0
7,0,6,0,0
7,0,7,0,0
7,0,8,0,0
7,0,9,35,2
7,0,10,51,2
7,0,11,69,3
7,0,12,82,4
7,0,13,83,4
7,0,14,67,3
7,0,15,30,2
7,0,16,23,1
7,0,17,29,2
7,0,18,50,3
7,0,19,58,3
7,0,20,65,3
7,0,21,25,3
7,0,22,0,0
7,0,23,0,0
7,1,0,0,0
7,1,1,0,0
7,1,2,0,0
7,1,3,0,0
7,1,4,0,0
7,1,5,0,0
7,1,6,0,0
7,1,7,0,0
7,1,8,0,0
7,1,9,31,1
7,1,10,49,2
7,1,11,62,3
7,1,12,76,3
7,1,13,83,4
7,1,14,59,3
7,1,15,28,1
7,1,16,16,1
7,1,17,26,1
7,1,18,43,2
7,1,19,51,2
7,1,20,63,3
7,1,21,23,2
7,1,22,0,0
7,1,23,0,0
7,2,0,0,0
7,2,1,0,0
7,2,2,0,0
7,2,3,0,0
7,2,4,0,0
7,2,5,0,0
7,2,6,0,0
7,2,7,0,0
7,2,8,0,0
7,2,9,27,1
7,2,10,45,2
7,2,11,66,3
7,2,12,77,3
7,2,13,75,4
7,2,14,69,3
7,2,15,31,2
7,2,16,19,1
7,2,17,25,1
7,2,18,39,2
7,2,19,54,2
7,2,20,61,3
7,2,21,20,2
7,2,22,0,0
7,2,23,0,0
7,3,0,0,0
7,3,1,0,0
7,3,2,0,0
7,3,3,0,0
7,3,4,0,0
7,3,5,0,0
7,3,6,0,0
7,3,7,0,0
7,3,8,0,0
7,3,9,30,1
7,3,10,43,2
7,3,11,59,3
7,3,12,75,4
7,3,13,80,4
7,3,14,67,3
7,3,15,28,1
7,3,16,24,1
7,3,17,28,1
7,3,18,45,2
7,3,19,52,2
7,3,20,60,3
7,3,21,29,2
7,3,22,0,0
7,3,23,0,0
7,4,0,0,0
7,4,1,0,0
7,4,2,0,0
7,4,3,0,0
7,4,4,0,0
7,4,5,0,0
7,4,6,0,0
7,4,7,0,0
7,4,8,0,0
7,4,9,30,2
7,4,10,46,2
7,4,11,64,3
7,4,12,77,4
7,4,13,76,4
7,4,14,61,3
7,4,15,30,2
7,4,16,24,1
7,4,17,26,1
7,4,18,37,2
7,4,19,50,3
7,4,20,52,2
7,4,21,20,2
7,4,22,0,0
7,4,23,0,0
7,5,0,0,0
7,5,1,0,0
7,5,2,0,0
7,5,3,0,0
7,5,4,0,0
7,5,5,0,0
7,5,6,0,0
7,5,7,0,0
7,5,8,0,0
7,5,9,29,2
7,5,10,47,2
7,5,11,65,3
7,5,12,76,4
7,5,13,80,4
7,5,14,52,3
7,5,15,24,2
7,5,16,17,1
7,5,17,24,2
7,5,18,30,2
7,5,19,46,2
7,5,20,47,2
7,5,21,27,2
7,5,22,0,0
7,5,23,0,0
7,6,0,0,0
7,6,1,0,0
7,6,2,0,0
7,6,3,0,0
7,6,4,0,0
7,6,5,0,0
7,6,6,0,0
7,6,7,0,0
7,6,8,0,0
7,6,9,0,0
7,6,10,0,0
7,6,11,0,0
7,6,12,0,0
7,6,13,0,0
7,6,14,0,0
7,6,15,0,0
7,6,16,0,0
7,6,17,0,0
7,6,18,0,0
7,6,19,0,0
7,6,20,0,0
7,6,21,0,0
7,6,22,0,0
7,6,23,0,0
7,0,0,0,0
7,0,1,0,0
7,0,2,0,0
7,0,3,0,0
7,0,4,0,0
7,0,5,0,0
7,0,6,0,0
7,0,7,0,0
7,0,8,0,0
7,0,9,31,2
7,0,10,49,2
7,0,11,71,3
7,0,12,78,4
7,0,13,93,4
7,0,14,73,3
7,0,15,40,2
7,0,16,25,1
7,0,17,30,1
7,0,18,47,2
7,0,19,63,3
7,0,20,72,3
7,0,21,27,3
7,0,22,0,0
7,0,23,0,0
7,1,0,0,0
7,1,1,0,0
7,1,2,0,0
7,1,3,0,0
7,1,4,0,0
7,1,5,0,0
7,1,6,0,0
7,1,7,0,0
7,1,8,0,0
7,1,9,33,1
7,1,10,47,2
7,1,11,64,3
7,1,12,81,4
7,1,13,92,4
7,1,14,66,3
7,1,15,35,2
7,1,16,23,1
7,1,17,30,2
7,1,18,42,2
7,1,19,53,2
7,1,20,65,3
7,1,21,22,2
7,1,22,0,0
7,1,23,0,0
7,2,0,0,0
7,2,1,0,0
7,2,2,0,0
7,2,3,0,0
7,2,4,0,0
7,2,5,0,0
7,2,6,0,0
7,2,7,0,0
7,2,8,0,0
7,2,9,31,2
7,2,10,41,2
7,2,11,63,3
7,2,12,73,3
7,2,13,81,3
7,2,14,62,2
7,2,15,32,2
7,2,16,17,1
7,2,17,29,1
7,2,18,39,2
7,2,19,52,2
7,2,20,63,3
7,2,21,23,2
7,2,22,0,0
7,2,23,0,0
7,3,0,0,0
7,3,1,0,0
7,3,2,0,0
7,3,3,0,0
7,3,4,0,0
7,3,5,0,0
7,3,6,0,0
7,3,7,0,0
7,3,8,0,0
7,3,9,30,2
7,3,10,42,2
7,3,11,59,3
7,3,12,71,4
7,3,13,70,3
7,3,14,62,2
7,3,15,34,2
7,3,16,18,1
7,3,17,28,1
7,3,18,34,2
7,3,19,49,2
7,3,20,62,3
7,3,21,22,2
7,3,22,0,0
7,3,23,0,0
7,4,0,0,0
7,4,1,0,0
7,4,2,0,0
7,4,3,0,0
7,4,4,0,0
7,4,5,0,0
7,4,6,0,0
7,4,7,0,0
7,4,8,0,0
7,4,9,30,2
7,4,10,46,2
7,4,11,64,3
7,4,12,77,4
7,4,13,76,4
7,4,14,61,3
7,4,15,30,2
7,4,16,24,1
7,4,17,26,1
7,4,18,37,2
7,4,19,50,3
7,4,20,52,2
7,4,21,20,2
7,4,22,0,0
7,4,23,0,0
7,5,0,0,0
7,5,1,0,0
7,5,2,0,0
7,5,3,0,0
7,5,4,0,0
7,5,5,0,0
7,5,6,0,0
7,5,7,0,0
7,5,8,0,0
7,5,9,29,2
7,5,10,47,2
7,5,11,65,3
7,5,12,76,4
7,5,13,80,4
7,5,14,52,3
7,5,15,24,2
7,5,16,17,1
7,5,17,24,2
7,5,18,30,2
7,5,19,46,2
7,5,20,47,2
7,5,21,27,2
7,5,22,0,0
7,5,23,0,0
7,6,0,0,0
7,6,1,0,0
7,6,2,0,0
7,6,3,0,0
7,6,4,0,0
7,6,5,0,0
7,6,6,0,0
7,6,7,0,0
7,6,8,0,0
7,6,9,0,0
7,6,10,0,0
7,6,11,0,0
7,6,12,0,0
7,6,13,0,0
7,6,14,0,0
7,6,15,0,0
7,6,16,0,0
7,6,17,0,0
7,6,18,0,0
7,6,19,0,0
7,6,20,0,0
7,6,21,0,0
7,6,22,0,0
7,6,23,0,0
8,0,0,0,0
8,0,1,0,0
8,0,2,0,0
8,0,3,0,0
8,0,4,0,0
8,0,5,0,0
8,0,6,0,0
8,0,7,0,0
8,0,8,0,0
8,0,9,30,2
8,0,10,44,2
8,0,11,68,3
8,0,12,78,4
8,0,13,81,4
8,0,14,61,3
8,0,15,25,2
8,0,16,20,1
8,0,17,29,2
8,0,18,43,2
8,0,19,57,3
8,0,20,65,4
8,0,21,24,3
8,0,22,0,0
8,0,23,0,0
8,1,0,0,0
8,1,1,0,0
8,1,2,0,0
8,1,3,0,0
8,1,4,0,0
8,1,5,0,0
8,1,6,0,0
8,1,7,0,0
8,1,8,0,0
8,1,9,31,2
8,1,10,43,2
8,1,11,58,3
8,1,12,77,4
8,1,13,86,4
8,1,14,54,3
8,1,15,34,2
8,1,16,23,1
8,1,17,27,2
8,1,18,37,2
8,1,19,54,3
8,1,20,58,3
8,1,21,20,2
8,1,22,0,0
8,1,23,0,0
8,2,0,0,0
8,2,1,0,0
8,2,2,0,0
8,2,3,0,0
8,2,4,0,0
8,2,5,0,0
8,2,6,0,0
8,2,7,0,0
8,2,8,0,0
8,2,9,29,1
8,2,10,44,2
8,2,11,67,3
8,2,12,70,4
8,2,13,81,3
8,2,14,65,3
8,2,15,27,2
8,2,16,23,1
8,2,17,25,1
8,2,18,36,2
8,2,19,49,2
8,2,20,54,3
8,2,21,28,2
8,2,22,0,0
8,2,23,0,0
8,3,0,0,0
8,3,1,0,0
8,3,2,0,0
8,3,3,0,0
8,3,4,0,0
8,3,5,0,0
8,3,6,0,0
8,3,7,0,0
8,3,8,0,0
8,3,9,30,2
8,3,10,42,2
8,3,11,62,3
8,3,12,77,4
8,3,13,75,3
8,3,14,61,2
8,3,15,27,2
8,3,16,18,1
8,3,17,26,1
8,3,18,36,2
8,3,19,47,2
8,3,20,64,3
8,3,21,23,2
8,3,22,0,0
8,3,23,0,0
8,4,0,0,0
8,4,1,0,0
8,4,2,0,0
8,4,3,0,0
8,4,4,0,0
8,4,5,0,0
8,4,6,0,0
8,4,7,0,0
8,4,8,0,0
8,4,9,31,2
8,4,10,51,2
8,4,11,65,3
8,4,12,77,4
8,4,13,82,4
8,4,14,65,3
8,4,15,28,2
8,4,16,26,1
8,4,17,26,2
8,4,18,40,2
8,4,19,49,2
8,4,20,53,3
8,4,21,26,2
8,4,22,0,0
8,4,23,0,0
8,5,0,0,0
8,5,1,0,0
8,5,2,0,0
8,5,3,0,0
8,5,4,0,0
8,5,5,0,0
8,5,6,0,0
8,5,7,0,0
8,5,8,0,0
8,5,9,27,2
8,5,10,46,2
8,5,11,63,4
8,5,12,73,4
8,5,13,71,4
8,5,14,51,3
8,5,15,24,2
8,5,16,22,1
8,5,17,27,1
8,5,18,27,2
8,5,19,46,2
8,5,20,47,2
8,5,21,20,2
8,5,22,0,0
8,5,23,0,0
8,6,0,0,0
8,6,1,0,0
8,6,2,0,0
8,6,3,0,0
8,6,4,0,0
8,6,5,0,0
8,6,6,0,0
8,6,7,0,0
8,6,8,0,0
8,6,9,0,0
8,6,10,0,0
8,6,11,0,0
8,6,12,0,0
8,6,13,0,0
8,6,14,0,0
8,6,15,0,0
8,6,16,0,0
8,6,17,0,0
8,6,18,0,0
8,6,19,0,0
8,6,20,0,0
8,6,21,0,0
8,6,22,0,0
8,6,23,0,0
8,0,0,0,0
8,0,1,0,0
8,0,2,0,0
8,0,3,0,0
8,0,4,0,0
8,0,5,0,0
8,0,6,0,0
8,0,7,0,0
8,0,8,0,0
8,0,9,36,2
8,0,10,43,2
8,0,11,63,3
8,0,12,84,4
8,0,13,81,4
8,0,14,63,3
8,0,15,24,1
8,0,16,25,2
8,0,17,34,2
8,0,18,45,2
8,0,19,58,3
8,0,20,59,3
8,0,21,26,2
8,0,22,0,0
8,0,23,0,0
8,1,0,0,0
8,1,1,0,0
8,1,2,0,0
8,1,3,0,0
8,1,4,0,0
8,1,5,0,0
8,1,6,0,0
8,1,7,0,0
8,1,8,0,0
8,1,9,30,2
8,1,10,45,2
8,1,11,70,3
8,1,12,74,4
8,1,13,74,4
8,1,14,61,3
8,1,15,27,2
8,1,16,20,1
8,1,17,26,1
8,1,18,37,2
8,1,19,56,3
8,1,20,56,3
8,1,21,24,2
8,1,22,0,0
8,1,23,0,0
8,2,0,0,0
8,2,1,0,0
8,2,2,0,0
8,2,3,0,0
8,2,4,0,0
8,2,5,0,0
8,2,6,0,0
8,2,7,0,0
8,2,8,0,0
8,2,9,29,1
8,2,10,47,2
8,2,11,64,3
8,2,12,82,4
8,2,13,74,3
8,2,14,58,3
8,2,15,24,1
8,2,16,23,1
8,2,17,28,2
8,2,18,42,2
8,2,19,54,3
8,2,20,58,2
8,2,21,20,2
8,2,22,0,0
8,2,23,0,0
8,3,0,0,0
8,3,1,0,0
8,3,2,0,0
8,3,3,0,0
8,3,4,0,0
8,3,5,0,0
8,3,6,0,0
8,3,7,0,0
8,3,8,0,0
8,3,9,24,1
8,3,10,40,2
8,3,11,61,3
8,3,12,64,3
8,3,13,78,4
8,3,14,58,3
8,3,15,26,2
8,3,16,25,1
8,3,17,27,1
8,3,18,37,2
8,3,19,54,2
8,3,20,54,3
8,3,21,26,3
8,3,22,0,0
8,3,23,0,0
8,4,0,0,0
8,4,1,0,0
8,4,2,0,0
8,4,3,0,0
8,4,4,0,0
8,4,5,0,0
8,4,6,0,0
8,4,7,0,0
8,4,8,0,0
8,4,9,28,2
8,4,10,45,2
8,4,11,66,4
8,4,12,72,4
8,4,13,76,4
8,4,14,56,3
8,4,15,25,2
8,4,16,22,1
8,4,17,29,2
8,4,18,40,2
8,4,19,48,2
8,4,20,57,3
8,4,21,22,3
8,4,22,0,0
8,4,23,0,0
8,5,0,0,0
8,5,1,0,0
8,5,2,0,0
8,5,3,0,0
8,5,4,0,0
8,5,5,0,0
8,5,6,0,0
8,5,7,0,0
8,5,8,0,0
8,5,9,28,2
8,5,10,48,2
8,5,11,56,3
8,5,12,73,4
8,5,13,75,4
8,5,14,50,3
8,5,15,33,2
8,5,16,22,1
8,5,17,23,2
8,5,18,25,1
8,5,19,42,2
8,5,20,47,2
8,5,21,18,2
8,5,22,0,0
8,5,23,0,0
8,6,0,0,0
8,6,1,0,0
8,6,2,0,0
8,6,3,0,0
8,6,4,0,0
8,6,5,0,0
8,6,6,0,0
8,6,7,0,0
8,6,8,0,0
8,6,9,0,0
8,6,10,0,0
8,6,11,0,0
8,6,12,0,0
8,6,13,0,0
8,6,14,0,0
8,6,15,0,0
8,6,16,0,0
8,6,17,0,0
8,6,18,0,0
8,6,19,0,0
8,6,20,0,0
8,6,21,0,0
8,6,22,0,0
8,6,23,0,0
8,0,0,0,0
8,0,1,0,0
8,0,2,0,0
8,0,3,0,0
8,0,4,0,0
8,0,5,0,0
8,0,6,0,0
8,0,7,0,0
8,0,8,0,0
8,0,9,0,0
8,0,10,0,0
8,0,11,0,0
8,0,12,0,0
8,0,13,0,0
8,0,14,0,0
8,0,15,0,0
8,0,16,0,0
8,0,17,0,0
8,0,18,0,0
8,0,19,0,0
8,0,20,0,0
8,0,21,0,0
8,0,22,0,0
8,0,23,0,0
8,1,0,0,0
8,1,1,0,0
8,1,2,0,0
8,1,3,0,0
8,1,4,0,0
8,1,5,0,0
8,1,6,0,0
8,1,7,0,0
8,1,8,0,0
8,1,9,27,1
8,1,10,45,2
8,1,11,62,3
8,1,12,81,4
8,1,13,90,4
8,1,14,60,3
8,1,15,27,1
8,1,16,19,1
8,1,17,30,2
8,1,18,42,2
8,1,19,58,3
8,1,20,67,3
8,1,21,20,2
8,1,22,0,0
8,1,23,0,0
8,2,0,0,0
8,2,1,0,0
8,2,2,0,0
8,2,3,0,0
8,2,4,0,0
8,2,5,0,0
8,2,6,0,0
8,2,7,0,0
8,2,8,0,0
8,2,9,28,2
8,2,10,45,2
8,2,11,65,3
8,2,12,80,4
8,2,13,77,3
8,2,14,67,3
8,2,15,36,2
8,2,16,22,1
8,2,17,26,1
8,2,18,38,2
8,2,19,53,2
8,2,20,59,3
8,2,21,24,2
8,2,22,0,0
8,2,23,0,0
8,3,0,0,0
8,3,1,0,0
8,3,2,0,0
8,3,3,0,0
8,3,4,0,0
8,3,5,0,0
8,3,6,0,0
8,3,7,0,0
8,3,8,0,0
8,3,9,29,1
8,3,10,41,2
8,3,11,70,3
8,3,12,75,4
8,3,13,78,4
8,3,14,57,3
8,3,15,34,1
8,3,16,24,1
8,3,17,27,1
8,3,18,36,2
8,3,19,52,2
8,3,20,53,2
8,3,21,21,2
8,3,22,0,0
8,3,23,0,0
8,4,0,0,0
8,4,1,0,0
8,4,2,0,0
8,4,3,0,0
8,4,4,0,0
8,4,5,0,0
8,4,6,0,0
8,4,7,0,0
8,4,8,0,0
8,4,9,30,2
8,4,10,46,2
8,4,11,64,3
8,4,12,84,4
8,4,13,78,4
8,4,14,61,3
8,4,15,26,2
8,4,16,18,1
8,4,17,28,1
8,4,18,49,3
8,4,19,48,2
8,4,20,56,3
8,4,21,22,2
8,4,22,0,0
8,4,23,0,0
8,5,0,0,0
8,5,1,0,0
8,5,2,0,0
8,5,3,0,0
8,5,4,0,0
8,5,5,0,0
8,5,6,0,0
8,5,7,0,0
8,5,8,0,0
8,5,9,25,2
8,5,10,47,3
8,5,11,66,4
8,5,12,71,4
8,5,13,72,3
8,5,14,53,3
8,5,15,24,2
8,5,16,20,1
8,5,17,21,1
8,5,18,25,1
8,5,19,39,2
8,5,20,48,2
8,5,21,23,2
8,5,22,0,0
8,5,23,0,0
8,6,0,0,0
8,6,1,0,0
8,6,2,0,0
8,6,3,0,0
8,6,4,0,0
8,6,5,0,0
8,6,6,0,0
8,6,7,0,0
8,6,8,0,0
8,6,9,0,0
8,6,10,0,0
8,6,11,0,0
8,6,12,0,0
8,6,13,0,0
8,6,14,0,0
8,6,15,0,0
8,6,16,0,0
8,6,17,0,0
8,6,18,0,0
8,6,19,0,0
8,6,20,0,0
8,6,21,0,0
8,6,22,0,0
8,6,23,0,0
8,0,0,0,0
8,0,1,0,0
8,0,2,0,0
8,0,3,0,0
8,0,4,0,0
8,0,5,0,0
8,0,6,0,0
8,0,7,0,0
8,0,8,0,0
8,0,9,29,2
8,0,10,45,2
8,0,11,60,3
8,0,12,82,4
8,0,13,83,4
8,0,14,62,3
8,0,15,29,2
8,0,16,22,1
8,0,17,27,1
8,0,18,42,2
8,0,19,56,3
8,0,20,62,3
8,0,21,23,3
8,0,22,0,0
8,0,23,0,0
8,1,0,0,0
8,1,1,0,0
8,1,2,0,0
8,1,3,0,0
8,1,4,0,0
8,1,5,0,0
8,1,6,0,0
8,1,7,0,0
8,1,8,0,0
8,1,9,28,1
8,1,10,48,2
8,1,11,69,3
8,1,12,77,4
8,1,13,79,4
8,1,14,62,3
8,1,15,27,2
8,1,16,20,1
8,1,17,24,1
8,1,18,36,2
8,1,19,55,3
8,1,20,57,3
8,1,21,24,2
8,1,22,0,0
8,1,23,0,0
8,2,0,0,0
8,2,1,0,0
8,2,2,0,0
8,2,3,0,0
8,2,4,0,0
8,2,5,0,0
8,2,6,0,0
8,2,7,0,0
8,2,8,0,0
8,2,9,25,1
8,2,10,45,2
8,2,11,72,3
8,2,12,81,4
8,2,13,75,4
8,2,14,58,3
8,2,15,35,2
8,2,16,18,1
8,2,17,28,1
8,2,18,42,2
8,2,19,55,2
8,2,20,66,3
8,2,21,26,2
8,2,22,0,0
8,2,23,0,0
8,3,0,0,0
8,3,1,0,0
8,3,2,0,0
8,3,3,0,0
8,3,4,0,0
8,3,5,0,0
8,3,6,0,0
8,3,7,0,0
8,3,8,0,0
8,3,9,24,1
8,3,10,41,2
8,3,11,65,3
8,3,12,78,4
8,3,13,83,4
8,3,14,66,3
8,3,15,31,2
8,3,16,22,1
8,3,17,31,1
8,3,18,42,2
8,3,19,56,2
8,3,20,64,3
8,3,21,22,2
8,3,22,0,0
8,3,23,0,0
8,4,0,0,0
8,4,1,0,0
8,4,2,0,0
8,4,3,0,0
8,4,4,0,0
8,4,5,0,0
8,4,6,0,0
8,4,7,0,0
8,4,8,0,0
8,4,9,24,2
8,4,10,47,2
8,4,11,70,3
8,4,12,84,4
8,4,13,85,4
8,4,14,67,3
8,4,15,34,2
8,4,16,22,1
8,4,17,32,2
8,4,18,43,2
8,4,19,51,3
8,4,20,62,3
8,4,21,21,2
8,4,22,0,0
8,4,23,0,0
8,5,0,0,0
8,5,1,0,0
8,5,2,0,0
8,5,3,0,0
8,5,4,0,0
8,5,5,0,0
8,5,6,0,0
8,5,7,0,0
8,5,8,0,0
8,5,9,22,1
8,5,10,50,2
8,5,11,62,3
8,5,12,83,4
8,5,13,77,4
8,5,14,56,3
8,5,15,25,2
8,5,16,25,1
8,5,17,25,1
8,5,18,34,2
8,5,19,43,2
8,5,20,48,2
8,5,21,24,2
8,5,22,0,0
8,5,23,0,0
8,6,0,0,0
8,6,1,0,0
8,6,2,0,0
8,6,3,0,0
8,6,4,0,0
8,6,5,0,0
8,6,6,0,0
8,6,7,0,0
8,6,8,0,0
8,6,9,0,0
8,6,10,0,0
8,6,11,0,0
8,6,12,0,0
8,6,13,0,0
8,6,14,0,0
8,6,15,0,0
8,6,16,0,0
8,6,17,0,0
8,6,18,0,0
8,6,19,0,0
8,6,20,0,0
8,6,21,0,0
8,6,22,0,0
8,6,23,0,0
8,0,0,0,0
8,0,1,0,0
8,0,2,0,0
8,0,3,0,0
8,0,4,0,0
8,0,5,0,0
8,0,6,0,0
8,0,7,0,0
8,0,8,0,0
8,0,9,29,2
8,0,10,45,2
8,0,11,60,3
8,0,12,82,4
8,0,13,83,4
8,0,14,62,3
8,0,15,29,2
8,0,16,22,1
8,0,17,27,1
8,0,18,42,2
8,0,19,56,3
8,0,20,62,3
8,0,21,23,3
8,0,22,0,0
8,0,23,0,0
8,1,0,0,0
8,1,1,0,0
8,1,2,0,0
8,1,3,0,0
8,1,4,0,0
8,1,5,0,0
8,1,6,0,0
8,1,7,0,0
8,1,8,0,0
8,1,9,28,1
8,1,10,48,2
8,1,11,69,3
8,1,12,77,4
8,1,13,79,4
8,1,14,62,3
8,1,15,27,2
8,1,16,20,1
8,1,17,24,1
8,1,18,36,2
8,1,19,55,3
8,1,20,57,3
8,1,21,24,2
8,1,22,0,0
8,1,23,0,0
8,2,0,0,0
8,2,1,0,0
8,2,2,0,0
8,2,3,0,0
8,2,4,0,0
8,2,5,0,0
8,2,6,0,0
8,2,7,0,0
8,2,8,0,0
8,2,9,25,1
8,2,10,45,2
8,2,11,72,3
8,2,12,81,4
8,2,13,75,4
8,2,14,58,3
8,2,15,35,2
8,2,16,18,1
8,2,17,28,1
8,2,18,42,2
8,2,19,55,2
8,2,20,66,3
8,2,21,26,2
8,2,22,0,0
8,2,23,0,0
9,3,0,0,0
9,3,1,0,0
9,3,2,0,0
9,3,3,0,0
9,3,4,0,0
9,3,5,0,0
9,3,6,0,0
9,3,7,0,0
9,3,8,0,0
9,3,9,28,1
9,3,10,47,2
9,3,11,73,4
9,3,12,80,4
9,3,13,87,4
9,3,14,71,3
9,3,15,30,2
9,3,16,25,1
9,3,17,31,1
9,3,18,42,2
9,3,19,66,3
9,3,20,67,3
9,3,21,24,2
9,3,22,0,0
9,3,23,0,0
9,4,0,0,0
9,4,1,0,0
9,4,2,0,0
9,4,3,0,0
9,4,4,0,0
9,4,5,0,0
9,4,6,0,0
9,4,7,0,0
9,4,8,0,0
9,4,9,30,2
9,4,10,47,3
9,4,11,70,4
9,4,12,78,4
9,4,13,93,4
9,4,14,73,4
9,4,15,33,2
9,4,16,20,1
9,4,17,33,2
9,4,18,50,4
9,4,19,66,4
9,4,20,70,4
9,4,21,35,3
9,4,22,0,0
9,4,23,0,0
9,5,0,0,0
9,5,1,0,0
9,5,2,0,0
9,5,3,0,0
9,5,4,0,0
9,5,5,0,0
9,5,6,0,0
9,5,7,0,0
9,5,8,0,0
9,5,9,29,2
9,5,10,54,3
9,5,11,72,4
9,5,12,91,4
9,5,13,97,4
9,5,14,67,4
9,5,15,28,2
9,5,16,25,2
9,5,17,24,2
9,5,18,37,2
9,5,19,52,3
9,5,20,62,3
9,5,21,24,3
9,5,22,0,0
9,5,23,0,0
9,6,0,0,0
9,6,1,0,0
9,6,2,0,0
9,6,3,0,0
9,6,4,0,0
9,6,5,0,0
9,6,6,0,0
9,6,7,0,0
9,6,8,0,0
9,6,9,0,0
9,6,10,0,0
9,6,11,0,0
9,6,12,0,0
9,6,13,0,0
9,6,14,0,0
9,6,15,0,0
9,6,16,0,0
9,6,17,0,0
9,6,18,0,0
9,6,19,0,0
9,6,20,0,0
9,6,21,0,0
9,6,22,0,0
9,6,23,0,0
9,0,0,0,0
9,0,1,0,0
9,0,2,0,0
9,0,3,0,0
9,0,4,0,0
9,0,5,0,0
9,0,6,0,0
9,0,7,0,0
9,0,8,0,0
9,0,9,35,2
9,0,10,62,3
9,0,11,75,4
9,0,12,96,4
9,0,13,108,4
9,0,14,77,3
9,0,15,36,2
9,0,16,25,1
9,0,17,37,2
9,0,18,59,3
9,0,19,77,3
9,0,20,90,4
9,0,21,30,3
9,0,22,0,0
9,0,23,0,0
9,1,0,0,0
9,1,1,0,0
9,1,2,0,0
9,1,3,0,0
9,1,4,0,0
9,1,5,0,0
9,1,6,0,0
9,1,7,0,0
9,1,8,0,0
9,1,9,32,1
9,1,10,52,2
9,1,11,85,3
9,1,12,90,4
9,1,13,97,4
9,1,14,75,3
9,1,15,32,2
9,1,16,25,1
9,1,17,38,2
9,1,18,50,2
9,1,19,71,3
9,1,20,88,4
9,1,21,28,3
9,1,22,0,0
9,1,23,0,0
9,2,0,0,0
9,2,1,0,0
9,2,2,0,0
9,2,3,0,0
9,2,4,0,0
9,2,5,0,0
9,2,6,0,0
9,2,7,0,0
9,2,8,0,0
9,2,9,30,1
9,2,10,50,2
9,2,11,68,3
9,2,12,87,3
9,2,13,93,4
9,2,14,73,3
9,2,15,31,2
9,2,16,24,1
9,2,17,34,2
9,2,18,52,2
9,2,19,70,3
9,2,20,83,3
9,2,21,27,2
9,2,22,0,0
9,2,23,0,0
9,3,0,0,0
9,3,1,0,0
9,3,2,0,0
9,3,3,0,0
9,3,4,0,0
9,3,5,0,0
9,3,6,0,0
9,3,7,0,0
9,3,8,0,0
9,3,9,0,0
9,3,10,0,0
9,3,11,0,0
9,3,12,0,0
9,3,13,0,0
9,3,14,0,0
9,3,15,0,0
9,3,16,0,0
9,3,17,0,0
9,3,18,0,0
9,3,19,0,0
9,3,20,0,0
9,3,21,0,0
9,3,22,0,0
9,3,23,0,0
9,4,0,0,0
9,4,1,0,0
9,4,2,0,0
9,4,3,0,0
9,4,4,0,0
9,4,5,0,0
9,4,6,0,0
9,4,7,0,0
9,4,8,0,0
9,4,9,34,2
9,4,10,57,3
9,4,11,81,4
9,4,12,83,4
9,4,13,94,4
9,4,14,75,3
9,4,15,45,2
9,4,16,26,1
9,4,17,36,2
9,4,18,54,3
9,4,19,63,3
9,4,20,76,3
9,4,21,26,2
9,4,22,0,0
9,4,23,0,0
9,5,0,0,0
9,5,1,0,0
9,5,2,0,0
9,5,3,0,0
9,5,4,0,0
9,5,5,0,0
9,5,6,0,0
9,5,7,0,0
9,5,8,0,0
9,5,9,29,2
9,5,10,53,3
9,5,11,70,4
9,5,12,93,4
9,5,13,91,4
9,5,14,71,4
9,5,15,28,2
9,5,16,25,1
9,5,17,28,1
9,5,18,39,2
9,5,19,50,3
9,5,20,69,3
9,5,21,20,2
9,5,22,0,0
9,5,23,0,0
9,6,0,0,0
9,6,1,0,0
9,6,2,0,0
9,6,3,0,0
9,6,4,0,0
9,6,5,0,0
9,6,6,0,0
9,6,7,0,0
9,6,8,0,0
9,6,9,0,0
9,6,10,0,0
9,6,11,0,0
9,6,12,0,0
9,6,13,0,0
9,6,14,0,0
9,6,15,0,0
9,6,16,0,0
9,6,17,0,0
9,6,18,0,0
9,6,19,0,0
9,6,20,0,0
9,6,21,0,0
9,6,22,0,0
9,6,23,0,0
9,0,0,0,0
9,0,1,0,0
9,0,2,0,0
9,0,3,0,0
9,0,4,0,0
9,0,5,0,0
9,0,6,0,0
9,0,7,0,0
9,0,8,0,0
9,0,9,37,2
9,0,10,53,3
9,0,11,81,4
9,0,12,95,4
9,0,13,104,4
9,0,14,80,3
9,0,15,34,2
9,0,16,33,2
9,0,17,38,2
9,0,18,62,3
9,0,19,85,4
9,0,20,91,4
9,0,21,29,3
9,0,22,0,0
9,0,23,0,0
9,1,0,0,0
9,1,1,0,0
9,1,2,0,0
9,1,3,0,0
9,1,4,0,0
9,1,5,0,0
9,1,6,0,0
9,1,7,0,0
9,1,8,0,0
9,1,9,44,2
9,1,10,54,3
9,1,11,73,4
9,1,12,95,4
9,1,13,100,4
9,1,14,75,3
9,1,15,34,2
9,1,16,26,1
9,1,17,37,2
9,1,18,57,2
9,1,19,75,4
9,1,20,78,4
9,1,21,27,3
9,1,22,0,0
9,1,23,0,0
9,2,0,0,0
9,2,1,0,0
9,2,2,0,0
9,2,3,0,0
9,2,4,0,0
9,2,5,0,0
9,2,6,0,0
9,2,7,0,0
9,2,8,0,0
9,2,9,37,2
9,2,10,57,2
9,2,11,78,4
9,2,12,97,4
9,2,13,92,4
9,2,14,75,3
9,2,15,34,2
9,2,16,28,2
9,2,17,37,2
9,2,18,58,3
9,2,19,75,4
9,2,20,78,4
9,2,21,30,3
9,2,22,0,0
9,2,23,0,0
9,3,0,0,0
9,3,1,0,0
9,3,2,0,0
9,3,3,0,0
9,3,4,0,0
9,3,5,0,0
9,3,6,0,0
9,3,7,0,0
9,3,8,0,0
9,3,9,36,2
9,3,10,52,3
9,3,11,79,4
9,3,12,92,4
9,3,13,94,4
9,3,14,75,3
9,3,15,37,2
9,3,16,31,1
9,3,17,35,2
9,3,18,58,2
9,3,19,76,3
9,3,20,83,4
9,3,21,34,3
9,3,22,0,0
9,3,23,0,0
9,4,0,0,0
9,4,1,0,0
9,4,2,0,0
9,4,3,0,0
9,4,4,0,0
9,4,5,0,0
9,4,6,0,0
9,4,7,0,0
9,4,8,0,0
9,4,9,41,2
9,4,10,51,3
9,4,11,75,4
9,4,12,92,4
9,4,13,107,4
9,4,14,78,4
9,4,15,34,2
9,4,16,30,2
9,4,17,34,2
9,4,18,56,3
9,4,19,74,4
9,4,20,88,4
9,4,21,36,4
9,4,22,0,0
9,4,23,0,0
9,5,0,0,0
9,5,1,0,0
9,5,2,0,0
9,5,3,0,0
9,5,4,0,0
9,5,5,0,0
9,5,6,0,0
9,5,7,0,0
9,5,8,0,0
9,5,9,30,2
9,5,10,55,3
9,5,11,87,4
9,5,12,94,4
9,5,13,105,4
9,5,14,77,4
9,5,15,28,2
9,5,16,24,1
9,5,17,23,1
9,5,18,44,2
9,5,19,55,3
9,5,20,63,3
9,5,21,31,3
9,5,22,0,0
9,5,23,0,0
9,6,0,0,0
9,6,1,0,0
9,6,2,0,0
9,6,3,0,0
9,6,4,0,0
9,6,5,0,0
9,6,6,0,0
9,6,7,0,0
9,6,8,0,0
9,6,9,0,0
9,6,10,0,0
9,6,11,0,0
9,6,12,0,0
9,6,13,0,0
9,6,14,0,0
9,6,15,0,0
9,6,16,0,0
9,6,17,0,0
9,6,18,0,0
9,6,19,0,0
9,6,20,0,0
9,6,21,0,0
9,6,22,0,0
9,6,23,0,0
9,0,0,0,0
9,0,1,0,0
9,0,2,0,0
9,0,3,0,0
9,0,4,0,0
9,0,5,0,0
9,0,6,0,0
9,0,7,0,0
9,0,8,0,0
9,0,9,41,2
9,0,10,57,3
9,0,11,80,4
9,0,12,96,4
9,0,13,105,4
9,0,14,87,4
9,0,15,36,2
9,0,16,29,2
9,0,17,44,2
9,0,18,60,2
9,0,19,83,4
9,0,20,92,4
9,0,21,34,3
9,0,22,0,0
9,0,23,0,0
9,1,0,0,0
9,1,1,0,0
9,1,2,0,0
9,1,3,0,0
9,1,4,0,0
9,1,5,0,0
9,1,6,0,0
9,1,7,0,0
9,1,8,0,0
9,1,9,38,2
9,1,10,54,2
9,1,11,83,3
9,1,12,98,4
9,1,13,99,4
9,1,14,85,4
9,1,15,29,2
9,1,16,26,1
9,1,17,36,2
9,1,18,57,2
9,1,19,81,4
9,1,20,85,4
9,1,21,27,2
9,1,22,0,0
9,1,23,0,0
9,2,0,0,0
9,2,1,0,0
9,2,2,0,0
9,2,3,0,0
9,2,4,0,0
9,2,5,0,0
9,2,6,0,0
9,2,7,0,0
9,2,8,0,0
9,2,9,0,0
9,2,10,0,0
9,2,11,0,0
9,2,12,0,0
9,2,13,0,0
9,2,14,0,0
9,2,15,0,0
9,2,16,0,0
9,2,17,0,0
9,2,18,0,0
9,2,19,0,0
9,2,20,0,0
9,2,21,0,0
9,2,22,0,0
9,2,23,0,0
9,3,0,0,0
9,3,1,0,0
9,3,2,0,0
9,3,3,0,0
9,3,4,0,0
9,3,5,0,0
9,3,6,0,0
9,3,7,0,0
9,3,8,0,0
9,3,9,38,2
9,3,10,55,2
9,3,11,72,3
9,3,12,88,4
9,3,13,92,4
9,3,14,73,3
9,3,15,36,2
9,3,16,27,1
9,3,17,37,2
9,3,18,57,2
9,3,19,71,3
9,3,20,82,3
9,3,21,25,2
9,3,22,0,0
9,3,23,0,0
9,4,0,0,0
9,4,1,0,0
9,4,2,0,0
9,4,3,0,0
9,4,4,0,0
9,4,5,0,0
9,4,6,0,0
9,4,7,0,0
9,4,8,0,0
9,4,9,39,2
9,4,10,58,3
9,4,11,82,4
9,4,12,93,4
9,4,13,101,4
9,4,14,80,4
9,4,15,34,2
9,4,16,29,2
9,4,17,37,2
9,4,18,55,2
9,4,19,64,3
9,4,20,71,3
9,4,21,25,2
9,4,22,0,0
9,4,23,0,0
9,5,0,0,0
9,5,1,0,0
9,5,2,0,0
9,5,3,0,0
9,5,4,0,0
9,5,5,0,0
9,5,6,0,0
9,5,7,0,0
9,5,8,0,0
9,5,9,29,2
9,5,10,52,3
9,5,11,79,4
9,5,12,96,4
9,5,13,106,4
9,5,14,75,4
9,5,15,35,2
9,5,16,22,1
9,5,17,28,2
9,5,18,45,2
9,5,19,56,3
9,5,20,72,3
9,5,21,31,3
9,5,22,0,0
9,5,23,0,0
9,6,0,0,0
9,6,1,0,0
9,6,2,0,0
9,6,3,0,0
9,6,4,0,0
9,6,5,0,0
9,6,6,0,0
9,6,7,0,0
9,6,8,0,0
9,6,9,0,0
9,6,10,0,0
9,6,11,0,0
9,6,12,0,0
9,6,13,0,0
9,6,14,0,0
9,6,15,0,0
9,6,16,0,0
9,6,17,0,0
9,6,18,0,0
9,6,19,0,0
9,6,20,0,0
9,6,21,0,0
9,6,22,0,0
9,6,23,0,0
9,0,0,0,0
9,0,1,0,0
9,0,2,0,0
9,0,3,0,0
9,0,4,0,0
9,0,5,0,0
9,0,6,0,0
9,0,7,0,0
9,0,8,0,0
9,0,9,43,2
9,0,10,55,2
9,0,11,82,4
9,0,12,95,4
9,0,13,101,4
9,0,14,84,4
9,0,15,43,2
9,0,16,32,2
9,0,17,36,2
9,0,18,65,3
9,0,19,90,4
9,0,20,88,4
9,0,21,31,3
9,0,22,0,0
9,0,23,0,0
9,1,0,0,0
9,1,1,0,0
9,1,2,0,0
9,1,3,0,0
9,1,4,0,0
9,1,5,0,0
9,1,6,0,0
9,1,7,0,0
9,1,8,0,0
9,1,9,41,2
9,1,10,54,3
9,1,11,83,4
9,1,12,97,4
9,1,13,96,4
9,1,14,82,3
9,1,15,44,2
9,1,16,27,1
9,1,17,35,2
9,1,18,58,2
9,1,19,80,3
9,1,20,86,4
9,1,21,25,2
9,1,22,0,0
9,1,23,0,0
9,2,0,0,0
9,2,1,0,0
9,2,2,0,0
9,2,3,0,0
9,2,4,0,0
9,2,5,0,0
9,2,6,0,0
9,2,7,0,0
9,2,8,0,0
9,2,9,38,2
9,2,10,54,2
9,2,11,77,3
9,2,12,95,4
9,2,13,103,4
9,2,14,80,3
9,2,15,38,2
9,2,16,28,1
9,2,17,35,2
9,2,18,57,3
9,2,19,79,4
9,2,20,78,3
9,2,21,24,2
9,2,22,0,0
9,2,23,0,0
9,3,0,0,0
9,3,1,0,0
9,3,2,0,0
9,3,3,0,0
9,3,4,0,0
9,3,5,0,0
9,3,6,0,0
9,3,7,0,0
9,3,8,0,0
9,3,9,38,2
9,3,10,55,2
9,3,11,72,3
9,3,12,88,4
9,3,13,92,4
9,3,14,73,3
9,3,15,36,2
9,3,16,27,1
9,3,17,37,2
9,3,18,57,2
9,3,19,71,3
9,3,20,82,3
9,3,21,25,2
9,3,22,0,0
9,3,23,0,0
9,4,0,0,0
9,4,1,0,0
9,4,2,0,0
9,4,3,0,0
9,4,4,0,0
9,4,5,0,0
9,4,6,0,0
9,4,7,0,0
9,4,8,0,0
9,4,9,39,2
9,4,10,58,3
9,4,11,82,4
9,4,12,93,4
9,4,13,101,4
9,4,14,80,4
9,4,15,34,2
9,4,16,29,2
9,4,17,37,2
9,4,18,55,2
9,4,19,64,3
9,4,20,71,3
9,4,21,25,2
9,4,22,0,0
9,4,23,0,0
10,5,0,0,0
10,5,1,0,0
10,5,2,0,0
10,5,3,0,0
10,5,4,0,0
10,5,5,0,0
10,5,6,0,0
10,5,7,0,0
10,5,8,0,0
10,5,9,30,2
10,5,10,55,3
10,5,11,75,4
10,5,12,102,4
10,5,13,106,4
10,5,14,76,4
10,5,15,31,2
10,5,16,24,1
10,5,17,28,2
10,5,18,45,3
10,5,19,56,2
10,5,20,67,4
10,5,21,25,2
10,5,22,0,0
10,5,23,0,0
10,6,0,0,0
10,6,1,0,0
10,6,2,0,0
10,6,3,0,0
10,6,4,0,0
10,6,5,0,0
10,6,6,0,0
10,6,7,0,0
10,6,8,0,0
10,6,9,0,0
10,6,10,0,0
10,6,11,0,0
10,6,12,0,0
10,6,13,0,0
10,6,14,0,0
10,6,15,0,0
10,6,16,0,0
10,6,17,0,0
10,6,18,0,0
10,6,19,0,0
10,6,20,0,0
10,6,21,0,0
10,6,22,0,0
10,6,23,0,0
10,0,0,0,0
10,0,1,0,0
10,0,2,0,0
10,0,3,0,0
10,0,4,0,0
10,0,5,0,0
10,0,6,0,0
10,0,7,0,0
10,0,8,0,0
10,0,9,42,2
10,0,10,53,2
10,0,11,74,3
10,0,12,101,4
10,0,13,106,4
10,0,14,91,4
10,0,15,38,2
10,0,16,29,1
10,0,17,46,2
10,0,18,58,2
10,0,19,94,4
10,0,20,95,4
10,0,21,26,2
10,0,22,0,0
10,0,23,0,0
10,1,0,0,0
10,1,1,0,0
10,1,2,0,0
10,1,3,0,0
10,1,4,0,0
10,1,5,0,0
10,1,6,0,0
10,1,7,0,0
10,1,8,0,0
10,1,9,44,2
10,1,10,54,2
10,1,11,74,3
10,1,12,93,4
10,1,13,109,4
10,1,14,83,3
10,1,15,39,2
10,1,16,33,1
10,1,17,40,2
10,1,18,63,2
10,1,19,83,3
10,1,20,86,4
10,1,21,24,2
10,1,22,0,0
10,1,23,0,0
10,2,0,0,0
10,2,1,0,0
10,2,2,0,0
10,2,3,0,0
10,2,4,0,0
10,2,5,0,0
10,2,6,0,0
10,2,7,0,0
10,2,8,0,0
10,2,9,41,2
10,2,10,56,2
10,2,11,80,3
10,2,12,96,4
10,2,13,98,4
10,2,14,74,3
10,2,15,37,2
10,2,16,30,1
10,2,17,39,2
10,2,18,58,3
10,2,19,89,4
10,2,20,86,4
10,2,21,26,2
10,2,22,0,0
10,2,23,0,0
10,3,0,0,0
10,3,1,0,0
10,3,2,0,0
10,3,3,0,0
10,3,4,0,0
10,3,5,0,0
10,3,6,0,0
10,3,7,0,0
10,3,8,0,0
10,3,9,35,2
10,3,10,51,2
10,3,11,72,3
10,3,12,93,4
10,3,13,92,4
10,3,14,85,3
10,3,15,40,2
10,3,16,31,2
10,3,17,38,2
10,3,18,60,2
10,3,19,79,3
10,3,20,79,3
10,3,21,24,2
10,3,22,0,0
10,3,23,0,0
10,4,0,0,0
10,4,1,0,0
10,4,2,0,0
10,4,3,0,0
10,4,4,0,0
10,4,5,0,0
10,4,6,0,0
10,4,7,0,0
10,4,8,0,0
10,4,9,40,2
10,4,10,58,3
10,4,11,82,4
10,4,12,99,4
10,4,13,100,4
10,4,14,84,4
10,4,15,37,2
10,4,16,28,1
10,4,17,37,2
10,4,18,57,3
10,4,19,76,4
10,4,20,72,4
10,4,21,25,2
10,4,22,0,0
10,4,23,0,0
10,5,0,0,0
10,5,1,0,0
10,5,2,0,0
10,5,3,0,0
10,5,4,0,0
10,5,5,0,0
10,5,6,0,0
10,5,7,0,0
10,5,8,0,0
10,5,9,24,2
10,5,10,56,3
10,5,11,81,4
10,5,12,97,4
10,5,13,103,4
10,5,14,71,4
10,5,15,27,2
10,5,16,28,2
10,5,17,28,2
10,5,18,44,2
10,5,19,61,3
10,5,20,72,3
10,5,21,23,2
10,5,22,0,0
10,5,23,0,0
10,6,0,0,0
10,6,1,0,0
10,6,2,0,0
10,6,3,0,0
10,6,4,0,0
10,6,5,0,0
10,6,6,0,0
10,6,7,0,0
10,6,8,0,0
10,6,9,0,0
10,6,10,0,0
10,6,11,0,0
10,6,12,0,0
10,6,13,0,0
10,6,14,0,0
10,6,15,0,0
10,6,16,0,0
10,6,17,0,0
10,6,18,0,0
10,6,19,0,0
10,6,20,0,0
10,6,21,0,0
10,6,22,0,0
10,6,23,0,0
10,0,0,0,0
10,0,1,0,0
10,0,2,0,0
10,0,3,0,0
10,0,4,0,0
10,0,5,0,0
10,0,6,0,0
10,0,7,0,0
10,0,8,0,0
10,0,9,42,2
10,0,10,55,3
10,0,11,73,3
10,0,12,100,4
10,0,13,104,4
10,0,14,87,3
10,0,15,40,2
10,0,16,33,2
10,0,17,49,2
10,0,18,67,3
10,0,19,102,4
10,0,20,88,4
10,0,21,30,2
10,0,22,0,0
10,0,23,0,0
10,1,0,0,0
10,1,1,0,0
10,1,2,0,0
10,1,3,0,0
10,1,4,0,0
10,1,5,0,0
10,1,6,0,0
10,1,7,0,0
10,1,8,0,0
10,1,9,45,2
10,1,10,54,2
10,1,11,83,4
10,1,12,97,4
10,1,13,101,4
10,1,14,88,3
10,1,15,40,2
10,1,16,30,1
10,1,17,36,2
10,1,18,64,3
10,1,19,87,3
10,1,20,87,4
10,1,21,27,2
10,1,22,0,0
10,1,23,0,0
10,2,0,0,0
10,2,1,0,0
10,2,2,0,0
10,2,3,0,0
10,2,4,0,0
10,2,5,0,0
10,2,6,0,0
10,2,7,0,0
10,2,8,0,0
10,2,9,0,0
10,2,10,0,0
10,2,11,0,0
10,2,12,0,0
10,2,13,0,0
10,2,14,0,0
10,2,15,0,0
10,2,16,0,0
10,2,17,0,0
10,2,18,0,0
10,2,19,0,0
10,2,20,0,0
10,2,21,0,0
10,2,22,0,0
10,2,23,0,0
10,3,0,0,0
10,3,1,0,0
10,3,2,0,0
10,3,3,0,0
10,3,4,0,0
10,3,5,0,0
10,3,6,0,0
10,3,7,0,0
10,3,8,0,0
10,3,9,42,2
10,3,10,54,3
10,3,11,76,3
10,3,12,93,4
10,3,13,99,4
10,3,14,78,3
10,3,15,45,2
10,3,16,29,1
10,3,17,41,2
10,3,18,61,3
10,3,19,83,4
10,3,20,81,4
10,3,21,29,3
10,3,22,0,0
10,3,23,0,0
10,4,0,0,0
10,4,1,0,0
10,4,2,0,0
10,4,3,0,0
10,4,4,0,0
10,4,5,0,0
10,4,6,0,0
10,4,7,0,0
10,4,8,0,0
10,4,9,42,2
10,4,10,59,3
10,4,11,92,4
10,4,12,100,4
10,4,13,99,4
10,4,14,89,4
10,4,15,38,2
10,4,16,31,2
10,4,17,44,2
10,4,18,60,3
10,4,19,77,4
10,4,20,86,4
10,4,21,29,3
10,4,22,0,0
10,4,23,0,0
10,5,0,0,0
10,5,1,0,0
10,5,2,0,0
10,5,3,0,0
10,5,4,0,0
10,5,5,0,0
10,5,6,0,0
10,5,7,0,0
10,5,8,0,0
10,5,9,28,2
10,5,10,51,2
10,5,11,77,4
10,5,12,103,4
10,5,13,106,4
10,5,14,80,4
10,5,15,32,2
10,5,16,24,2
10,5,17,32,2
10,5,18,50,3
10,5,19,59,3
10,5,20,73,4
10,5,21,27,3
10,5,22,0,0
10,5,23,0,0
10,6,0,0,0
10,6,1,0,0
10,6,2,0,0
10,6,3,0,0
10,6,4,0,0
10,6,5,0,0
10,6,6,0,0
10,6,7,0,0
10,6,8,0,0
10,6,9,0,0
10,6,10,0,0
10,6,11,0,0
10,6,12,0,0
10,6,13,0,0
10,6,14,0,0
10,6,15,0,0
10,6,16,0,0
10,6,17,0,0
10,6,18,0,0
10,6,19,0,0
10,6,20,0,0
10,6,21,0,0
10,6,22,0,0
10,6,23,0,0
10,0,0,0,0
10,0,1,0,0
10,0,2,0,0
10,0,3,0,0
10,0,4,0,0
10,0,5,0,0
10,0,6,0,0
10,0,7,0,0
10,0,8,0,0
10,0,9,41,2
10,0,10,55,3
10,0,11,80,4
10,0,12,94,4
10,0,13,106,4
10,0,14,86,3
10,0,15,35,2
10,0,16,37,2
10,0,17,42,2
10,0,18,64,3
10,0,19,85,4
10,0,20,90,4
10,0,21,28,3
10,0,22,0,0
10,0,23,0,0
10,1,0,0,0
10,1,1,0,0
10,1,2,0,0
10,1,3,0,0
10,1,4,0,0
10,1,5,0,0
10,1,6,0,0
10,1,7,0,0
10,1,8,0,0
10,1,9,41,2
10,1,10,52,2
10,1,11,77,3
10,1,12,99,4
10,1,13,103,4
10,1,14,79,3
10,1,15,37,2
10,1,16,30,1
10,1,17,34,2
10,1,18,57,2
10,1,19,78,3
10,1,20,75,3
10,1,21,26,2
10,1,22,0,0
10,1,23,0,0
10,2,0,0,0
10,2,1,0,0
10,2,2,0,0
10,2,3,0,0
10,2,4,0,0
10,2,5,0,0
10,2,6,0,0
10,2,7,0,0
10,2,8,0,0
10,2,9,39,2
10,2,10,51,2
10,2,11,78,3
10,2,12,89,4
10,2,13,98,4
10,2,14,80,3
10,2,15,38,2
10,2,16,33,2
10,2,17,37,2
10,2,18,61,3
10,2,19,83,3
10,2,20,71,3
10,2,21,24,2
10,2,22,0,0
10,2,23,0,0
10,3,0,0,0
10,3,1,0,0
10,3,2,0,0
10,3,3,0,0
10,3,4,0,0
10,3,5,0,0
10,3,6,0,0
10,3,7,0,0
10,3,8,0,0
10,3,9,38,2
10,3,10,55,3
10,3,11,79,4
10,3,12,94,4
10,3,13,102,4
10,3,14,81,3
10,3,15,38,2
10,3,16,34,2
10,3,17,42,2
10,3,18,60,3
10,3,19,80,4
10,3,20,69,3
10,3,21,28,2
10,3,22,0,0
10,3,23,0,0
10,4,0,0,0
10,4,1,0,0
10,4,2,0,0
10,4,3,0,0
10,4,4,0,0
10,4,5,0,0
10,4,6,0,0
10,4,7,0,0
10,4,8,0,0
10,4,9,42,2
10,4,10,56,3
10,4,11,80,3
10,4,12,97,4
10,4,13,105,4
10,4,14,80,3
10,4,15,37,2
10,4,16,33,2
10,4,17,36,2
10,4,18,57,3
10,4,19,69,3
10,4,20,78,4
10,4,21,27,3
10,4,22,0,0
10,4,23,0,0
10,5,0,0,0
10,5,1,0,0
10,5,2,0,0
10,5,3,0,0
10,5,4,0,0
10,5,5,0,0
10,5,6,0,0
10,5,7,0,0
10,5,8,0,0
10,5,9,27,2
10,5,10,51,3
10,5,11,89,4
10,5,12,96,4
10,5,13,108,4
10,5,14,83,4
10,5,15,31,2
10,5,16,26,2
10,5,17,33,2
10,5,18,48,3
10,5,19,68,4
10,5,20,70,4
10,5,21,26,2
10,5,22,0,0
10,5,23,0,0
10,6,0,0,0
10,6,1,0,0
10,6,2,0,0
10,6,3,0,0
10,6,4,0,0
10,6,5,0,0
10,6,6,0,0
10,6,7,0,0
10,6,8,0,0
10,6,9,0,0
10,6,10,0,0
10,6,11,0,0
10,6,12,0,0
10,6,13,0,0
10,6,14,0,0
10,6,15,0,0
10,6,16,0,0
10,6,17,0,0
10,6,18,0,0
10,6,19,0,0
10,6,20,0,0
10,6,21,0,0
10,6,22,0,0
10,6,23,0,0
10,0,0,0,0
10,0,1,0,0
10,0,2,0,0
10,0,3,0,0
10,0,4,0,0
10,0,5,0,0
10,0,6,0,0
10,0,7,0,0
10,0,8,0,0
10,0,9,44,2
10,0,10,59,3
10,0,11,85,4
10,0,12,103,4
10,0,13,103,4
10,0,14,84,4
10,0,15,37,2
10,0,16,29,1
10,0,17,41,2
10,0,18,76,3
10,0,19,94,4
10,0,20,80,4
10,0,21,25,2
10,0,22,0,0
10,0,23,0,0
10,1,0,0,0
10,1,1,0,0
10,1,2,0,0
10,1,3,0,0
10,1,4,0,0
10,1,5,0,0
10,1,6,0,0
10,1,7,0,0
10,1,8,0,0
10,1,9,45,2
10,1,10,60,3
10,1,11,89,4
10,1,12,93,4
10,1,13,102,4
10,1,14,88,4
10,1,15,43,2
10,1,16,31,2
10,1,17,42,2
10,1,18,66,3
10,1,19,92,4
10,1,20,80,3
10,1,21,26,2
10,1,22,0,0
10,1,23,0,0
10,2,0,0,0
10,2,1,0,0
10,2,2,0,0
10,2,3,0,0
10,2,4,0,0
10,2,5,0,0
10,2,6,0,0
10,2,7,0,0
10,2,8,0,0
10,2,9,39,2
10,2,10,59,3
10,2,11,81,4
10,2,12,100,4
10,2,13,106,4
10,2,14,88,3
10,2,15,39,2
10,2,16,28,1
10,2,17,37,2
10,2,18,62,3
10,2,19,82,4
10,2,20,74,3
10,2,21,27,2
10,2,22,0,0
10,2,23,0,0
10,3,0,0,0
10,3,1,0,0
10,3,2,0,0
10,3,3,0,0
10,3,4,0,0
10,3,5,0,0
10,3,6,0,0
10,3,7,0,0
10,3,8,0,0
10,3,9,40,2
10,3,10,52,2
10,3,11,75,3
10,3,12,94,4
10,3,13,94,4
10,3,14,78,3
10,3,15,42,2
10,3,16,29,2
10,3,17,38,2
10,3,18,61,3
10,3,19,82,4
10,3,20,78,4
10,3,21,24,2
10,3,22,0,0
10,3,23,0,0
10,4,0,0,0
10,4,1,0,0
10,4,2,0,0
10,4,3,0,0
10,4,4,0,0
10,4,5,0,0
10,4,6,0,0
10,4,7,0,0
10,4,8,0,0
10,4,9,39,2
10,4,10,53,3
10,4,11,77,4
10,4,12,92,4
10,4,13,99,4
10,4,14,81,3
10,4,15,43,2
10,4,16,30,2
10,4,17,41,2
10,4,18,57,3
10,4,19,75,4
10,4,20,74,4
10,4,21,25,2
10,4,22,0,0
10,4,23,0,0
10,5,0,0,0
10,5,1,0,0
10,5,2,0,0
10,5,3,0,0
10,5,4,0,0
10,5,5,0,0
10,5,6,0,0
10,5,7,0,0
10,5,8,0,0
10,5,9,27,2
10,5,10,51,3
10,5,11,89,4
10,5,12,96,4
10,5,13,108,4
10,5,14,83,4
10,5,15,31,2
10,5,16,26,2
10,5,17,33,2
10,5,18,48,3
10,5,19,68,4
10,5,20,70,4
10,5,21,26,2
10,5,22,0,0
10,5,23,0,0
10,6,0,0,0
10,6,1,0,0
10,6,2,0,0
10,6,3,0,0
10,6,4,0,0
10,6,5,0,0
10,6,6,0,0
10,6,7,0,0
10,6,8,0,0
10,6,9,0,0
10,6,10,0,0
10,6,11,0,0
10,6,12,0,0
10,6,13,0,0
10,6,14,0,0
10,6,15,0,0
10,6,16,0,0
10,6,17,0,0
10,6,18,0,0
10,6,19,0,0
10,6,20,0,0
10,6,21,0,0
10,6,22,0,0
10,6,23,0,0
10,0,0,0,0
10,0,1,0,0
10,0,2,0,0
10,0,3,0,0
10,0,4,0,0
10,0,5,0,0
10,0,6,0,0
10,0,7,0,0
10,0,8,0,0
10,0,9,44,2
10,0,10,59,3
10,0,11,85,4
10,0,12,103,4
10,0,13,103,4
10,0,14,84,4
10,0,15,37,2
10,0,16,29,1
10,0,17,41,2
10,0,18,76,3
10,0,19,94,4
10,0,20,80,4
10,0,21,25,2
